LFQ intensity SR_1	LFQ intensity SR2	LFQ intensity SR3	LFQ intensity SR4	LFQ intensity SR5	LFQ intensity SS1	LFQ intensity SS2	LFQ intensity SS3	LFQ intensity SS4	LFQ intensity SS5	Only identified by site	Reverse	Potential contaminant	Peptides	Razor + unique peptides	Unique peptides	Sequence coverage [%]	Unique + razor sequence coverage [%]	Unique sequence coverage [%]	Mol. weight [kDa]	Q-value	Score	Intensity	MS/MS count	Fasta headers	Protein IDs	Majority protein IDs	id
190400000	184680000	195590000	162310000	134310000	176200000	196860000	121770000	182160000	203350000				9	9	4	10.2	10.2	4.7	110.86	0	36.032	2721700000	49	ACYPI000001-PA Aminopeptidase N-like protein	ACYPI000001-PAAminopeptidaseN-likeprotein	ACYPI000001-PAAminopeptidaseN-likeprotein	0
1006000000	905020000	666390000	850200000	707730000	514530000	548680000	501620000	563670000	448560000				17	17	16	32.5	32.5	31.4	68.691	0	269.31	10183000000	169	ACYPI000002-PA CG30359	ACYPI000002-PACG30359;ACYPI073881-PAmaltaseH	ACYPI000002-PACG30359	1
57992000	65263000	0	54805000	52117000	0	0	0	0	64180000				5	5	5	14.9	14.9	14.9	37.786	0	44.964	740140000	26	ACYPI000003-PA Cathepsin B	ACYPI000003-PACathepsinB	ACYPI000003-PACathepsinB	2
94660000	117290000	122450000	127560000	98664000	0	131010000	147100000	136610000	142850000				8	8	8	55.6	55.6	55.6	23.123	0	116.79	1891800000	51	ACYPI000005-PA rna-binding protein precursor	ACYPI000005-PArna-bindingproteinprecursor	ACYPI000005-PArna-bindingproteinprecursor	4
369260000	348630000	171330000	246240000	481400000	82074000	210680000	95660000	84491000	248140000				1	1	1	5.8	5.8	5.8	38.942	0	81.956	3921600000	32	ACYPI000008-PA cathepsin B-912	ACYPI000008-PAcathepsinB-912	ACYPI000008-PAcathepsinB-912	6
0	99437000	103690000	100550000	0	101770000	83023000	84078000	76004000	99602000				3	3	1	8.5	8.5	3.6	52.058	0	39.453	1378700000	40	ACYPI000011-PA serine carboxypeptidase CPVL	ACYPI000011-PAserinecarboxypeptidaseCPVL	ACYPI000011-PAserinecarboxypeptidaseCPVL	9
99315000	80400000	55059000	108060000	97184000	0	0	0	0	86646000				3	3	3	18.2	18.2	18.2	37.825	0	71.43	977220000	25	ACYPI000014-PA Cathepsin B-S	ACYPI000014-PACathepsinB-S	ACYPI000014-PACathepsinB-S	10
654450000	843060000	829660000	731630000	636080000	781140000	686940000	691470000	662850000	703450000				22	22	22	54.2	54.2	54.2	44.672	0	323.31	12278000000	296	ACYPI000016-PA DnaJ-like	ACYPI000016-PADnaJ-like	ACYPI000016-PADnaJ-like	11
218540000	169500000	143110000	176540000	250690000	133880000	135040000	99093000	80788000	145070000				5	5	5	26.5	26.5	26.5	25.035	0	148.78	2542500000	103	ACYPI000023-PA eukaryotic translation initiation factor 3 subunit K	ACYPI000023-PAeukaryotictranslationinitiationfactor3subunitK	ACYPI000023-PAeukaryotictranslationinitiationfactor3subunitK	12
2060500000	1223700000	1069100000	1216800000	1640300000	987220000	1095400000	1381100000	1010200000	918280000				13	13	13	37.7	37.7	37.7	20.749	0	152.23	17882000000	142	ACYPI000024-PA ATP synthase subunit d	ACYPI000024-PAATPsynthasesubunitd	ACYPI000024-PAATPsynthasesubunitd	13
423480000	370620000	343250000	390050000	407540000	454850000	441900000	438510000	457840000	402530000				13	9	9	72.6	66.9	66.9	17.523	0	44.325	6743800000	101	ACYPI000025-PA Nucleoside diphosphate kinase B	ACYPI000025-PANucleosidediphosphatekinaseB	ACYPI000025-PANucleosidediphosphatekinaseB	14
7000500000	4679500000	5054200000	6317000000	7215600000	2927700000	3733900000	2624600000	2640900000	6045700000				13	13	13	64.9	64.9	64.9	17.535	0	320.21	87802000000	320	ACYPI000027-PA Myosin light chain alkali	ACYPI000027-PAMyosinlightchainalkali	ACYPI000027-PAMyosinlightchainalkali	15
3050900000	2427700000	2065800000	2585500000	3079500000	1341300000	1477600000	1375300000	1477600000	1806300000				13	13	9	69.5	69.5	63.6	17.185	0	185.27	37058000000	224	ACYPI000028-PA Nucleoside diphosphate kinase	ACYPI000028-PANucleosidediphosphatekinase	ACYPI000028-PANucleosidediphosphatekinase	16
812780000	892200000	642080000	495010000	583880000	1286700000	1459500000	932390000	1479700000	1147500000				13	13	13	57	57	57	17.248	0	136.24	14489000000	189	ACYPI000029-PA 60s ribosomal protein l14	ACYPI000029-PA60sribosomalproteinl14	ACYPI000029-PA60sribosomalproteinl14	17
3551600000	3223100000	3117700000	3824100000	4499100000	2328000000	2943300000	2689100000	2254800000	3568700000				20	20	20	94.1	94.1	94.1	14.882	0	323.31	51301000000	455	ACYPI000031-PA 40S ribosomal protein S12-B	ACYPI000031-PA40SribosomalproteinS12-B	ACYPI000031-PA40SribosomalproteinS12-B	18
76458000	52379000	38145000	0	0	74176000	94389000	65393000	101590000	56232000				4	4	4	23.1	23.1	23.1	15.164	0	32.803	829940000	41	ACYPI000032-PA Cytochrome b5	ACYPI000032-PACytochromeb5	ACYPI000032-PACytochromeb5	19
308100000	325790000	239220000	247790000	306170000	417480000	516600000	384690000	406600000	442190000				16	16	16	66.9	66.9	66.9	14.653	0	303.41	5370100000	155	ACYPI000033-PA 60S ribosomal protein L31	ACYPI000033-PA60SribosomalproteinL31	ACYPI000033-PA60SribosomalproteinL31	20
259770000	293240000	216410000	202050000	323310000	348990000	593200000	287380000	477610000	596570000				7	7	7	35.8	35.8	35.8	13.888	0	25.568	5506500000	92	ACYPI000035-PA 60S ribosomal protein L34	ACYPI000035-PA60SribosomalproteinL34	ACYPI000035-PA60SribosomalproteinL34	22
164300000	170880000	178970000	170910000	145730000	159920000	152160000	139810000	150260000	159470000				2	2	2	22.7	22.7	22.7	13.362	0	31.39	2766900000	48	ACYPI000036-PA Macrophage migration inhibitory factor-like protein	ACYPI000036-PAMacrophagemigrationinhibitoryfactor-likeprotein	ACYPI000036-PAMacrophagemigrationinhibitoryfactor-likeprotein	23
554010000	639180000	426470000	463280000	523510000	553890000	803970000	494920000	647630000	786550000				10	10	4	45.7	45.7	28.4	13.183	0	103.84	8719000000	111	ACYPI000037-PA 40S ribosomal protein S25	ACYPI000037-PA40SribosomalproteinS25	ACYPI000037-PA40SribosomalproteinS25	24
129380000	141760000	104640000	107290000	109560000	133570000	151390000	124040000	125660000	200120000				9	3	3	51.7	22.4	22.4	13.1	0	57.287	2031700000	64	ACYPI000038-PA 40S ribosomal protein S25-1	ACYPI000038-PA40SribosomalproteinS25-1	ACYPI000038-PA40SribosomalproteinS25-1	25
1535200000	1354500000	1099100000	1392000000	1562300000	1088100000	1200900000	905510000	1039800000	1219600000				6	6	6	60.9	60.9	60.9	12.512	0	143.05	19714000000	108	ACYPI000039-PA 60S ribosomal protein L30	ACYPI000039-PA60SribosomalproteinL30	ACYPI000039-PA60SribosomalproteinL30	26
449380000	233440000	232350000	245570000	186360000	331500000	218850000	388390000	284560000	346180000				10	10	10	57.7	57.7	57.7	11.453	0	121.36	4394500000	133	ACYPI000041-PA cytochrome c proximal	ACYPI000041-PAcytochromecproximal	ACYPI000041-PAcytochromecproximal	28
77279000	76261000	77040000	70212000	77485000	93330000	76796000	0	89272000	67069000				4	4	4	52.4	52.4	52.4	12.129	0	67.005	1232000000	36	ACYPI000042-PA Enhancer of rudimentary homolog	ACYPI000042-PAEnhancerofrudimentaryhomolog	ACYPI000042-PAEnhancerofrudimentaryhomolog	29
180010000	98231000	117790000	224290000	0	96627000	208300000	0	151320000	134180000				5	5	5	48	48	48	11.224	0	34.816	2124500000	44	ACYPI000043-PA Lethal	ACYPI000043-PALethal	ACYPI000043-PALethal	30
548360000	687130000	767750000	719990000	655660000	334040000	544650000	714290000	530340000	545340000				20	20	20	62.3	62.3	62.3	46.915	0	323.31	9667600000	196	ACYPI000044-PA Aspartate aminotransferase	ACYPI000044-PAAspartateaminotransferase	ACYPI000044-PAAspartateaminotransferase	31
524000000	549730000	429680000	471070000	520280000	424650000	494570000	493560000	556780000	487890000				3	3	3	30.9	30.9	30.9	10.635	0	23.085	7704100000	29	ACYPI000045-PA sumo-1-like protein;ACYPI44069-PA Small ubiquitin-related modifier 3	ACYPI000045-PAsumo-1-likeprotein;ACYPI44069-PASmallubiquitin-relatedmodifier3;ACYPI063321-PASmallubiquitin-relatedmodifier3;ACYPI088141-PAuncharacterizedprotein	ACYPI000045-PAsumo-1-likeprotein;ACYPI44069-PASmallubiquitin-relatedmodifier3	32
195150000	253720000	170490000	145450000	218380000	237390000	432860000	266950000	321480000	351120000				4	4	4	37	37	37	10.359	0	38.795	3934400000	81	ACYPI000046-PA 60S ribosomal protein L37a	ACYPI000046-PA60SribosomalproteinL37a	ACYPI000046-PA60SribosomalproteinL37a	33
1486600000	1831400000	2194600000	1818300000	1630600000	2056200000	1859400000	2260700000	2057200000	1836400000				9	9	9	80	80	80	7.4015	0	323.31	30649000000	166	ACYPI085895-PA 40S ribosomal protein S28;ACYPI083883-PA 40S ribosomal protein S28;ACYPI000047-PA 40S ribosomal protein S28	ACYPI085895-PA40SribosomalproteinS28;ACYPI083883-PA40SribosomalproteinS28;ACYPI000047-PA40SribosomalproteinS28	ACYPI085895-PA40SribosomalproteinS28;ACYPI083883-PA40SribosomalproteinS28;ACYPI000047-PA40SribosomalproteinS28	34
0	0	0	11368000	16021000	0	0	0	0	0				5	4	4	31.8	25.7	25.7	20.434	0	13.078	115100000	8	ACYPI000051-PA adp ribosylation factor-like protein	ACYPI000051-PAadpribosylationfactor-likeprotein	ACYPI000051-PAadpribosylationfactor-likeprotein	37
530200000	453910000	452040000	461410000	534560000	328770000	469320000	481650000	536700000	425660000				17	17	17	58.1	58.1	58.1	22.826	0	214.01	7086600000	173	ACYPI000052-PA ATP synthase subunit O	ACYPI000052-PAATPsynthasesubunitO	ACYPI000052-PAATPsynthasesubunitO	38
927140000	910060000	722920000	897830000	979810000	479640000	919880000	899670000	671320000	784360000				11	11	11	36.7	36.7	36.7	33.019	0	118.4	12174000000	178	ACYPI000053-PA Transcription initiation factor TFIID subunit 3	ACYPI000053-PATranscriptioninitiationfactorTFIIDsubunit3	ACYPI000053-PATranscriptioninitiationfactorTFIIDsubunit3	39
59912000	79118000	97808000	95452000	93132000	63327000	53684000	52595000	60106000	55589000				4	4	4	30.1	30.1	30.1	19.14	0	32.493	1162300000	48	ACYPI000054-PA Ubiquitin-fold modifier-conjugating enzyme 1	ACYPI000054-PAUbiquitin-foldmodifier-conjugatingenzyme1	ACYPI000054-PAUbiquitin-foldmodifier-conjugatingenzyme1	40
36787000	151580000	108420000	165610000	102620000	278700000	170570000	160670000	183610000	289330000				8	8	8	17.4	17.4	17.4	52.23	0	42.255	3017500000	80	ACYPI000055-PA Protein transport protein Sec61 subunit alpha	ACYPI000055-PAProteintransportproteinSec61subunitalpha	ACYPI000055-PAProteintransportproteinSec61subunitalpha	41
2913500000	565150000	184050000	626760000	1522700000	138040000	97557000	236110000	201630000	446550000				14	14	14	98.7	98.7	98.7	16.81	0	305.04	9707200000	115	ACYPI000056-PA Calmodulin	ACYPI000056-PACalmodulin	ACYPI000056-PACalmodulin	42
4647200000	4247400000	4197600000	3502500000	3162900000	4431600000	2829100000	4503900000	1965900000	1654800000				25	25	24	76.2	76.2	76.2	25.645	0	323.31	54349000000	412	ACYPI000057-PA ACYPI007230 protein	ACYPI000057-PAACYPI007230protein	ACYPI000057-PAACYPI007230protein	43
4398200000	4342700000	4283600000	4560500000	4555800000	3785900000	3726800000	4171000000	4298800000	4743000000				17	17	17	87.2	87.2	87.2	17.079	0	323.31	67225000000	310	ACYPI000058-PA twinstar	ACYPI000058-PAtwinstar	ACYPI000058-PAtwinstar	44
1193700000	1131900000	1228000000	1537300000	2106500000	1228500000	1212300000	1124300000	1134900000	1276800000				7	7	7	46.7	46.7	46.7	17.591	0	220.47	20928000000	118	ACYPI000059-PA 60S ribosomal protein L12	ACYPI000059-PA60SribosomalproteinL12	ACYPI000059-PA60SribosomalproteinL12	45
554630000	389790000	359250000	414760000	528130000	298920000	361200000	367500000	298330000	396170000				20	20	17	64.7	64.7	60.2	35.668	0	304.45	6344400000	168	ACYPI000060-PA serine/threonine-protein phosphatase 4 catalytic subunit	ACYPI000060-PAserine/threonine-proteinphosphatase4catalyticsubunit	ACYPI000060-PAserine/threonine-proteinphosphatase4catalyticsubunit	46
20836000000	21564000000	19899000000	21118000000	21523000000	11155000000	20325000000	25069000000	17383000000	16215000000				39	39	39	73.1	73.1	73.1	61.797	0	323.31	288230000000	1030	ACYPI000061-PA ATP synthase subunit beta	ACYPI000061-PAATPsynthasesubunitbeta	ACYPI000061-PAATPsynthasesubunitbeta	47
353600000	492780000	371740000	284910000	305800000	646000000	772970000	517340000	686190000	638160000				14	14	14	61.8	61.8	61.8	21.161	0	144.35	7739300000	164	ACYPI000062-PA 60S ribosomal protein L18a	ACYPI000062-PA60SribosomalproteinL18a	ACYPI000062-PA60SribosomalproteinL18a	48
112980000	105350000	108570000	98639000	88173000	98945000	88810000	109040000	135720000	98625000				7	7	7	61.2	61.2	61.2	17.296	0	73.056	1541000000	65	ACYPI000063-PA protein mago nashi	ACYPI000063-PAproteinmagonashi	ACYPI000063-PAproteinmagonashi	49
83242000	64696000	64740000	79054000	88993000	62680000	52064000	41454000	73743000	84476000				10	10	10	38.8	38.8	38.8	30.882	0	41.384	1109600000	98	ACYPI000065-PA 20S proteasome beta5 subunit	ACYPI000065-PA20Sproteasomebeta5subunit	ACYPI000065-PA20Sproteasomebeta5subunit	50
764520000	909500000	751360000	785560000	966800000	533200000	688330000	914930000	698310000	815810000				15	15	15	37.4	37.4	37.4	35.704	0	128.78	12651000000	187	ACYPI000067-PA mitochondrial malate dehydrogenase	ACYPI000067-PAmitochondrialmalatedehydrogenase	ACYPI000067-PAmitochondrialmalatedehydrogenase	51
3422100000	3486400000	3456400000	3420600000	3890800000	4233600000	3663600000	3985500000	3663000000	3005100000				29	29	29	74	74	74	28.885	0	323.31	56300000000	425	ACYPI000068-PA HCG2015269	ACYPI000068-PAHCG2015269;ACYPI003463-PAPhosphoglyceratemutase2	ACYPI000068-PAHCG2015269	52
333340000	218310000	246300000	209410000	281630000	278970000	212740000	245170000	243450000	231960000				7	7	7	35.3	35.3	35.3	19.163	0	51.825	3985600000	69	ACYPI000069-PA ubiquitin-conjugating enzyme E2G 1	ACYPI000069-PAubiquitin-conjugatingenzymeE2G1	ACYPI000069-PAubiquitin-conjugatingenzymeE2G1	53
29318000	20249000	0	21900000	26586000	33459000	31119000	20757000	0	34972000				6	6	6	28.8	28.8	28.8	21.226	0	16.939	378170000	38	ACYPI000070-PA Rac-like GTP-binding protein ARAC9	ACYPI000070-PARac-likeGTP-bindingproteinARAC9	ACYPI000070-PARac-likeGTP-bindingproteinARAC9	54
697110000	733370000	894230000	678310000	682010000	860990000	678450000	693430000	686840000	1102100000				7	7	7	64.7	64.7	64.7	17.156	0	170.14	12197000000	167	ACYPI008810-PA 40S ribosomal protein S15;ACYPI000071-PA 40S ribosomal protein S15	ACYPI008810-PA40SribosomalproteinS15;ACYPI000071-PA40SribosomalproteinS15	ACYPI008810-PA40SribosomalproteinS15;ACYPI000071-PA40SribosomalproteinS15	55
183000000	188510000	207950000	181080000	163510000	254550000	205570000	259710000	201220000	146050000				5	5	5	43	43	43	13.513	0	222.34	3033100000	59	ACYPI000072-PA Transcription elongation factor B polypeptide 1	ACYPI000072-PATranscriptionelongationfactorBpolypeptide1	ACYPI000072-PATranscriptionelongationfactorBpolypeptide1	56
815050000	842160000	702600000	911200000	765480000	1009200000	961660000	735610000	688900000	883460000				12	12	12	72.3	72.3	72.3	15.204	0	273.47	13661000000	188	ACYPI000073-PA 40S ribosomal protein S17-4	ACYPI000073-PA40SribosomalproteinS17-4	ACYPI000073-PA40SribosomalproteinS17-4	57
364930000	514900000	301460000	248700000	412700000	531200000	732130000	412020000	758830000	849000000				13	13	13	53.4	53.4	53.4	15.88	0	196.35	7804600000	160	ACYPI000074-PA 60S ribosomal protein L32	ACYPI000074-PA60SribosomalproteinL32	ACYPI000074-PA60SribosomalproteinL32	58
179190000	227790000	197570000	161860000	224240000	196160000	301880000	333480000	409280000	344780000				4	4	4	39.3	39.3	39.3	12.464	0	21.005	3989100000	62	ACYPI000075-PA AGAP012515-PA;ACYPI22855-PA ATP synthase subunit f	ACYPI000075-PAAGAP012515-PA;ACYPI22855-PAATPsynthasesubunitf	ACYPI000075-PAAGAP012515-PA;ACYPI22855-PAATPsynthasesubunitf	59
648800000	516590000	537830000	480040000	520280000	565030000	599880000	588330000	492240000	486010000				15	15	15	49.6	49.6	49.6	37.696	0	258.8	8528600000	204	ACYPI000077-PA Nuclear excision repair protein Rad23	ACYPI000077-PANuclearexcisionrepairproteinRad23	ACYPI000077-PANuclearexcisionrepairproteinRad23	61
210790000	0	243330000	278530000	0	216750000	224940000	0	230380000	211140000				4	4	4	43.5	43.5	43.5	16.678	0	25.645	2864700000	30	ACYPI000078-PA Ubiquitin-conjugating enzyme E2 D4	ACYPI000078-PAUbiquitin-conjugatingenzymeE2D4	ACYPI000078-PAUbiquitin-conjugatingenzymeE2D4	62
4081600000	3773800000	3871000000	4541400000	4461500000	3959700000	3142400000	2976100000	3123500000	3368300000				23	23	23	54.1	54.1	54.1	34.473	0	289.24	58848000000	390	ACYPI000079-PA 60S acidic ribosomal protein P0	ACYPI000079-PA60SacidicribosomalproteinP0	ACYPI000079-PA60SacidicribosomalproteinP0	63
1589300000	1401600000	1703700000	1755900000	1841600000	1274100000	1479100000	1444000000	1443800000	1345600000				24	24	24	78.4	78.4	78.4	30.041	0	323.31	23534000000	296	ACYPI000080-PA prohibitin	ACYPI000080-PAprohibitin	ACYPI000080-PAprohibitin	64
1144800000	1017300000	888130000	843970000	893530000	1229900000	1448800000	992180000	1637200000	1256700000				16	16	16	60.5	60.5	60.5	17.644	0	125.41	18324000000	191	ACYPI000081-PA 40s ribosomal protein s18	ACYPI000081-PA40sribosomalproteins18	ACYPI000081-PA40sribosomalproteins18	65
463620000	262110000	227220000	256740000	237810000	232860000	264020000	199280000	182170000	222380000				8	8	8	61.5	61.5	61.5	13.549	0	187.79	3927400000	87	ACYPI000082-PA V-type proton ATPase subunit F 1	ACYPI000082-PAV-typeprotonATPasesubunitF1	ACYPI000082-PAV-typeprotonATPasesubunitF1	66
81734000	86757000	115510000	111720000	88701000	120140000	81116000	111510000	158990000	106040000				7	7	7	35	35	35	27.528	0	49.117	1716800000	92	ACYPI000083-PA V-type proton ATPase subunit D	ACYPI000083-PAV-typeprotonATPasesubunitD	ACYPI000083-PAV-typeprotonATPasesubunitD	67
251040000	309120000	306870000	307260000	273980000	300450000	256490000	251890000	272330000	292380000				9	9	9	81.1	81.1	81.1	18.366	0	72.618	4525100000	121	ACYPI000084-PA SUMO-conjugating enzyme UBC9	ACYPI000084-PASUMO-conjugatingenzymeUBC9	ACYPI000084-PASUMO-conjugatingenzymeUBC9	68
748150000	1021600000	590910000	547120000	735200000	1231000000	1615300000	1054700000	1325400000	1341300000				11	11	11	56.3	56.3	56.3	15.981	0	157.4	15072000000	152	ACYPI000085-PA 60S ribosomal protein L27	ACYPI000085-PA60SribosomalproteinL27	ACYPI000085-PA60SribosomalproteinL27	69
51702000	46240000	0	31388000	76796000	0	34932000	0	0	52575000				12	4	4	60	24.7	24.7	17.124	0	56.572	563390000	29	ACYPI000086-PA ribosomal protein S27A	ACYPI000086-PAribosomalproteinS27A;ACYPI064888-PAuncharacterizedprotein	ACYPI000086-PAribosomalproteinS27A	70
2953600000	3902700000	5634300000	4761500000	4208200000	6750400000	4148400000	5445500000	5010400000	4218900000				11	11	11	71.8	71.8	71.8	19.617	0	323.31	73406000000	237	ACYPI000087-PA rna polymerase ii proteinral transcription factor btf3	ACYPI000087-PArnapolymeraseiiproteinraltranscriptionfactorbtf3	ACYPI000087-PArnapolymeraseiiproteinraltranscriptionfactorbtf3	71
224400000	299740000	332210000	347040000	374100000	334500000	516500000	626500000	578160000	512470000				12	11	11	45.1	42.5	42.5	29.561	0	144.83	6827800000	120	ACYPI000088-PA dicarbonyl/L-xylulose reductase	ACYPI000088-PAdicarbonyl/L-xylulosereductase;ACYPI007230-PAACYPI007230protein;ACYPI006538-PAACYPI007230protein	ACYPI000088-PAdicarbonyl/L-xylulosereductase	72
124040000	127570000	146380000	125760000	153800000	106340000	118260000	124780000	87228000	162540000				5	5	5	40.5	40.5	40.5	25.268	0	57.465	2062700000	54	ACYPI000089-PA uncharacterized protein	ACYPI000089-PAuncharacterizedprotein	ACYPI000089-PAuncharacterizedprotein	73
405150000	382180000	295160000	220460000	292400000	439430000	678470000	298270000	448800000	620840000				7	7	7	22.9	22.9	22.9	17.981	0	91.476	5993800000	48	ACYPI000090-PA uncharacterized protein	ACYPI000090-PAuncharacterizedprotein	ACYPI000090-PAuncharacterizedprotein	74
279020000	291240000	175020000	186280000	284540000	267680000	484660000	228220000	324590000	532660000				4	4	4	30.5	30.5	30.5	13.47	0	44.154	4968100000	93	ACYPI000091-PA 40S ribosomal protein S26	ACYPI000091-PA40SribosomalproteinS26	ACYPI000091-PA40SribosomalproteinS26	75
0	0	0	57226000	114640000	0	0	0	0	0				3	3	3	15.4	15.4	15.4	22.114	0	79.515	671730000	23	ACYPI000093-PA chemosensory protein CSP2	ACYPI000093-PAchemosensoryproteinCSP2	ACYPI000093-PAchemosensoryproteinCSP2	76
268070000	241520000	294190000	347910000	324740000	209770000	227270000	213680000	274860000	249110000				11	11	11	45.8	45.8	45.8	14.942	0	164.85	4177800000	111	ACYPI000096-PA chemosensory protein-like	ACYPI000096-PAchemosensoryprotein-like	ACYPI000096-PAchemosensoryprotein-like	77
102280000	0	0	26473000	82912000	0	18338000	0	0	0				7	7	7	37.2	37.2	37.2	16.404	0	14.663	390530000	23	ACYPI000097-PA OS-D-like protein	ACYPI000097-PAOS-D-likeprotein	ACYPI000097-PAOS-D-likeprotein	78
1158200000	1204500000	1049500000	978980000	1081500000	1693900000	1689300000	1173200000	1751700000	1568800000				25	25	25	60.8	60.8	60.8	30.186	0	323.31	21043000000	385	ACYPI000100-PA 40S ribosomal protein S4	ACYPI000100-PA40SribosomalproteinS4	ACYPI000100-PA40SribosomalproteinS4	79
158100000	169810000	0	0	185950000	0	210140000	162120000	177240000	215030000				3	3	3	11.5	11.5	11.5	32.203	0	24.906	2372300000	37	ACYPI000104-PA Ref_XM_001945391 PREDICTED_ similar to cytochrome c1;ACYPI008382-PA Ref_XM_001945334 PREDICTED_ similar to cytochrome c1	ACYPI000104-PARef_XM_001945391PREDICTED_similartocytochromec1;ACYPI008382-PARef_XM_001945334PREDICTED_similartocytochromec1	ACYPI000104-PARef_XM_001945391PREDICTED_similartocytochromec1;ACYPI008382-PARef_XM_001945334PREDICTED_similartocytochromec1	80
1098400000	862090000	953730000	826820000	1178000000	833630000	847630000	868430000	956400000	941430000				10	10	10	26.6	26.6	26.6	29.792	0	139.94	14122000000	119	ACYPI000108-PA uncharacterized protein	ACYPI000108-PAuncharacterizedprotein	ACYPI000108-PAuncharacterizedprotein	81
225770000	267030000	317080000	323470000	356660000	108970000	304600000	347690000	258820000	276860000				22	22	22	61	61	61	52.613	0	215.45	4245400000	212	ACYPI000112-PA NADH dehydrogenase [ubiquinone] flavoprotein 1	ACYPI000112-PANADHdehydrogenase[ubiquinone]flavoprotein1	ACYPI000112-PANADHdehydrogenase[ubiquinone]flavoprotein1	83
90220000	117290000	127760000	110340000	115950000	109320000	123600000	104130000	106770000	132480000				14	14	14	41.1	41.1	41.1	47.135	0	60.262	1748900000	118	ACYPI000119-PA Txndc4 protein	ACYPI000119-PATxndc4protein	ACYPI000119-PATxndc4protein	84
457050000	458240000	311570000	347550000	492680000	268830000	585120000	477430000	492980000	464170000				10	10	10	46.9	46.9	46.9	22.33	0	92.179	6493300000	118	ACYPI000138-PA CG10664	ACYPI000138-PACG10664	ACYPI000138-PACG10664	88
258800000	231240000	322660000	219910000	255040000	302440000	340370000	237720000	381210000	285810000				11	11	10	61.5	61.5	56.2	22.802	0	114.45	4354600000	132	ACYPI000150-PA ras-related protein Rab-1A-like	ACYPI000150-PAras-relatedproteinRab-1A-like	ACYPI000150-PAras-relatedproteinRab-1A-like	91
69821000	63595000	64849000	62668000	82951000	0	62000000	78665000	78101000	65513000				7	7	7	38.1	38.1	38.1	32.402	0	87.794	1134500000	47	ACYPI000168-PA n4-beta-n-acetylglucosaminyl-l-asparaginase	ACYPI000168-PAn4-beta-n-acetylglucosaminyl-l-asparaginase	ACYPI000168-PAn4-beta-n-acetylglucosaminyl-l-asparaginase	94
125230000	157780000	148660000	174170000	181440000	154250000	139140000	103310000	167110000	165690000				9	9	9	15.2	15.2	15.2	93.076	0	108.82	2472200000	102	ACYPI000180-PA hypothetical protein LOC100158742	ACYPI000180-PAhypotheticalproteinLOC100158742	ACYPI000180-PAhypotheticalproteinLOC100158742	96
142060000	147940000	87255000	105870000	139730000	130560000	168710000	124620000	149310000	184840000				12	12	12	57.1	57.1	57.1	27.425	0	92.28	2217400000	104	ACYPI000185-PA vesicle-associated membrane protein-associated protein a	ACYPI000185-PAvesicle-associatedmembraneprotein-associatedproteina	ACYPI000185-PAvesicle-associatedmembraneprotein-associatedproteina	97
0	18884000	0	0	0	15983000	0	0	13471000	13907000				6	6	6	18	18	18	45.898	0	15.732	228350000	35	ACYPI000187-PA Mannose-6-phosphate isomerase	ACYPI000187-PAMannose-6-phosphateisomerase	ACYPI000187-PAMannose-6-phosphateisomerase	98
73171000	76936000	93545000	102280000	87113000	91010000	114500000	110910000	105090000	95250000				9	9	9	27.4	27.4	27.4	44.802	0	62.518	1519600000	84	ACYPI000192-PA Hydroxysteroid dehydrogenase-like protein 2	ACYPI000192-PAHydroxysteroiddehydrogenase-likeprotein2;ACYPI000953-PAHydroxysteroiddehydrogenase-likeprotein2	ACYPI000192-PAHydroxysteroiddehydrogenase-likeprotein2	100
735290000	884100000	1003200000	967110000	906160000	1090900000	1011100000	1243500000	1145500000	1017000000				20	20	20	32.7	32.7	32.7	73.688	0	323.31	15107000000	263	ACYPI000203-PA Fmr1	ACYPI000203-PAFmr1;ACYPI000321-PARef_XM_001950997PREDICTED_similartofragileXmentalretardationsyndrome-relatedprotein1;ACYPI008553-PARef_XM_001951025PREDICTED_similartofragileXmentalretardationsyndrome-relatedprotein1;ACYPI003423-PARef_XM_001944069PREDICTED_similartofragileXmentalretardationsyndrome-relatedprotein1;ACYPI009834-PAFmr1;ACYPI084292-PARef_XM_001944123PREDICTED_similartofragileXmentalretardationsyndrome-relatedprotein1;ACYPI005362-PARef_XM_001944018PREDICTED_similartofragileXmentalretardationsyndrome-relatedprotein1;ACYPI087276-PAFragileXmentalretardationsyndrome-relatedprotein1	ACYPI000203-PAFmr1	101
441220000	430360000	376480000	404260000	434910000	335940000	404470000	427990000	382430000	472490000				11	11	11	62.4	62.4	62.4	13.316	0	173.48	6136600000	141	ACYPI000205-PA Cytochrome b-c1 complex subunit 7	ACYPI000205-PACytochromeb-c1complexsubunit7	ACYPI000205-PACytochromeb-c1complexsubunit7	102
141230000	178180000	154230000	140230000	150960000	134860000	149310000	139180000	126150000	121940000				4	4	4	49.1	49.1	49.1	12.971	0	127.95	2292400000	55	ACYPI000206-PA putative glycogen [starch] synthase-like transcript variant 2	ACYPI000206-PAputativeglycogen[starch]synthase-liketranscriptvariant2	ACYPI000206-PAputativeglycogen[starch]synthase-liketranscriptvariant2	103
64803000	60827000	85279000	95920000	52268000	0	0	0	0	0				7	7	7	25	25	25	34.893	0	32.839	697380000	25	ACYPI000225-PA aldo-keto reductase	ACYPI000225-PAaldo-ketoreductase	ACYPI000225-PAaldo-ketoreductase	105
503530000	329400000	178770000	326440000	434890000	320900000	267500000	326360000	264300000	255610000				17	17	17	32.8	32.8	32.8	64.835	0	141.14	5050400000	177	ACYPI000227-PA hypothetical protein LOC100158783 transcript variant 1;ACYPI088287-PA Ref_XM_001950867 PREDICTED_ similar to chitin deacetylase 2	ACYPI000227-PAhypotheticalproteinLOC100158783transcriptvariant1;ACYPI088287-PARef_XM_001950867PREDICTED_similartochitindeacetylase2	ACYPI000227-PAhypotheticalproteinLOC100158783transcriptvariant1;ACYPI088287-PARef_XM_001950867PREDICTED_similartochitindeacetylase2	106
1011200000	1271100000	1287900000	1207400000	1568500000	2124300000	1475000000	1343500000	1338700000	1225300000				8	8	8	70.7	70.7	70.7	10.948	0	165.79	22294000000	111	ACYPI000233-PA Glutaredoxin	ACYPI000233-PAGlutaredoxin	ACYPI000233-PAGlutaredoxin	108
77347000	106520000	131480000	133250000	101520000	113240000	128240000	126500000	145720000	132490000				11	11	11	35.9	35.9	35.9	39.201	0	155.64	1892200000	105	ACYPI000235-PA protein held out wings-like	ACYPI000235-PAproteinheldoutwings-like	ACYPI000235-PAproteinheldoutwings-like	109
8763800	0	0	0	0	0	0	0	15609000	13807000				3	3	3	9.5	9.5	9.5	46.12	0	8.1964	196090000	26	ACYPI000242-PA adipocyte plasma membrane-associated protein-like	ACYPI000242-PAadipocyteplasmamembrane-associatedprotein-like	ACYPI000242-PAadipocyteplasmamembrane-associatedprotein-like	112
23497000	33988000	0	0	27764000	0	0	0	0	23066000				7	7	7	8.7	8.7	8.7	138.67	0	40.423	288330000	26	ACYPI000243-PA hypothetical protein LOC100160882	ACYPI000243-PAhypotheticalproteinLOC100160882	ACYPI000243-PAhypotheticalproteinLOC100160882	113
74426000	73516000	52217000	71473000	62418000	57780000	63189000	53127000	59498000	60725000				4	4	4	28.7	28.7	28.7	12.463	0	13.495	971730000	47	ACYPI000245-PA uncharacterized protein	ACYPI000245-PAuncharacterizedprotein	ACYPI000245-PAuncharacterizedprotein	115
1773500000	1358100000	1324500000	1855400000	1887800000	1315900000	1333300000	1063800000	1176100000	1415400000				17	17	17	59.8	59.8	59.8	30.771	0	323.31	23454000000	251	ACYPI000248-PA Voltage-dependent anion-selective channel protein 2	ACYPI000248-PAVoltage-dependentanion-selectivechannelprotein2	ACYPI000248-PAVoltage-dependentanion-selectivechannelprotein2	116
26560000	0	0	0	20017000	0	0	0	0	0				13	13	13	29.8	29.8	29.8	58.704	0	40.699	320360000	24	ACYPI000249-PA splicing factor subunit 3 spliceosome-associated protein sap sf3a60	ACYPI000249-PAsplicingfactorsubunit3spliceosome-associatedproteinsapsf3a60	ACYPI000249-PAsplicingfactorsubunit3spliceosome-associatedproteinsapsf3a60	117
0	11171000	0	0	0	0	10423000	0	0	0				1	1	1	2.9	2.9	2.9	75.133	0.00037922	3.9967	95251000	17	ACYPI000254-PA uncharacterized protein	ACYPI000254-PAuncharacterizedprotein	ACYPI000254-PAuncharacterizedprotein	119
0	45047000	34452000	41234000	0	34254000	0	31010000	45050000	35637000				5	5	5	17.4	17.4	17.4	47.23	0	18.941	526480000	41	ACYPI000255-PA histone acetyltransferase type b catalytic subunit	ACYPI000255-PAhistoneacetyltransferasetypebcatalyticsubunit	ACYPI000255-PAhistoneacetyltransferasetypebcatalyticsubunit	120
2088200000	2025800000	1965500000	2143200000	2201300000	1789600000	1629900000	1761100000	1668700000	1639900000				36	36	36	62.8	62.8	62.8	59.954	0	323.31	29425000000	443	ACYPI000257-PA T-complex protein 1 subunit alpha	ACYPI000257-PAT-complexprotein1subunitalpha	ACYPI000257-PAT-complexprotein1subunitalpha	121
103460000	158320000	225700000	190300000	119670000	155580000	202610000	205090000	160100000	156700000				11	11	10	30.8	30.8	28.2	31.284	0	131.56	2849600000	128	ACYPI000258-PA ACYPI000258 protein	ACYPI000258-PAACYPI000258protein	ACYPI000258-PAACYPI000258protein	122
220510000	283200000	260180000	228860000	240190000	329060000	257230000	217860000	308130000	309840000				31	31	31	36.8	36.8	36.8	119.13	0	160.23	4261800000	206	ACYPI000259-PA valyl-trna synthetase	ACYPI000259-PAvalyl-trnasynthetase	ACYPI000259-PAvalyl-trnasynthetase	123
151940000	157270000	137750000	165340000	211060000	162620000	126530000	79900000	64332000	142750000				8	8	8	22.4	22.4	22.4	36.188	0	51.007	2299100000	71	ACYPI000262-PA thioredoxin-like	ACYPI000262-PAthioredoxin-like	ACYPI000262-PAthioredoxin-like	124
0	15774000	0	0	20752000	13375000	17756000	22005000	0	0				5	5	5	22.6	22.6	22.6	35.754	0	20.422	171470000	26	ACYPI000267-PA alpha-tocopherol transfer protein-like transcript variant 1	ACYPI000267-PAalpha-tocopheroltransferprotein-liketranscriptvariant1	ACYPI000267-PAalpha-tocopheroltransferprotein-liketranscriptvariant1	125
67708000	70586000	72793000	81589000	69301000	110280000	101570000	79761000	139600000	110550000				6	6	6	15.8	15.8	15.8	57.793	0	86.904	1395100000	84	ACYPI000278-PA Ergic53	ACYPI000278-PAErgic53	ACYPI000278-PAErgic53	128
0	35751000	0	34832000	26807000	35977000	0	0	45700000	28431000				4	4	4	23.8	23.8	23.8	13.895	0	19.012	374630000	31	ACYPI000283-PA uncharacterized protein	ACYPI000283-PAuncharacterizedprotein	ACYPI000283-PAuncharacterizedprotein	129
50652000	46410000	40581000	44699000	51509000	32133000	51495000	37547000	0	38310000				7	7	7	13.9	13.9	13.9	79.9	0	52.297	643800000	37	ACYPI000288-PA glucose dehydrogenase [acceptor]-like	ACYPI000288-PAglucosedehydrogenase[acceptor]-like	ACYPI000288-PAglucosedehydrogenase[acceptor]-like	130
0	74957000	0	25972000	0	34550000	0	98773000	0	67295000				5	5	5	23	23	23	45.84	0	56.043	420950000	36	ACYPI000291-PA RR2 cuticle protein 3	ACYPI000291-PARR2cuticleprotein3	ACYPI000291-PARR2cuticleprotein3	131
1929000000	1441500000	1956400000	1981300000	1853200000	1681600000	1046700000	1499900000	1338800000	1053500000				5	5	5	16.3	16.3	16.3	19.292	0	97.803	24315000000	128	ACYPI000294-PA uncharacterized protein	ACYPI000294-PAuncharacterizedprotein	ACYPI000294-PAuncharacterizedprotein	132
56883000	49707000	0	42716000	35985000	0	48973000	0	64996000	47010000				14	14	14	15.9	15.9	15.9	125.42	0	48.933	658180000	49	ACYPI000295-PA fact complex subunit spt16	ACYPI000295-PAfactcomplexsubunitspt16	ACYPI000295-PAfactcomplexsubunitspt16	133
1296600000	1415600000	1522500000	1379000000	1265400000	1617500000	1250200000	1194900000	1410900000	1273300000				82	82	82	45.6	45.6	45.6	230.26	0	323.31	21073000000	816	ACYPI000303-PA putative glutamate synthase [NADPH]-like	ACYPI000303-PAputativeglutamatesynthase[NADPH]-like	ACYPI000303-PAputativeglutamatesynthase[NADPH]-like	135
15221000	0	0	0	0	0	0	0	0	16379000				3	3	3	16.7	16.7	16.7	28.303	0	6.9178	80168000	12	ACYPI000304-PA phosphoserine phosphatase	ACYPI000304-PAphosphoserinephosphatase	ACYPI000304-PAphosphoserinephosphatase	136
62267000	42620000	61014000	65721000	74477000	49901000	44552000	37521000	39631000	67425000				4	4	4	50	50	50	10.65	0	47.053	885390000	47	ACYPI000307-PA u6 snRNA-associated Sm-like protein LSm2-like	ACYPI000307-PAu6snRNA-associatedSm-likeproteinLSm2-like	ACYPI000307-PAu6snRNA-associatedSm-likeproteinLSm2-like	137
0	14417000	14962000	12709000	9815500	11072000	0	13462000	14715000	13194000				5	5	5	12.7	12.7	12.7	70.912	0	21.206	196820000	35	ACYPI000310-PA serine/threonine-protein kinase SRPK2-like	ACYPI000310-PAserine/threonine-proteinkinaseSRPK2-like	ACYPI000310-PAserine/threonine-proteinkinaseSRPK2-like	138
45590000	46713000	69702000	63638000	59271000	48032000	58675000	47967000	57020000	51633000				15	15	15	22.2	22.2	22.2	109.87	0	61.751	832260000	97	ACYPI000326-PA Dynamin-like 120 kDa protein	ACYPI000326-PADynamin-like120kDaprotein	ACYPI000326-PADynamin-like120kDaprotein	141
1138800000	2268800000	2429600000	2094500000	2329300000	2486500000	1725900000	4851500000	2650100000	1695200000				13	2	2	35.8	14.6	14.6	49.722	0	91.426	36621000000	88	ACYPI000328-PA tubulin beta-1 chain-like transcript variant 2;ACYPI009012-PA Tubulin beta-1 chain	ACYPI000328-PAtubulinbeta-1chain-liketranscriptvariant2;ACYPI009012-PATubulinbeta-1chain	ACYPI000328-PAtubulinbeta-1chain-liketranscriptvariant2;ACYPI009012-PATubulinbeta-1chain	142
223750000	384240000	354500000	342340000	344510000	296800000	345160000	339090000	369170000	369380000				10	10	10	49.5	49.5	49.5	21.412	0	283.23	5544000000	171	ACYPI000340-PA CCHC-type zinc finger protein CG3800	ACYPI000340-PACCHC-typezincfingerproteinCG3800	ACYPI000340-PACCHC-typezincfingerproteinCG3800	143
282760000	264190000	264880000	290960000	306780000	236980000	254810000	263660000	290330000	263160000				31	31	31	38.9	38.9	38.9	128.01	0	216.58	4471400000	198	ACYPI000343-PA Ubiquitin carboxyl-terminal hydrolase 7	ACYPI000343-PAUbiquitincarboxyl-terminalhydrolase7	ACYPI000343-PAUbiquitincarboxyl-terminalhydrolase7	144
0	0	0	0	0	0	17499000	16012000	20943000	0				2	2	2	30.4	30.4	30.4	12.12	0	5.9371	177290000	19	ACYPI000351-PA NF-kappa-B-repressing factor	ACYPI000351-PANF-kappa-B-repressingfactor	ACYPI000351-PANF-kappa-B-repressingfactor	145
0	0	0	0	0	24016000	19720000	0	16020000	0				3	3	3	12	12	12	46.539	0	19.655	159130000	16	ACYPI000362-PA Flotillin-2	ACYPI000362-PAFlotillin-2	ACYPI000362-PAFlotillin-2	147
0	0	0	7421400	7951800	0	0	0	0	0				3	3	3	8.4	8.4	8.4	67.993	0	12.519	108630000	14	ACYPI000365-PA mothers againstdecapentaplegic homolog 4 smad 4 mothers against dpp homolog 4 smad4	ACYPI000365-PAmothersagainstdecapentaplegichomolog4smad4mothersagainstdpphomolog4smad4;ACYPI005550-PAMedea	ACYPI000365-PAmothersagainstdecapentaplegichomolog4smad4mothersagainstdpphomolog4smad4	148
117860000	176990000	178130000	145560000	179460000	161660000	174180000	180090000	176450000	174840000				7	7	7	13.7	13.7	13.7	77.98	0	185.15	2638900000	90	ACYPI000376-PA cysteine proteinase CG12163	ACYPI000376-PAcysteineproteinaseCG12163	ACYPI000376-PAcysteineproteinaseCG12163	149
266590000	263330000	282940000	239940000	282460000	297470000	275510000	252240000	291940000	271110000				23	23	23	49.4	49.4	49.4	52.386	0	230.65	4344000000	132	ACYPI000381-PA c-terminal-binding protein	ACYPI000381-PAc-terminal-bindingprotein	ACYPI000381-PAc-terminal-bindingprotein	151
1237100000	1315300000	1203300000	1213900000	1329800000	1413200000	1664600000	1241300000	1656500000	1335200000				12	12	12	47	47	47	16.232	0	315.88	20668000000	198	ACYPI000383-PA 40s ribosomal protein s14-a	ACYPI000383-PA40sribosomalproteins14-a	ACYPI000383-PA40sribosomalproteins14-a	152
120900000	134400000	157320000	145050000	133890000	167570000	155440000	174250000	199560000	188930000				26	26	24	23	23	21.7	181.37	0	149.54	2326400000	196	ACYPI000387-PA ankyrin-2-like transcript variant 1	ACYPI000387-PAankyrin-2-liketranscriptvariant1	ACYPI000387-PAankyrin-2-liketranscriptvariant1	153
52719000	33171000	31912000	37515000	33224000	35458000	0	42369000	39988000	35412000				6	6	6	46.7	46.7	46.7	24.6	0	95.384	568540000	36	ACYPI000388-PA dna-directed rna polymerase ii kda polypeptide	ACYPI000388-PAdna-directedrnapolymeraseiikdapolypeptide	ACYPI000388-PAdna-directedrnapolymeraseiikdapolypeptide	154
375730000	452280000	433480000	423720000	528040000	493160000	555620000	481080000	551100000	451420000				4	4	4	50	50	50	6.7096	0	38.871	6551800000	54	ACYPI000395-PA Ref_XM_001943665 PREDICTED_ similar to Ribosomal protein S29 CG8495-PA	ACYPI000395-PARef_XM_001943665PREDICTED_similartoRibosomalproteinS29CG8495-PA	ACYPI000395-PARef_XM_001943665PREDICTED_similartoRibosomalproteinS29CG8495-PA	156
0	25479000	24886000	24650000	25180000	0	0	0	0	27463000				12	12	12	13	13	13	116.56	0	25.233	261410000	31	ACYPI000402-PA Superkiller viralicidic activity 2-like 2	ACYPI000402-PASuperkillerviralicidicactivity2-like2	ACYPI000402-PASuperkillerviralicidicactivity2-like2	158
1154300000	989640000	910730000	997240000	1072600000	851150000	967880000	807260000	791630000	832910000				42	42	23	59.6	59.6	35.8	89.597	0	323.31	15167000000	460	ACYPI000405-PA Trehalose-6-phosphate synthase alpha	ACYPI000405-PATrehalose-6-phosphatesynthasealpha	ACYPI000405-PATrehalose-6-phosphatesynthasealpha	159
147590000	158150000	159620000	168600000	179310000	168750000	168900000	149500000	199230000	192520000				12	12	12	20	20	20	95.244	0	225.02	2840100000	162	ACYPI000407-PA Importin subunit beta-1	ACYPI000407-PAImportinsubunitbeta-1	ACYPI000407-PAImportinsubunitbeta-1	160
44925000	47675000	53951000	47946000	54913000	101370000	88295000	45091000	94846000	79636000				4	4	4	15.4	15.4	15.4	38.525	0	24.075	1105600000	51	ACYPI000410-PA Ref_XM_001949558 PREDICTED_ similar to diacylglycerol o-acyltransferase	ACYPI000410-PARef_XM_001949558PREDICTED_similartodiacylglycerolo-acyltransferase	ACYPI000410-PARef_XM_001949558PREDICTED_similartodiacylglycerolo-acyltransferase	161
192000000	135050000	177830000	337910000	160320000	141460000	175230000	160890000	148670000	144240000				13	13	13	55.4	55.4	55.4	35.67	0	183.36	3099500000	100	ACYPI000413-PA scf	ACYPI000413-PAscf	ACYPI000413-PAscf	162
0	0	0	0	0	0	0	32206000	0	21687000				7	7	7	3.8	3.8	3.8	329.77	0	27.585	317920000	25	ACYPI000422-PA uncharacterized protein	ACYPI000422-PAuncharacterizedprotein	ACYPI000422-PAuncharacterizedprotein	164
325120000	186530000	223920000	160010000	207970000	248390000	244030000	209450000	265440000	216460000				6	6	6	38.8	38.8	38.8	15.376	0	59.406	3257400000	71	ACYPI000426-PA NADH dehydrogenase [ubiquinone] 1 beta subcomplex subunit 7-like	ACYPI000426-PANADHdehydrogenase[ubiquinone]1betasubcomplexsubunit7-like	ACYPI000426-PANADHdehydrogenase[ubiquinone]1betasubcomplexsubunit7-like	165
196300000	183080000	148270000	151610000	213390000	90979000	142720000	169060000	106310000	108860000				15	15	15	30.1	30.1	30.1	58.072	0	65.284	2234900000	110	ACYPI000430-PA aldehyde dehydrogenase 7 family	ACYPI000430-PAaldehydedehydrogenase7family	ACYPI000430-PAaldehydedehydrogenase7family	166
27004000	31806000	31652000	17054000	28422000	40524000	34403000	24214000	31209000	38151000				4	4	3	7.7	7.7	6.5	78.288	0	15.661	468740000	57	ACYPI000432-PA chorion peroxidase precursor	ACYPI000432-PAchorionperoxidaseprecursor	ACYPI000432-PAchorionperoxidaseprecursor	167
1565800000	1791700000	1576400000	1531300000	1779600000	1449900000	1841600000	1432400000	1905600000	1635200000				13	13	13	57.9	57.9	57.9	14.805	0	211.81	25619000000	223	ACYPI000455-PA 60S ribosomal protein L23	ACYPI000455-PA60SribosomalproteinL23	ACYPI000455-PA60SribosomalproteinL23	171
148990000	44812000	40903000	117120000	184730000	104720000	76792000	62564000	102950000	0				12	12	12	36.1	36.1	36.1	36.185	0	93.027	1577300000	84	ACYPI000465-PA cral/trio domain-containing protein	ACYPI000465-PAcral/triodomain-containingprotein	ACYPI000465-PAcral/triodomain-containingprotein	172
21120000000	21285000000	21158000000	23099000000	25270000000	19684000000	19153000000	19278000000	18218000000	19440000000				50	47	18	65.1	65.1	22.5	71.442	0	323.31	316690000000	1237	ACYPI000474-PA heat shock 70 kDa protein cognate 4-like transcript variant 2	ACYPI000474-PAheatshock70kDaproteincognate4-liketranscriptvariant2;ACYPI080190-PAheatshock70kDaproteincognate4-like	ACYPI000474-PAheatshock70kDaproteincognate4-liketranscriptvariant2	175
113520000	138560000	65656000	83491000	65841000	91792000	86121000	150320000	71947000	84579000				8	8	8	24.7	24.7	24.7	47.633	0	50.618	1361600000	60	ACYPI000479-PA Yellow-e	ACYPI000479-PAYellow-e	ACYPI000479-PAYellow-e	176
47798000	54047000	53251000	51264000	43307000	51901000	50762000	60014000	69243000	61616000				15	15	15	31.2	31.2	31.2	66.964	0	97.724	824370000	87	ACYPI000496-PA protein ROP-like transcript variant 2	ACYPI000496-PAproteinROP-liketranscriptvariant2;ACYPI087734-PAProteinROP;ACYPI060825-PAProteinROP	ACYPI000496-PAproteinROP-liketranscriptvariant2	177
261760000	257380000	270160000	227540000	260610000	234350000	256270000	240250000	309540000	249220000				26	26	26	63.8	63.8	63.8	52.205	0	197.59	4037300000	223	ACYPI000500-PA nucleolar kke/d repeat protein	ACYPI000500-PAnucleolarkke/drepeatprotein	ACYPI000500-PAnucleolarkke/drepeatprotein	178
133260000	118980000	133970000	117330000	117850000	101730000	134670000	117010000	105800000	125000000				14	14	14	16.9	16.9	16.9	121.33	0	59.903	1870300000	95	ACYPI000503-PA hypothetical protein LOC100159101	ACYPI000503-PAhypotheticalproteinLOC100159101	ACYPI000503-PAhypotheticalproteinLOC100159101	179
0	0	0	0	0	21130000	0	0	22177000	0				9	9	9	15.3	15.3	15.3	93.568	0	23.05	197860000	26	ACYPI000508-PA translocation protein SEC63 homolog transcript variant 2	ACYPI000508-PAtranslocationproteinSEC63homologtranscriptvariant2	ACYPI000508-PAtranslocationproteinSEC63homologtranscriptvariant2	181
38436000	47426000	50949000	40425000	40929000	51348000	45633000	57863000	58251000	49900000				8	8	8	33.6	33.6	33.6	27.894	0	33.133	699820000	46	ACYPI000509-PA u2 small nuclear ribonucleoprotein a	ACYPI000509-PAu2smallnuclearribonucleoproteina	ACYPI000509-PAu2smallnuclearribonucleoproteina	182
198970000	214950000	212700000	248490000	222540000	168880000	183100000	198210000	210480000	182630000				19	19	19	22.7	22.7	22.7	125.19	0	285.56	3174200000	182	ACYPI000538-PA Pumilio	ACYPI000538-PAPumilio	ACYPI000538-PAPumilio	185
54603000	44269000	52661000	39560000	54587000	49843000	48854000	54220000	51196000	44416000				8	8	8	27.9	27.9	27.9	35.516	0	52.33	739260000	53	ACYPI000563-PA uncharacterized protein	ACYPI000563-PAuncharacterizedprotein;ACYPI008324-PAUBXdomain-containingprotein1-like	ACYPI000563-PAuncharacterizedprotein	190
0	20695000	26581000	20968000	11312000	23414000	20291000	29635000	30728000	24544000				6	6	6	28.2	28.2	28.2	32.036	0	22.327	312980000	39	ACYPI000572-PA Splicing factor 3A subunit 2	ACYPI000572-PASplicingfactor3Asubunit2	ACYPI000572-PASplicingfactor3Asubunit2	192
1542000000	1602600000	1942400000	1693700000	1403900000	1790300000	1544900000	1928000000	1881500000	1543700000				27	27	27	52.4	52.4	52.4	58.198	0	323.31	25961000000	301	ACYPI000575-PA t-complex protein 1 subunit zeta-like transcript variant 1	ACYPI000575-PAt-complexprotein1subunitzeta-liketranscriptvariant1;REV__ACYPI29944-PAhypotheticalprotein	ACYPI000575-PAt-complexprotein1subunitzeta-liketranscriptvariant1	193
89155000	148110000	186690000	76770000	0	110760000	108200000	211580000	86227000	181390000				18	18	18	34.3	34.3	34.3	87.616	0	114.01	1617100000	85	ACYPI000580-PA neutral endopeptidase	ACYPI000580-PAneutralendopeptidase;ACYPI002617-PAneprilysin-2-like	ACYPI000580-PAneutralendopeptidase	194
2181000000	2148800000	2581600000	2630500000	2335100000	2823700000	2099800000	2368100000	2121100000	1740100000				22	22	22	53.8	53.8	53.8	37.182	0	323.31	36094000000	376	ACYPI000582-PA Transaldolase	ACYPI000582-PATransaldolase	ACYPI000582-PATransaldolase	195
0	0	0	45809000	41629000	0	0	0	0	0				5	5	5	26.7	26.7	26.7	28.141	0	25.646	335160000	30	ACYPI000583-PA Cuticular protein analogous to peritrophins 3-E	ACYPI000583-PACuticularproteinanalogoustoperitrophins3-E	ACYPI000583-PACuticularproteinanalogoustoperitrophins3-E	196
2302600000	2430900000	2391000000	2708000000	2376900000	2300300000	2091600000	2287500000	2086600000	2089800000				40	40	20	76.5	76.5	41.6	57.658	0	323.31	36488000000	586	ACYPI000588-PA t-complex protein 1 subunit beta	ACYPI000588-PAt-complexprotein1subunitbeta;ACYPI35125-PAuncharacterizedprotein	ACYPI000588-PAt-complexprotein1subunitbeta	197
2424600000	551060000	241840000	663970000	1414500000	0	0	594700000	305390000	691190000				6	2	2	10.9	5.8	5.8	60.338	0	10.159	10196000000	33	ACYPI000599-PA tribolium_TC010154	ACYPI000599-PAtribolium_TC010154;ACYPI001570-PAuncharacterizedprotein	ACYPI000599-PAtribolium_TC010154	200
61911000	62954000	60235000	46226000	50620000	72552000	64089000	88471000	104620000	62888000				10	10	10	31.4	31.4	31.4	34.852	0	43.934	1128900000	68	ACYPI000600-PA CG5946	ACYPI000600-PACG5946	ACYPI000600-PACG5946	201
0	0	0	0	0	63047000	48250000	0	68985000	0				5	5	5	16.9	16.9	16.9	71.058	0	14.337	308900000	19	ACYPI000602-PA probable peroxisomal acyl-coenzyme A oxidase 1-like	ACYPI000602-PAprobableperoxisomalacyl-coenzymeAoxidase1-like	ACYPI000602-PAprobableperoxisomalacyl-coenzymeAoxidase1-like	202
74743000	87156000	93812000	86147000	99890000	90582000	74658000	76559000	78016000	71182000				11	11	11	33.9	33.9	33.9	55.449	0	57.697	1396100000	89	ACYPI000610-PA Signal recognition particle 54 kDa protein	ACYPI000610-PASignalrecognitionparticle54kDaprotein	ACYPI000610-PASignalrecognitionparticle54kDaprotein	204
137940000	194280000	205520000	152220000	165860000	202160000	220350000	209330000	237050000	210500000				7	7	7	37.4	37.4	37.4	27.307	0	228.57	2873800000	95	ACYPI000613-PA polyadenylate-binding protein 2-like transcript variant 1	ACYPI000613-PApolyadenylate-bindingprotein2-liketranscriptvariant1	ACYPI000613-PApolyadenylate-bindingprotein2-liketranscriptvariant1	205
579760000	439910000	413370000	467280000	468730000	419220000	384320000	363080000	342490000	412470000				36	36	36	25.3	25.3	25.3	168.64	0	323.31	6667800000	324	ACYPI000625-PA eukaryotic translation initiation factor 4 gamma	ACYPI000625-PAeukaryotictranslationinitiationfactor4gamma;ACYPI004413-PAeukaryotictranslationinitiationfactor4gamma3-like;ACYPI002206-PAuncharacterizedprotein;ACYPI070472-PARef_XM_001942989PREDICTED_similartoEukaryotictranslationinitiationfactor4gamma3;ACYPI086687-PAuncharacterizedprotein;ACYPI006471-PAhypotheticalproteinLOC100165528;ACYPI061549-PAhypotheticalproteinLOC100569195;ACYPI060566-PAeukaryotictranslationinitiationfactor4gamma3-like	ACYPI000625-PAeukaryotictranslationinitiationfactor4gamma	207
0	34656000	0	24447000	27184000	0	0	0	0	28102000				6	6	6	8.8	8.8	8.8	63.352	0	14.722	324610000	26	ACYPI000631-PA esterase FE4-like;ACYPI009024-PA esterase FE4-like;ACYPI063340-PA esterase FE4-like;ACYPI069596-PA Esterase FE4;ACYPI070239-PA Esterase FE4;ACYPI082163-PA Esterase FE4;ACYPI065364-PA Esterase FE4	ACYPI000631-PAesteraseFE4-like;ACYPI009024-PAesteraseFE4-like;ACYPI063340-PAesteraseFE4-like;ACYPI069596-PAEsteraseFE4;ACYPI070239-PAEsteraseFE4;ACYPI082163-PAEsteraseFE4;ACYPI065364-PAEsteraseFE4;ACYPI000270-PAEsteraseFE4	ACYPI000631-PAesteraseFE4-like;ACYPI009024-PAesteraseFE4-like;ACYPI063340-PAesteraseFE4-like;ACYPI069596-PAEsteraseFE4;ACYPI070239-PAEsteraseFE4;ACYPI082163-PAEsteraseFE4;ACYPI065364-PAEsteraseFE4	209
192370000	155100000	211140000	182980000	194870000	190240000	152750000	182390000	203840000	124320000				8	8	8	38.8	38.8	38.8	36.768	0	60.006	2732900000	70	ACYPI000646-PA Ubiquitin carboxyl-terminal hydrolase	ACYPI000646-PAUbiquitincarboxyl-terminalhydrolase	ACYPI000646-PAUbiquitincarboxyl-terminalhydrolase	214
133070000	133530000	135520000	139100000	129400000	113510000	103030000	105570000	120690000	110730000				15	15	15	45.1	45.1	45.1	48.101	0	72.35	1800700000	99	ACYPI000649-PA Ribosome biogenesis protein WDR12 homolog	ACYPI000649-PARibosomebiogenesisproteinWDR12homolog	ACYPI000649-PARibosomebiogenesisproteinWDR12homolog	216
767130000	940450000	866840000	699970000	757020000	447040000	768550000	786050000	676460000	608840000				18	18	18	27.4	27.4	27.4	85.858	0	323.31	11273000000	233	ACYPI000665-PA delta synthetase	ACYPI000665-PAdeltasynthetase	ACYPI000665-PAdeltasynthetase	220
0	22016000	0	0	24493000	29470000	31971000	0	31484000	32898000				5	5	5	15.6	15.6	15.6	60.402	0	24.458	298660000	32	ACYPI000666-PA serine/threonine-protein phosphatase 2A 56 kDa regulatory subunit alpha isoform-like transcript variant 2	ACYPI000666-PAserine/threonine-proteinphosphatase2A56kDaregulatorysubunitalphaisoform-liketranscriptvariant2	ACYPI000666-PAserine/threonine-proteinphosphatase2A56kDaregulatorysubunitalphaisoform-liketranscriptvariant2	221
3139500000	3126400000	2985900000	2685300000	2523700000	3375000000	3469800000	3037700000	3939800000	3560200000				78	78	78	70.7	70.7	70.7	106.03	0	323.31	49338000000	860	ACYPI000667-PA alpha-actinin sarcomeric-like transcript variant 3	ACYPI000667-PAalpha-actininsarcomeric-liketranscriptvariant3	ACYPI000667-PAalpha-actininsarcomeric-liketranscriptvariant3	222
1347000000	1321500000	1361800000	1227600000	1393200000	1029400000	1305100000	1589800000	1470500000	1081200000				7	7	7	57.4	57.4	57.4	10.934	0	107.61	19733000000	135	ACYPI064232-PA 10 kDa heat shock protein mitochondrial-like;ACYPI000693-PA 10 kDa heat shock protein	ACYPI064232-PA10kDaheatshockproteinmitochondrial-like;ACYPI000693-PA10kDaheatshockprotein	ACYPI064232-PA10kDaheatshockproteinmitochondrial-like;ACYPI000693-PA10kDaheatshockprotein	226
82950000	71997000	56269000	73932000	78820000	53203000	74571000	61872000	61837000	75653000				9	9	9	44.2	44.2	44.2	32.086	0	104.72	1088900000	83	ACYPI000695-PA F-actin-capping protein subunit beta	ACYPI000695-PAF-actin-cappingproteinsubunitbeta	ACYPI000695-PAF-actin-cappingproteinsubunitbeta	228
0	44921000	0	0	0	0	66907000	0	0	0				4	4	4	30.7	30.7	30.7	16.801	0	32.424	478340000	24	ACYPI000699-PA Ref_XM_001949126 PREDICTED_ similar to troponin C type IIa	ACYPI000699-PARef_XM_001949126PREDICTED_similartotroponinCtypeIIa	ACYPI000699-PARef_XM_001949126PREDICTED_similartotroponinCtypeIIa	229
3227200000	3077500000	2817500000	2986400000	3235700000	3255600000	3257600000	3110300000	3846900000	3367200000				271	271	271	41.2	41.2	41.2	965.23	0	323.31	48825000000	2341	ACYPI000714-PA myosin light chain kinase	ACYPI000714-PAmyosinlightchainkinase;ACYPI080051-PAuncharacterizedprotein	ACYPI000714-PAmyosinlightchainkinase	231
116000000	126640000	120510000	98180000	112810000	145810000	150860000	169140000	147470000	179900000				8	8	8	34.7	34.7	34.7	35.991	0	133.91	2356700000	85	ACYPI000737-PA aldo-keto reductase	ACYPI000737-PAaldo-ketoreductase	ACYPI000737-PAaldo-ketoreductase	234
141630000	98340000	68089000	20724000	99009000	94502000	104810000	51940000	107970000	141410000				33	33	33	21.3	21.3	21.3	278.33	0	127.3	1450400000	124	ACYPI000739-PA Pre-mRNA-processing-splicing factor 8	ACYPI000739-PAPre-mRNA-processing-splicingfactor8	ACYPI000739-PAPre-mRNA-processing-splicingfactor8	235
0	81938000	90997000	85353000	74629000	0	81070000	111860000	78956000	126370000				4	4	4	43.9	43.9	43.9	13.699	0	23.113	1180900000	61	ACYPI000747-PA probable NADH dehydrogenase [ubiquinone] iron-sulfur protein 6 mitochondrial-like transcript variant 1	ACYPI000747-PAprobableNADHdehydrogenase[ubiquinone]iron-sulfurprotein6mitochondrial-liketranscriptvariant1	ACYPI000747-PAprobableNADHdehydrogenase[ubiquinone]iron-sulfurprotein6mitochondrial-liketranscriptvariant1	236
1814100000	1683200000	1835300000	1838500000	1612000000	2432500000	1705200000	1865000000	2247800000	1159000000				39	39	39	77.6	77.6	77.6	61.123	0	323.31	29884000000	502	ACYPI000752-PA glucose-6-phosphate	ACYPI000752-PAglucose-6-phosphate	ACYPI000752-PAglucose-6-phosphate	238
112060000	86765000	80184000	104050000	115040000	82304000	96845000	106880000	96864000	81461000				3	3	3	26.6	26.6	26.6	10.594	0	21.591	1388100000	37	ACYPI000763-PA barrier-to-autointegration factor-like transcript variant 2	ACYPI000763-PAbarrier-to-autointegrationfactor-liketranscriptvariant2	ACYPI000763-PAbarrier-to-autointegrationfactor-liketranscriptvariant2	241
158340000	167560000	165550000	189860000	181840000	166590000	159850000	166980000	141890000	157180000				18	18	18	36.3	36.3	36.3	92.818	0	267.64	2578800000	141	ACYPI000765-PA programmed cell death 6-interacting protein-like	ACYPI000765-PAprogrammedcelldeath6-interactingprotein-like	ACYPI000765-PAprogrammedcelldeath6-interactingprotein-like	242
74291000	45349000	39608000	33956000	39758000	53231000	47281000	44589000	46795000	37560000				9	9	9	19.2	19.2	19.2	72.1	0	35.36	622710000	49	ACYPI000768-PA Maltase 1	ACYPI000768-PAMaltase1	ACYPI000768-PAMaltase1	243
39789000	34164000	0	29455000	51747000	54384000	39870000	0	51196000	38432000				6	6	6	17.2	17.2	17.2	69.331	0	30.395	586150000	38	ACYPI000769-PA delta regulatory subunit B56;ACYPI084112-PA delta regulatory subunit B56	ACYPI000769-PAdeltaregulatorysubunitB56;ACYPI084112-PAdeltaregulatorysubunitB56	ACYPI000769-PAdeltaregulatorysubunitB56;ACYPI084112-PAdeltaregulatorysubunitB56	244
230360000	227820000	251020000	185570000	178720000	465710000	266360000	267450000	273400000	146620000				8	8	8	49.6	49.6	49.6	15.307	0	34.399	3956700000	55	ACYPI000772-PA Fatty acid-binding protein 9	ACYPI000772-PAFattyacid-bindingprotein9	ACYPI000772-PAFattyacid-bindingprotein9	246
0	0	0	0	0	42847000	0	0	38366000	29656000				4	4	4	33.3	33.3	33.3	21.725	0	11.113	280600000	16	ACYPI000776-PA Ras-related protein R-Ras2	ACYPI000776-PARas-relatedproteinR-Ras2	ACYPI000776-PARas-relatedproteinR-Ras2	247
62213000	70189000	67958000	50250000	64364000	82523000	72670000	66330000	47540000	78783000				7	7	7	30	30	30	43.302	0	173.14	945610000	42	ACYPI000782-PA synapse-associated protein of kda	ACYPI000782-PAsynapse-associatedproteinofkda	ACYPI000782-PAsynapse-associatedproteinofkda	248
428070000	389360000	333650000	298940000	407370000	532270000	634320000	404660000	690700000	527340000				17	17	17	47.2	47.2	47.2	23.055	0	132.49	6938300000	195	ACYPI000783-PA 40S ribosomal protein S9	ACYPI000783-PA40SribosomalproteinS9	ACYPI000783-PA40SribosomalproteinS9	249
0	30843000	0	136650000	36833000	0	0	0	0	0				7	7	5	12.4	12.4	9.6	75.193	0	47.585	674760000	20	ACYPI000791-PA Vasa protein	ACYPI000791-PAVasaprotein	ACYPI000791-PAVasaprotein	251
164660000	74675000	61925000	87524000	102660000	56409000	51732000	52276000	41691000	32860000				8	8	8	45.4	45.4	45.4	23.438	0	28.969	1215200000	67	ACYPI000794-PA glutathione S-transferase-like	ACYPI000794-PAglutathioneS-transferase-like	ACYPI000794-PAglutathioneS-transferase-like	252
926590000	967230000	1096400000	1055800000	1018700000	1262900000	1035100000	1099200000	1070100000	977520000				21	21	6	68.6	68.6	19.4	36.133	0	323.31	16392000000	264	ACYPI000798-PA eukaryotic translation initiation factor 3 subunit	ACYPI000798-PAeukaryotictranslationinitiationfactor3subunit	ACYPI000798-PAeukaryotictranslationinitiationfactor3subunit	253
0	0	0	0	0	0	0	0	31289000	41990000				2	2	2	3.2	3.2	3.2	82.879	0	5.2435	300500000	14	ACYPI000818-PA Carboxylesterase 3	ACYPI000818-PACarboxylesterase3	ACYPI000818-PACarboxylesterase3	255
387160000	394770000	310500000	257380000	309400000	427780000	559730000	339150000	541300000	545140000				9	9	9	41.3	41.3	41.3	15.989	0	106.63	6053300000	160	ACYPI000819-PA 40S ribosomal protein S23	ACYPI000819-PA40SribosomalproteinS23	ACYPI000819-PA40SribosomalproteinS23	256
130400000	108750000	143640000	150390000	134090000	144000000	120180000	107770000	114730000	113970000				14	14	14	28.8	28.8	28.8	63.57	0	78.178	2135600000	124	ACYPI000826-PA tripeptidyl-peptidase 2-like	ACYPI000826-PAtripeptidyl-peptidase2-like	ACYPI000826-PAtripeptidyl-peptidase2-like	257
22173000	28979000	29095000	26226000	26778000	24332000	23371000	0	33682000	44488000				11	11	11	12.6	12.6	12.6	151.28	0	49.988	429150000	46	ACYPI000837-PA protein strawberry notch-like	ACYPI000837-PAproteinstrawberrynotch-like	ACYPI000837-PAproteinstrawberrynotch-like	259
0	0	51634000	0	0	0	0	0	0	47022000				4	4	4	19.5	19.5	19.5	31.043	0	26.366	129830000	8	ACYPI000840-PA uncharacterized protein	ACYPI000840-PAuncharacterizedprotein	ACYPI000840-PAuncharacterizedprotein	260
55632000	62818000	45898000	69052000	0	107190000	73120000	94708000	81215000	47724000				6	6	6	8	8	8	133.32	0	73.021	964690000	46	ACYPI000845-PA CG14608	ACYPI000845-PACG14608	ACYPI000845-PACG14608	262
96266000	174310000	78229000	87793000	58226000	186410000	130200000	274110000	97803000	157340000				6	6	6	10.1	10.1	10.1	98.133	0	89.749	2044100000	56	ACYPI000849-PA Ref_XM_001952457 PREDICTED_ similar to blimp-1	ACYPI000849-PARef_XM_001952457PREDICTED_similartoblimp-1	ACYPI000849-PARef_XM_001952457PREDICTED_similartoblimp-1	265
38337000	30888000	32870000	27414000	37321000	44327000	34200000	0	0	43119000				11	11	11	12.4	12.4	12.4	118.9	0	33.416	512460000	57	ACYPI000854-PA Ref_XM_001942991 PREDICTED_ similar to AGAP004078-PA	ACYPI000854-PARef_XM_001942991PREDICTED_similartoAGAP004078-PA	ACYPI000854-PARef_XM_001942991PREDICTED_similartoAGAP004078-PA	267
0	0	0	0	0	0	15266000	0	0	17365000				6	6	6	6.5	6.5	6.5	148.94	0	11.951	70523000	14	ACYPI000857-PA Cytoplasmic FMR1-interacting protein	ACYPI000857-PACytoplasmicFMR1-interactingprotein	ACYPI000857-PACytoplasmicFMR1-interactingprotein	268
12996000	0	12381000	12105000	12904000	0	0	0	0	12996000				4	4	4	8.4	8.4	8.4	80.874	0	27.142	171830000	31	ACYPI000870-PA ATP-dependent RNA helicase DDX1	ACYPI000870-PAATP-dependentRNAhelicaseDDX1	ACYPI000870-PAATP-dependentRNAhelicaseDDX1	269
290550000	320860000	331010000	308360000	404960000	315060000	283670000	286490000	313250000	272610000				20	20	20	41.4	41.4	41.4	69.552	0	195.44	5129100000	161	ACYPI000876-PA xaao aminopeptidase	ACYPI000876-PAxaaoaminopeptidase	ACYPI000876-PAxaaoaminopeptidase	271
123770000	80874000	100410000	91446000	94601000	122750000	71515000	128540000	130370000	105490000				18	18	18	37.1	37.1	37.1	69.929	0	107.16	1586000000	93	ACYPI000885-PA protein peanut-like transcript variant 5	ACYPI000885-PAproteinpeanut-liketranscriptvariant5	ACYPI000885-PAproteinpeanut-liketranscriptvariant5	272
70964000	89934000	77055000	81790000	52098000	81819000	71639000	96246000	96145000	100690000				8	8	8	26.7	26.7	26.7	42.339	0	105.54	1266100000	74	ACYPI000886-PA cAMP-dependent protein kinase type I-beta regulatory subunit	ACYPI000886-PAcAMP-dependentproteinkinasetypeI-betaregulatorysubunit	ACYPI000886-PAcAMP-dependentproteinkinasetypeI-betaregulatorysubunit	273
2230700000	2028500000	1598300000	1472800000	1730900000	2155400000	2071600000	1910000000	1710800000	1809900000				10	10	10	28.3	28.3	28.3	38.715	0	317.15	28913000000	242	ACYPI000889-PA drosmel_CG1259-PB	ACYPI000889-PAdrosmel_CG1259-PB	ACYPI000889-PAdrosmel_CG1259-PB	275
98673000	172360000	161590000	170810000	177760000	203690000	228240000	228290000	241790000	185720000				7	7	7	33.3	33.3	33.3	26.227	0	77.526	2719000000	79	ACYPI000890-PA uncharacterized protein	ACYPI000890-PAuncharacterizedprotein	ACYPI000890-PAuncharacterizedprotein	276
128630000	145810000	88338000	82180000	90687000	191000000	258800000	137560000	169140000	226680000				7	7	7	31.7	31.7	31.7	12.49	0	132.64	2145300000	70	ACYPI000896-PA 60S ribosomal protein L44	ACYPI000896-PA60SribosomalproteinL44	ACYPI000896-PA60SribosomalproteinL44	277
0	0	0	13393000	0	0	0	0	0	10373000				3	3	3	11.1	11.1	11.1	39.354	0	6.7409	82509000	16	ACYPI000897-PA Protein C9orf64	ACYPI000897-PAProteinC9orf64	ACYPI000897-PAProteinC9orf64	278
40156000	46781000	40924000	60037000	65091000	60643000	51327000	49161000	39882000	54379000				11	11	11	49	49	49	35.635	0	64.666	838540000	54	ACYPI000913-PA LUC7-like	ACYPI000913-PALUC7-like;ACYPI009101-PAsplicingfactorptsr1	ACYPI000913-PALUC7-like	283
155320000	139760000	170420000	110350000	130850000	99727000	121950000	171780000	167990000	121500000				19	19	19	20.5	20.5	20.5	115.02	0	98.207	2144200000	136	ACYPI000918-PA lysosomal alpha-mannosidase mannosidase alpha class member	ACYPI000918-PAlysosomalalpha-mannosidasemannosidasealphaclassmember	ACYPI000918-PAlysosomalalpha-mannosidasemannosidasealphaclassmember	285
533900000	526470000	419950000	416550000	497780000	600390000	424840000	449790000	465460000	376940000				6	6	5	16	16	10.5	44.252	0	204.24	7488300000	92	ACYPI000919-PA cystathionase-like	ACYPI000919-PAcystathionase-like	ACYPI000919-PAcystathionase-like	286
151970000	191330000	191050000	159430000	173610000	259410000	223180000	170020000	223610000	177130000				25	25	25	20.8	20.8	20.8	171.65	0	209.59	3173100000	203	ACYPI000923-PA uncharacterized protein	ACYPI000923-PAuncharacterizedprotein;ACYPI073825-PAglycogendebranchingenzyme-like	ACYPI000923-PAuncharacterizedprotein	287
747390000	815790000	718020000	748050000	850650000	811430000	921060000	788700000	942870000	750890000				14	14	14	71.5	71.5	71.5	14.766	0	98.367	12176000000	137	ACYPI000930-PA 40S ribosomal protein S15Aa	ACYPI000930-PA40SribosomalproteinS15Aa	ACYPI000930-PA40SribosomalproteinS15Aa	290
471870000	367140000	385700000	384650000	423440000	385970000	318270000	336350000	343400000	320340000				22	22	15	52.5	52.5	39	46.153	0	255.09	5921300000	186	ACYPI000933-PA 26s proteasome non-atpase regulatory subunit	ACYPI000933-PA26sproteasomenon-atpaseregulatorysubunit	ACYPI000933-PA26sproteasomenon-atpaseregulatorysubunit	291
2892900000	3099500000	2952000000	2859800000	3067300000	3598900000	3173200000	3121300000	3207000000	3138400000				43	43	43	61.9	61.9	61.9	70.45	0	323.31	48173000000	653	ACYPI000944-PA polyadenylate-binding protein 1-like	ACYPI000944-PApolyadenylate-bindingprotein1-like;ACYPI005710-PAPolyadenylate-bindingprotein4;ACYPI009909-PAPolyadenylate-bindingprotein4;ACYPI000601-PAPolyadenylate-bindingprotein4;ACYPI071406-PAapoptosis-promotingrna-bindingproteintia-1/tiar;ACYPI083785-PAPolyadenylate-bindingprotein4	ACYPI000944-PApolyadenylate-bindingprotein1-like	294
0	0	0	8941700	0	0	0	0	0	12986000				3	3	3	37.7	37.7	37.7	15.74	0	6.8081	52328000	12	ACYPI086743-PA histone acetyltransferase-like;ACYPI000946-PA DNA-directed RNA polymerase II 16 kDa polypeptide-like	ACYPI086743-PAhistoneacetyltransferase-like;ACYPI000946-PADNA-directedRNApolymeraseII16kDapolypeptide-like	ACYPI086743-PAhistoneacetyltransferase-like;ACYPI000946-PADNA-directedRNApolymeraseII16kDapolypeptide-like	295
0	0	0	0	17445000	0	21182000	0	0	0				2	2	2	12.6	12.6	12.6	22.414	0	9.115	189870000	13	ACYPI000955-PA synaptobrevin homolog YKT6-like transcript variant 1	ACYPI000955-PAsynaptobrevinhomologYKT6-liketranscriptvariant1	ACYPI000955-PAsynaptobrevinhomologYKT6-liketranscriptvariant1	297
507010000	465820000	395620000	369700000	417130000	464280000	534570000	536060000	535570000	574540000				10	10	10	38.4	38.4	38.4	42.286	0	203.29	7052700000	183	ACYPI000956-PA hemicentin-1-like transcript variant 2	ACYPI000956-PAhemicentin-1-liketranscriptvariant2	ACYPI000956-PAhemicentin-1-liketranscriptvariant2	298
7317700000	11091000000	10144000000	9972100000	10360000000	11172000000	12341000000	11839000000	11392000000	12556000000				38	36	36	84.5	82	82	32.4	0	323.31	166170000000	884	ACYPI000969-PA tropomyosin-2-like transcript variant 2	ACYPI000969-PAtropomyosin-2-liketranscriptvariant2;CON__Q3SX28	ACYPI000969-PAtropomyosin-2-liketranscriptvariant2	301
361010000	896860000	487610000	429980000	219370000	512660000	449400000	976440000	350310000	522830000				7	3	0	37.2	20.9	0	15.917	0	61.734	7346900000	63	ACYPI000983-PA Cuticle protein	ACYPI000983-PACuticleprotein	ACYPI000983-PACuticleprotein	303
109510000	117030000	87198000	87253000	96994000	96406000	138690000	111820000	97775000	103090000				14	14	14	14	14	14	127.73	0	74.336	1639900000	126	ACYPI000986-PA Glucose dehydrogenase	ACYPI000986-PAGlucosedehydrogenase	ACYPI000986-PAGlucosedehydrogenase	305
32761000	0	46105000	46049000	43544000	0	56759000	45193000	51402000	55210000				9	9	9	20.8	20.8	20.8	76.875	0	80.02	621250000	36	ACYPI000987-PA cytoplasmic dynein 1 intermediate chain-like transcript variant 3	ACYPI000987-PAcytoplasmicdynein1intermediatechain-liketranscriptvariant3	ACYPI000987-PAcytoplasmicdynein1intermediatechain-liketranscriptvariant3	306
163400000	190880000	183700000	194970000	143400000	225040000	135670000	161430000	134810000	154940000				8	8	8	40.7	40.7	40.7	28.529	0	193.98	2700200000	80	ACYPI000995-PA endoplasmic reticulum resident protein 29-like	ACYPI000995-PAendoplasmicreticulumresidentprotein29-like	ACYPI000995-PAendoplasmicreticulumresidentprotein29-like	308
21356000000	18450000000	16784000000	17855000000	16693000000	18042000000	18673000000	19945000000	17290000000	19271000000				110	110	110	77.1	77.1	77.1	102.7	0	323.31	277350000000	1817	ACYPI001001-PA Paramyosin	ACYPI001001-PAParamyosin;ACYPI010079-PAinsulinreceptorprecursor	ACYPI001001-PAParamyosin	310
275480000	320210000	348170000	298570000	325030000	347130000	296720000	318390000	293440000	303920000				8	8	8	41	41	41	26.49	0	74.927	4904300000	121	ACYPI001003-PA Proteasome subunit alpha type-2	ACYPI001003-PAProteasomesubunitalphatype-2	ACYPI001003-PAProteasomesubunitalphatype-2	311
3722400000	4025900000	4936100000	5884900000	5564400000	4242200000	3951200000	4925500000	4217100000	4345900000				35	30	28	76.6	72	66.9	50.947	0	323.31	73917000000	542	ACYPI001007-PA tubulin beta-3 chain-like	ACYPI001007-PAtubulinbeta-3chain-like	ACYPI001007-PAtubulinbeta-3chain-like	312
241430000	173480000	96562000	117370000	141070000	219300000	179820000	176580000	114480000	44853000				6	6	6	27	27	27	26.735	0	95.129	2431000000	83	ACYPI001013-PA c-type lectin ctl - galactose binding	ACYPI001013-PAc-typelectinctl-galactosebinding	ACYPI001013-PAc-typelectinctl-galactosebinding	314
34608000	47448000	52583000	64886000	46765000	41533000	65087000	59162000	57241000	67497000				12	12	12	45	45	45	33.288	0	34.88	849830000	63	ACYPI001015-PA mitochondrial 2-oxoglutarate/malate carrier protein-like	ACYPI001015-PAmitochondrial2-oxoglutarate/malatecarrierprotein-like	ACYPI001015-PAmitochondrial2-oxoglutarate/malatecarrierprotein-like	315
54102000	62841000	59215000	59517000	77793000	0	72466000	71390000	57787000	74482000				12	12	12	16.9	16.9	16.9	114.19	0	109.53	883830000	83	ACYPI001025-PA presequence protease	ACYPI001025-PApresequenceprotease	ACYPI001025-PApresequenceprotease	320
216360000	139050000	143530000	186990000	235400000	101740000	107470000	83700000	140780000	79968000				5	5	5	14.2	14.2	14.2	22.672	0	26.888	2154000000	59	ACYPI001027-PA CG6180	ACYPI001027-PACG6180;ACYPI005460-PAphosphatidylethanolamine-bindingproteinhomologF40A3.3-like	ACYPI001027-PACG6180	321
396790000	330140000	375670000	343530000	375240000	422140000	368200000	440810000	361280000	299430000				15	15	15	33.7	33.7	33.7	56.867	0	216.92	5729300000	144	ACYPI001032-PA catalase-like	ACYPI001032-PAcatalase-like	ACYPI001032-PAcatalase-like	322
8287500	10337000	0	0	0	0	17442000	0	0	17277000				5	5	5	14.2	14.2	14.2	72.081	0	32.186	191640000	34	ACYPI001039-PA Cleft lip and palate transmembrane protein 1	ACYPI001039-PACleftlipandpalatetransmembraneprotein1	ACYPI001039-PACleftlipandpalatetransmembraneprotein1	324
0	10600000	10629000	6935200	8687900	0	13438000	0	13791000	13317000				7	7	7	7.8	7.8	7.8	137.03	0	16.804	134300000	45	ACYPI001046-PA ATPase family AAA domain-containing protein 2B	ACYPI001046-PAATPasefamilyAAAdomain-containingprotein2B	ACYPI001046-PAATPasefamilyAAAdomain-containingprotein2B	325
140490000	154670000	153830000	140170000	124550000	168980000	155350000	182090000	184030000	187180000				12	12	12	43.5	43.5	43.5	53.605	0	214.04	2391100000	158	ACYPI001047-PA target of myb1 tom1	ACYPI001047-PAtargetofmyb1tom1	ACYPI001047-PAtargetofmyb1tom1	326
96109000	100880000	125540000	106050000	119470000	108810000	79427000	91816000	82863000	86449000				11	11	11	47.4	47.4	47.4	32.946	0	86.629	1603600000	84	ACYPI001056-PA protein MEMO1-like	ACYPI001056-PAproteinMEMO1-like	ACYPI001056-PAproteinMEMO1-like	328
0	35121000	41429000	38789000	0	39371000	40618000	37879000	39834000	44799000				9	9	9	15.4	15.4	15.4	83.769	0	26.02	576960000	53	ACYPI001069-PA neurochondrin homolog	ACYPI001069-PAneurochondrinhomolog	ACYPI001069-PAneurochondrinhomolog	331
0	0	0	0	0	174810000	194790000	168800000	340090000	266330000				2	2	2	9.6	9.6	9.6	21.245	0	99.749	1969600000	25	ACYPI001095-PA cuticular protein 68	ACYPI001095-PAcuticularprotein68	ACYPI001095-PAcuticularprotein68	335
0	0	109730000	0	0	0	115920000	0	0	0				2	2	2	4.3	4.3	4.3	60.966	0	5.9486	726880000	19	ACYPI001100-PA Amidotransferase subunit A	ACYPI001100-PAAmidotransferasesubunitA	ACYPI001100-PAAmidotransferasesubunitA	337
60881000	101770000	118140000	106090000	110820000	113360000	105010000	103830000	117650000	83759000				5	3	3	16.4	10.1	10.1	30.829	0	12.561	1711100000	46	ACYPI001106-PA inorganic pyrophosphatase-like	ACYPI001106-PAinorganicpyrophosphatase-like	ACYPI001106-PAinorganicpyrophosphatase-like	338
1090300000	1045300000	709170000	736710000	929850000	504520000	911170000	1061400000	709520000	709860000				21	21	21	44.2	44.2	44.2	45.938	0	323.31	12150000000	289	ACYPI001113-PA medium-chain acyl-coa dehydrogenase	ACYPI001113-PAmedium-chainacyl-coadehydrogenase	ACYPI001113-PAmedium-chainacyl-coadehydrogenase	340
53203000	87162000	76457000	78293000	0	60445000	87072000	100390000	75378000	82347000				3	3	3	18	18	18	16.03	0	16.472	1025100000	35	ACYPI001115-PA Mitochondrial thioredoxin 2	ACYPI001115-PAMitochondrialthioredoxin2	ACYPI001115-PAMitochondrialthioredoxin2	341
0	78313000	59434000	71797000	96620000	55021000	0	52978000	69107000	59645000				6	6	6	44.7	44.7	44.7	16.993	0	43.107	1026800000	42	ACYPI001121-PA Ref_XM_001951634 PREDICTED_ similar to NHP2 CG5258-PA	ACYPI001121-PARef_XM_001951634PREDICTED_similartoNHP2CG5258-PA	ACYPI001121-PARef_XM_001951634PREDICTED_similartoNHP2CG5258-PA	342
5599000000	4891600000	4924600000	5391500000	4863400000	4016400000	2978600000	2586300000	3343700000	2501100000				65	65	65	54.3	54.3	54.3	122.91	0	323.31	65030000000	967	ACYPI001125-PA Glycogen phosphorylase	ACYPI001125-PAGlycogenphosphorylase	ACYPI001125-PAGlycogenphosphorylase	343
648120000	1174200000	711630000	1042900000	386570000	593090000	732290000	273740000	566760000	693910000				5	5	4	17.4	17.4	13.8	38.44	0	48.856	11440000000	95	ACYPI001128-PA Cathepsin B-S;ACYPI000018-PA Cathepsin B-S	ACYPI001128-PACathepsinB-S;ACYPI000018-PACathepsinB-S	ACYPI001128-PACathepsinB-S;ACYPI000018-PACathepsinB-S	344
213840000	178740000	137320000	144470000	194020000	106790000	149080000	129540000	140290000	148720000				9	9	1	37.2	37.2	2.9	50.144	0	115.51	2324800000	99	ACYPI001129-PA splicing factor U2AF 50 kDa subunit-like	ACYPI001129-PAsplicingfactorU2AF50kDasubunit-like	ACYPI001129-PAsplicingfactorU2AF50kDasubunit-like	345
96775000	78733000	85198000	89790000	80094000	74282000	66219000	64202000	53299000	70603000				9	9	9	30.6	30.6	30.6	38.851	0	53.79	1273400000	51	ACYPI001130-PA sorbitol dehydrogenase-2	ACYPI001130-PAsorbitoldehydrogenase-2	ACYPI001130-PAsorbitoldehydrogenase-2	346
149970000	145860000	106210000	116590000	155380000	53741000	138780000	130030000	91506000	96690000				8	8	8	21.6	21.6	21.6	58.197	0	58.697	1716500000	84	ACYPI001153-PA succinyl-CoA_3-ketoacid-coenzyme A transferase 1 mitochondrial-like	ACYPI001153-PAsuccinyl-CoA_3-ketoacid-coenzymeAtransferase1mitochondrial-like	ACYPI001153-PAsuccinyl-CoA_3-ketoacid-coenzymeAtransferase1mitochondrial-like	351
135230000	171100000	245260000	191540000	155020000	198950000	185860000	179190000	193040000	190610000				6	6	6	51.5	51.5	51.5	18.98	0	181.11	3046900000	101	ACYPI001160-PA Mitochondrial import receptor subunit TOM20 homolog B	ACYPI001160-PAMitochondrialimportreceptorsubunitTOM20homologB	ACYPI001160-PAMitochondrialimportreceptorsubunitTOM20homologB	352
121090000	101850000	104550000	104630000	90779000	133720000	112070000	102400000	149940000	126520000				22	22	22	20.9	20.9	20.9	139.72	0	89.31	1768600000	132	ACYPI001168-PA Cullin-associated NEDD8-dissociated protein 1	ACYPI001168-PACullin-associatedNEDD8-dissociatedprotein1	ACYPI001168-PACullin-associatedNEDD8-dissociatedprotein1	353
159730000	136820000	145630000	159840000	148430000	169250000	138890000	140700000	163580000	136670000				14	14	10	18.9	18.9	12.8	92.47	0	103.98	2248400000	135	ACYPI001171-PA Ubiquitin carboxyl-terminal hydrolase	ACYPI001171-PAUbiquitincarboxyl-terminalhydrolase	ACYPI001171-PAUbiquitincarboxyl-terminalhydrolase	355
434740000	502900000	496980000	508520000	530820000	470560000	490810000	522320000	552940000	466060000				16	16	16	74.3	74.3	74.3	34.612	0	103.99	7870700000	171	ACYPI001186-PA 26S proteasome non-ATPase regulatory subunit 14	ACYPI001186-PA26Sproteasomenon-ATPaseregulatorysubunit14	ACYPI001186-PA26Sproteasomenon-ATPaseregulatorysubunit14	357
111250000	80364000	78541000	81404000	111310000	45201000	0	59035000	0	59965000				16	16	16	55.5	55.5	55.5	33.116	0	74.276	1153200000	70	ACYPI001188-PA 1-phosphatidylinositol-4	ACYPI001188-PA1-phosphatidylinositol-4	ACYPI001188-PA1-phosphatidylinositol-4	358
1552700000	1359700000	1439600000	1342100000	1433100000	1396800000	1444900000	1297000000	1224900000	1333800000				9	9	9	36.2	36.2	36.2	22.896	0	99.642	21439000000	220	ACYPI001190-PA protein wos2-like	ACYPI001190-PAproteinwos2-like	ACYPI001190-PAproteinwos2-like	359
52277000	66589000	62916000	49221000	55347000	61570000	60423000	68369000	55391000	55806000				12	11	11	35.1	32.4	32.4	48.971	0	28.491	918340000	65	ACYPI001194-PA vacuolar sorting protein 4 transcript variant 1	ACYPI001194-PAvacuolarsortingprotein4transcriptvariant1	ACYPI001194-PAvacuolarsortingprotein4transcriptvariant1	360
0	24069000	0	36456000	0	0	0	0	0	0				9	9	9	19.8	19.8	19.8	59.84	0	43.59	319360000	24	ACYPI001216-PA Apoptosis inhibitor 5 homolog	ACYPI001216-PAApoptosisinhibitor5homolog	ACYPI001216-PAApoptosisinhibitor5homolog	362
46817000	32279000	0	41939000	72883000	0	35197000	0	38990000	57421000				3	3	3	26	26	26	16.227	0	35.198	616520000	34	ACYPI001217-PA U1 small nuclear ribonucleoprotein C	ACYPI001217-PAU1smallnuclearribonucleoproteinC	ACYPI001217-PAU1smallnuclearribonucleoproteinC	363
16248000	0	0	23140000	19804000	0	0	0	0	0				2	2	2	23.3	23.3	23.3	20.599	0	19.884	242010000	17	ACYPI001219-PA Actin-related protein 2/3 complex subunit 3	ACYPI001219-PAActin-relatedprotein2/3complexsubunit3	ACYPI001219-PAActin-relatedprotein2/3complexsubunit3	364
0	0	0	0	0	13680000	0	0	14577000	12282000				5	5	5	9.2	9.2	9.2	98.241	0	21.962	93434000	21	ACYPI001228-PA AP-1 complex subunit gamma-1-like transcript variant 1	ACYPI001228-PAAP-1complexsubunitgamma-1-liketranscriptvariant1	ACYPI001228-PAAP-1complexsubunitgamma-1-liketranscriptvariant1	366
124940000	140980000	146030000	145790000	134910000	137830000	128620000	128550000	133670000	132390000				7	7	7	33.4	33.4	33.4	34.816	0	80.936	2141500000	78	ACYPI001232-PA small glutamine-rich tetratricopeptide repeat-containing protein alpha-like	ACYPI001232-PAsmallglutamine-richtetratricopeptiderepeat-containingproteinalpha-like	ACYPI001232-PAsmallglutamine-richtetratricopeptiderepeat-containingproteinalpha-like	367
111770000	112870000	123150000	117060000	156480000	85962000	98049000	91647000	103500000	103200000				12	12	12	22.5	22.5	22.5	74.041	0	67.226	1759300000	97	ACYPI001246-PA proliferating-cell nucleolar antigen p120	ACYPI001246-PAproliferating-cellnucleolarantigenp120	ACYPI001246-PAproliferating-cellnucleolarantigenp120	368
0	54014000	0	0	37888000	0	54196000	55639000	0	56912000				3	3	3	20.6	20.6	20.6	29.145	0	108.29	528280000	25	ACYPI001249-PA CG31472	ACYPI001249-PACG31472	ACYPI001249-PACG31472	369
0	30565000	0	0	0	0	0	35127000	0	31743000				2	2	2	6.8	6.8	6.8	46.456	0	5.1554	136830000	9	ACYPI001253-PA uncharacterized protein	ACYPI001253-PAuncharacterizedprotein	ACYPI001253-PAuncharacterizedprotein	370
99902000	81440000	67978000	65880000	86383000	47286000	93691000	107460000	77233000	91595000				24	24	24	26.2	26.2	26.2	122.01	0	124.7	1213800000	131	ACYPI001268-PA protein 4.1 homolog transcript variant 1	ACYPI001268-PAprotein4.1homologtranscriptvariant1	ACYPI001268-PAprotein4.1homologtranscriptvariant1	371
2436700000	2217400000	2481100000	2525000000	2714000000	1833900000	1560700000	1960200000	1634800000	1786300000				28	28	28	67.5	67.5	67.5	46.423	0	323.31	33734000000	360	ACYPI001272-PA nadp-specific isocitrate dehydrogenase	ACYPI001272-PAnadp-specificisocitratedehydrogenase	ACYPI001272-PAnadp-specificisocitratedehydrogenase	372
0	0	19863000	15414000	0	0	0	0	13172000	0				2	2	2	10.5	10.5	10.5	33.042	0.0031646	3.0168	164080000	22	ACYPI001273-PA Ref_XM_001951417 PREDICTED_ similar to molybdenum cofactor sulfurase;ACYPI005715-PA Ref_XM_001948722 PREDICTED_ similar to molybdenum cofactor sulfurase	ACYPI001273-PARef_XM_001951417PREDICTED_similartomolybdenumcofactorsulfurase;ACYPI005715-PARef_XM_001948722PREDICTED_similartomolybdenumcofactorsulfurase	ACYPI001273-PARef_XM_001951417PREDICTED_similartomolybdenumcofactorsulfurase;ACYPI005715-PARef_XM_001948722PREDICTED_similartomolybdenumcofactorsulfurase	373
67364000	71651000	0	0	80656000	78884000	101450000	0	100680000	112850000				3	3	3	15.7	15.7	15.7	52.434	0	25.446	1158100000	30	ACYPI001274-PA excitatory amino acid transporter 1-like transcript variant 2	ACYPI001274-PAexcitatoryaminoacidtransporter1-liketranscriptvariant2	ACYPI001274-PAexcitatoryaminoacidtransporter1-liketranscriptvariant2	374
54300000	39913000	40568000	35560000	39118000	50090000	40987000	52958000	52298000	42741000				11	11	11	9.5	9.5	9.5	196.07	0	69.465	721640000	59	ACYPI001279-PA nuclear pore complex protein nup98 transcript variant 2	ACYPI001279-PAnuclearporecomplexproteinnup98transcriptvariant2	ACYPI001279-PAnuclearporecomplexproteinnup98transcriptvariant2	376
0	0	28522000	25218000	31530000	0	0	0	0	0				4	4	4	14.1	14.1	14.1	39.844	0	12.059	256000000	22	ACYPI001280-PA 39S ribosomal protein L44 mitochondrial-like	ACYPI001280-PA39SribosomalproteinL44mitochondrial-like	ACYPI001280-PA39SribosomalproteinL44mitochondrial-like	377
1051500000	686890000	619700000	631710000	749150000	473040000	688110000	850900000	708340000	594180000				18	18	18	63.7	63.7	63.7	31.495	0	241.84	10444000000	242	ACYPI001292-PA probable enoyl-CoA hydratase mitochondrial-like	ACYPI001292-PAprobableenoyl-CoAhydratasemitochondrial-like	ACYPI001292-PAprobableenoyl-CoAhydratasemitochondrial-like	379
48873000	50993000	64223000	66428000	61049000	66062000	47589000	45514000	55284000	48875000				5	5	5	50.3	50.3	50.3	18.661	0	44.48	975490000	46	ACYPI001299-PA Ubiquitin-conjugating enzyme E2 G1	ACYPI001299-PAUbiquitin-conjugatingenzymeE2G1	ACYPI001299-PAUbiquitin-conjugatingenzymeE2G1	382
20712000	158460000	326220000	197830000	83134000	0	158900000	193100000	195670000	377510000				2	2	2	7.4	7.4	7.4	49.003	0	123.3	2418300000	37	ACYPI001305-PA uncharacterized protein	ACYPI001305-PAuncharacterizedprotein	ACYPI001305-PAuncharacterizedprotein	385
252160000	184590000	199650000	190320000	207620000	205630000	210800000	232530000	217270000	192120000				8	8	8	60.6	60.6	60.6	10.966	0	55.281	3067600000	78	ACYPI001322-PA hypothetical protein LOC100159988	ACYPI001322-PAhypotheticalproteinLOC100159988	ACYPI001322-PAhypotheticalproteinLOC100159988	388
106100000	108710000	74184000	91570000	96586000	134650000	150920000	157590000	152720000	79867000				5	5	5	11.7	11.7	11.7	42.922	0	49.962	1697400000	54	ACYPI001325-PA uncharacterized protein	ACYPI001325-PAuncharacterizedprotein	ACYPI001325-PAuncharacterizedprotein	389
197390000	124880000	180090000	147120000	128850000	138680000	123680000	128560000	176210000	136040000				9	9	9	38.6	38.6	38.6	28.111	0	194.28	2263700000	89	ACYPI001339-PA splicing factor U2af 38 kDa subunit-like transcript variant 1	ACYPI001339-PAsplicingfactorU2af38kDasubunit-liketranscriptvariant1	ACYPI001339-PAsplicingfactorU2af38kDasubunit-liketranscriptvariant1	396
2576900000	2160000000	2267600000	2614100000	2729500000	1673400000	1915800000	1725800000	1707100000	2361800000				10	10	10	44.7	44.7	44.7	19.784	0	185.21	35390000000	211	ACYPI001342-PA Nucleoplasmin protein	ACYPI001342-PANucleoplasminprotein	ACYPI001342-PANucleoplasminprotein	397
562420000	658320000	609690000	622740000	574460000	638840000	787410000	497180000	677910000	759470000				13	13	13	30.6	30.6	30.6	34.172	0	209.03	11509000000	149	ACYPI001351-PA leucine-rich repeat-containing protein 59-like	ACYPI001351-PAleucine-richrepeat-containingprotein59-like	ACYPI001351-PAleucine-richrepeat-containingprotein59-like	398
36553000	41092000	41541000	37273000	32291000	48721000	34096000	52467000	46652000	52133000				7	7	7	46.4	46.4	46.4	24.834	0	45.357	615220000	59	ACYPI001352-PA charged multivesicular body protein 5-like	ACYPI001352-PAchargedmultivesicularbodyprotein5-like	ACYPI001352-PAchargedmultivesicularbodyprotein5-like	399
308870000	328540000	305770000	328770000	403610000	280580000	319740000	314120000	271010000	287840000				6	6	6	14.2	14.2	14.2	59.881	0	95.704	4947700000	84	ACYPI001354-PA protein phosphatase gamma	ACYPI001354-PAproteinphosphatasegamma;ACYPI007517-PAprobableproteinphosphataseCG10417-liketranscriptvariant1	ACYPI001354-PAproteinphosphatasegamma	400
1048800000	961740000	1002200000	953020000	1092800000	937290000	836050000	990070000	935330000	895780000				26	26	26	55.4	55.4	55.4	48.622	0	223.71	14825000000	327	ACYPI001365-PA Chitinase-like protein Idgf5	ACYPI001365-PAChitinase-likeproteinIdgf5	ACYPI001365-PAChitinase-likeproteinIdgf5	402
55353000	50863000	59970000	62826000	55182000	0	58746000	0	0	54484000				2	2	2	13.6	13.6	13.6	35.147	0	74.227	691580000	24	ACYPI001371-PA hypothetical protein LOC100160038	ACYPI001371-PAhypotheticalproteinLOC100160038	ACYPI001371-PAhypotheticalproteinLOC100160038	403
46841000	40680000	43015000	33171000	40265000	100390000	131270000	89039000	147280000	165190000				12	12	12	81.8	81.8	81.8	21.651	0	62.721	1402300000	94	ACYPI001372-PA RhoA;ACYPI003261-PA apis_ncbi_hmm4711	ACYPI001372-PARhoA;ACYPI003261-PAapis_ncbi_hmm4711	ACYPI001372-PARhoA;ACYPI003261-PAapis_ncbi_hmm4711	404
844570000	857240000	777910000	727820000	912040000	501270000	702960000	830840000	557070000	600690000				21	21	21	37.2	37.2	37.2	53.165	0	200.64	11054000000	265	ACYPI001374-PA dihydrolipoyllysine-residue acetyltransferase component of pyruvate dehydrogenase complex mitochondrial-like	ACYPI001374-PAdihydrolipoyllysine-residueacetyltransferasecomponentofpyruvatedehydrogenasecomplexmitochondrial-like	ACYPI001374-PAdihydrolipoyllysine-residueacetyltransferasecomponentofpyruvatedehydrogenasecomplexmitochondrial-like	405
21292000	28467000	0	0	25622000	45591000	35633000	0	0	44141000				6	6	6	17.7	17.7	17.7	37.735	0	15.689	409720000	41	ACYPI001382-PA magnesium transporter protein 1-like	ACYPI001382-PAmagnesiumtransporterprotein1-like	ACYPI001382-PAmagnesiumtransporterprotein1-like	406
19378000	0	0	14457000	20652000	20117000	0	22329000	0	19871000				7	7	7	6.7	6.7	6.7	193.85	0	22.906	215900000	30	ACYPI001396-PA Brain chitinase and chia	ACYPI001396-PABrainchitinaseandchia	ACYPI001396-PABrainchitinaseandchia	408
33024000	0	0	0	30822000	0	0	0	0	0				10	10	10	17.6	17.6	17.6	80.639	0	34.289	243750000	25	ACYPI001408-PA ACSL3 protein	ACYPI001408-PAACSL3protein	ACYPI001408-PAACSL3protein	410
23848000	0	26742000	25854000	27667000	0	0	0	0	0				3	3	3	11	11	11	33.585	0	10.128	213840000	21	ACYPI085144-PA hypothetical protein LOC100575549;ACYPI001409-PA Ref_XM_001951213 PREDICTED_ similar to conserved hypothetical protein;ACYPI008197-PA uncharacterized protein	ACYPI085144-PAhypotheticalproteinLOC100575549;ACYPI001409-PARef_XM_001951213PREDICTED_similartoconservedhypotheticalprotein;ACYPI008197-PAuncharacterizedprotein	ACYPI085144-PAhypotheticalproteinLOC100575549;ACYPI001409-PARef_XM_001951213PREDICTED_similartoconservedhypotheticalprotein;ACYPI008197-PAuncharacterizedprotein	411
18687000	0	0	0	18886000	0	0	0	0	0				4	4	4	9.6	9.6	9.6	81.422	0	13.175	121290000	13	ACYPI001410-PA nucleolar protein	ACYPI001410-PAnucleolarprotein	ACYPI001410-PAnucleolarprotein	412
68434000	74261000	62742000	74683000	88036000	69528000	66571000	87590000	76938000	81076000				9	9	9	34.5	34.5	34.5	35.965	0	165.14	1193000000	58	ACYPI001424-PA CG10237	ACYPI001424-PACG10237	ACYPI001424-PACG10237	414
0	27549000	0	22716000	0	24780000	21493000	0	0	22962000				6	6	6	11.9	11.9	11.9	92.513	0	21.356	253660000	30	ACYPI001430-PA extended synaptotagmin-like protein 2;ACYPI072117-PA RE26910p	ACYPI001430-PAextendedsynaptotagmin-likeprotein2;ACYPI072117-PARE26910p	ACYPI001430-PAextendedsynaptotagmin-likeprotein2;ACYPI072117-PARE26910p	415
199700000	146780000	168440000	158130000	182770000	124870000	83471000	94792000	110570000	93241000				23	23	23	37	37	37	87.365	0	86.902	2105200000	106	ACYPI001440-PA QARS protein	ACYPI001440-PAQARSprotein	ACYPI001440-PAQARSprotein	416
16618000	0	0	0	25576000	0	0	0	0	0				4	4	4	34.1	34.1	34.1	21.571	0	10.307	272620000	20	ACYPI001441-PA Lethal	ACYPI001441-PALethal	ACYPI001441-PALethal	417
151220000	199520000	197370000	237450000	164000000	159790000	202070000	202250000	237320000	209370000				20	20	20	24.9	24.9	24.9	125.8	0	105.41	3236100000	199	ACYPI001446-PA hypothetical protein LOC100160121	ACYPI001446-PAhypotheticalproteinLOC100160121	ACYPI001446-PAhypotheticalproteinLOC100160121	418
98803000	95438000	83394000	98425000	100770000	68687000	73849000	71841000	62383000	77392000				6	6	6	19.3	19.3	19.3	40.808	0	59.168	1286200000	70	ACYPI001453-PA dna-j/hsp40	ACYPI001453-PAdna-j/hsp40	ACYPI001453-PAdna-j/hsp40	420
28260000	29862000	28296000	30931000	32885000	27197000	29367000	35505000	45912000	27499000				5	5	5	6.2	6.2	6.2	138.17	0	17.691	460600000	34	ACYPI001458-PA hypothetical protein LOC100160135	ACYPI001458-PAhypotheticalproteinLOC100160135	ACYPI001458-PAhypotheticalproteinLOC100160135	421
4940900000	4730800000	4760400000	4692900000	5603900000	5305800000	4206300000	4535800000	3990000000	4014200000				21	21	21	50.5	50.5	50.5	41.478	0	323.31	71433000000	559	ACYPI001461-PA Glutamine synthetase 2 cytoplasmic	ACYPI001461-PAGlutaminesynthetase2cytoplasmic;ACYPI089292-PAGlutaminesynthetase;ACYPI006239-PAglutaminesynthetase2cytoplasmic-like;ACYPI073884-PAglutaminesynthetase2cytoplasmic-like;ACYPI073515-PAuncharacterizedprotein;ACYPI001157-PAGlutaminesynthetase2cytoplasmic	ACYPI001461-PAGlutaminesynthetase2cytoplasmic	423
704060000	815070000	846510000	909030000	1046100000	979790000	841410000	751620000	814990000	994530000				7	7	6	50.8	50.8	42.2	13.225	0	210.22	13447000000	149	ACYPI001466-PA AGAP007116-PA	ACYPI001466-PAAGAP007116-PA;ACYPI067564-PAhypotheticalproteinLOC100571297	ACYPI001466-PAAGAP007116-PA	425
331620000	326560000	363730000	335080000	307580000	401880000	375150000	403280000	323220000	275730000				8	8	8	62.9	62.9	62.9	10.374	0	47.646	5485200000	114	ACYPI001471-PA Acyl-CoA-binding protein-like protein	ACYPI001471-PAAcyl-CoA-bindingprotein-likeprotein	ACYPI001471-PAAcyl-CoA-bindingprotein-likeprotein	427
504680000	1117400000	302780000	617550000	192690000	659740000	624350000	1477000000	467630000	732340000				2	2	2	8.6	8.6	8.6	46.232	0	48.415	9373500000	62	ACYPI001474-PA uncharacterized protein	ACYPI001474-PAuncharacterizedprotein	ACYPI001474-PAuncharacterizedprotein	428
378820000	447250000	409730000	413800000	442860000	311880000	355240000	296180000	324860000	432230000				24	24	24	40.6	40.6	40.6	79.956	0	264.84	6023500000	221	ACYPI001475-PA glycerol-3-phosphate dehydrogenase mitochondrial-like transcript variant 3	ACYPI001475-PAglycerol-3-phosphatedehydrogenasemitochondrial-liketranscriptvariant3	ACYPI001475-PAglycerol-3-phosphatedehydrogenasemitochondrial-liketranscriptvariant3	429
36857000	41633000	0	55817000	0	0	46650000	53275000	55987000	45936000				10	10	10	9.8	9.8	9.8	192.9	0	72.44	613150000	53	ACYPI001480-PA uncharacterized protein	ACYPI001480-PAuncharacterizedprotein	ACYPI001480-PAuncharacterizedprotein	431
338800000	392580000	365920000	375090000	371070000	385480000	396050000	412220000	518470000	355520000				16	16	16	33.3	33.3	33.3	77.323	0	236.4	6008800000	189	ACYPI001483-PA Echinoderm microtubule-associated protein-like 1	ACYPI001483-PAEchinodermmicrotubule-associatedprotein-like1	ACYPI001483-PAEchinodermmicrotubule-associatedprotein-like1	432
0	0	0	0	0	20075000	15849000	0	23735000	0				3	3	3	16.7	16.7	16.7	30.566	0	25.138	207640000	27	ACYPI001495-PA syntaxin-7-like	ACYPI001495-PAsyntaxin-7-like	ACYPI001495-PAsyntaxin-7-like	435
0	29880000	28814000	0	29610000	33646000	31811000	30191000	42359000	0				3	3	3	21.8	21.8	21.8	24.546	0	12.844	378210000	24	ACYPI001498-PA protein CWC15 homolog	ACYPI001498-PAproteinCWC15homolog	ACYPI001498-PAproteinCWC15homolog	438
115870000	126490000	126870000	137820000	107440000	134480000	149040000	156150000	162410000	152380000				12	12	12	52.6	52.6	52.6	38.629	0	127.73	2034900000	89	ACYPI001502-PA uncharacterized protein ZK1073.1-like	ACYPI001502-PAuncharacterizedproteinZK1073.1-like	ACYPI001502-PAuncharacterizedproteinZK1073.1-like	439
230210000	262040000	306840000	238360000	194150000	205550000	177990000	151350000	128300000	229990000				8	8	5	40.5	40.5	31.4	33.539	0	146.17	3663100000	50	ACYPI001514-PA Protein BCP1	ACYPI001514-PAProteinBCP1;ACYPI24508-PAProteinBCP1;ACYPI51252-PAProteinBCP1	ACYPI001514-PAProteinBCP1	440
0	0	0	0	0	74808000	69684000	40340000	74918000	0				4	4	4	10.2	10.2	10.2	60.795	0	35.999	552990000	19	ACYPI072803-PA chorion peroxidase precursor;ACYPI001523-PA chorion peroxidase precursor	ACYPI072803-PAchorionperoxidaseprecursor;ACYPI001523-PAchorionperoxidaseprecursor	ACYPI072803-PAchorionperoxidaseprecursor;ACYPI001523-PAchorionperoxidaseprecursor	443
86414000	87630000	114680000	116050000	107500000	110680000	128410000	116730000	114610000	110790000				10	10	10	37	37	37	36.054	0	73.176	1620500000	96	ACYPI001526-PA mitochondrial import receptor subunit TOM40 homolog 2-like	ACYPI001526-PAmitochondrialimportreceptorsubunitTOM40homolog2-like;ACYPI010046-PAmitochondrialimportreceptorsubunittom40	ACYPI001526-PAmitochondrialimportreceptorsubunitTOM40homolog2-like	444
615920000	675080000	665620000	652130000	753120000	689390000	709340000	608090000	880960000	826290000				16	16	16	67.1	67.1	67.1	24.065	0	306.65	11310000000	222	ACYPI001530-PA 40S ribosomal protein S5	ACYPI001530-PA40SribosomalproteinS5	ACYPI001530-PA40SribosomalproteinS5	446
57228000	53053000	45620000	55314000	49754000	44136000	40893000	51834000	41378000	48152000				4	4	4	28.4	28.4	28.4	31.528	0	44.585	728800000	52	ACYPI001531-PA Nucleoporin NUP53	ACYPI001531-PANucleoporinNUP53	ACYPI001531-PANucleoporinNUP53	447
0	48922000	0	55940000	58183000	0	0	0	0	0				5	5	5	27.1	27.1	27.1	39.735	0	28.733	475390000	28	ACYPI001532-PA mitochondrial ribosomal protein s22	ACYPI001532-PAmitochondrialribosomalproteins22	ACYPI001532-PAmitochondrialribosomalproteins22	448
200350000	326270000	199570000	195830000	193090000	523010000	598180000	339520000	576160000	659300000				16	16	16	6.8	6.8	6.8	178.98	0	98.854	5739500000	172	ACYPI001539-PA Ref_XM_001944227 PREDICTED_ similar to transcriptional co-repressor Sin3A	ACYPI001539-PARef_XM_001944227PREDICTED_similartotranscriptionalco-repressorSin3A	ACYPI001539-PARef_XM_001944227PREDICTED_similartotranscriptionalco-repressorSin3A	449
101110000	123790000	85117000	107610000	102920000	93445000	84042000	91138000	78408000	93190000				12	12	12	27.1	27.1	27.1	74.847	0	140.6	1529800000	95	ACYPI001543-PA Signal recognition particle 72 kDa protein;ACYPI082304-PA signal recognition particle 72 kDa protein-like	ACYPI001543-PASignalrecognitionparticle72kDaprotein;ACYPI082304-PAsignalrecognitionparticle72kDaprotein-like	ACYPI001543-PASignalrecognitionparticle72kDaprotein;ACYPI082304-PAsignalrecognitionparticle72kDaprotein-like	450
134540000	135720000	164380000	136170000	150070000	129950000	126580000	119020000	151760000	125860000				8	8	8	15	15	15	104.61	0	77.038	2109200000	70	ACYPI001552-PA hypothetical protein LOC100160238 transcript variant 3	ACYPI001552-PAhypotheticalproteinLOC100160238transcriptvariant3	ACYPI001552-PAhypotheticalproteinLOC100160238transcriptvariant3	454
0	0	0	12127000	9830100	0	0	0	0	0				3	3	3	7.6	7.6	7.6	59.166	0	12.05	94302000	16	ACYPI083890-PA Nucleoporin p54;ACYPI001562-PA probable nucleoporin Nup54-like	ACYPI083890-PANucleoporinp54;ACYPI001562-PAprobablenucleoporinNup54-like	ACYPI083890-PANucleoporinp54;ACYPI001562-PAprobablenucleoporinNup54-like	456
26408000	35642000	0	31738000	26960000	0	0	28322000	0	0				7	7	7	20.5	20.5	20.5	58.224	0	41.315	472970000	28	ACYPI001566-PA Sorting nexin-2	ACYPI001566-PASortingnexin-2	ACYPI001566-PASortingnexin-2	457
233250000	222680000	235760000	254800000	197340000	398010000	251950000	270550000	294740000	245100000				19	19	19	33.8	33.8	33.8	63.251	0	149.64	3966400000	196	ACYPI001577-PA asparagine synthetase [glutamine-hydrolyzing]-like	ACYPI001577-PAasparaginesynthetase[glutamine-hydrolyzing]-like	ACYPI001577-PAasparaginesynthetase[glutamine-hydrolyzing]-like	461
1186500000	1355200000	917030000	842650000	1275900000	1610600000	2107300000	1264800000	2016800000	2128500000				17	17	17	49.5	49.5	49.5	23.869	0	323.31	21904000000	315	ACYPI083436-PA 40S ribosomal protein S8-like;ACYPI001578-PA 40S ribosomal protein S8-like	ACYPI083436-PA40SribosomalproteinS8-like;ACYPI001578-PA40SribosomalproteinS8-like	ACYPI083436-PA40SribosomalproteinS8-like;ACYPI001578-PA40SribosomalproteinS8-like	462
136790000	144340000	75008000	115930000	179390000	96888000	111690000	124450000	79764000	114860000				10	10	10	28	28	28	47.036	0	147.65	1814400000	81	ACYPI001579-PA uncharacterized protein	ACYPI001579-PAuncharacterizedprotein	ACYPI001579-PAuncharacterizedprotein	463
311670000	319900000	376090000	303210000	316890000	345880000	278900000	333910000	373070000	348430000				24	24	24	59.1	59.1	59.1	45.97	0	170.6	5012500000	156	ACYPI001585-PA dead box atp-dependent rna helicase	ACYPI001585-PAdeadboxatp-dependentrnahelicase	ACYPI001585-PAdeadboxatp-dependentrnahelicase	464
93877000	36229000	48080000	43773000	88758000	35311000	0	0	0	33981000				13	13	12	26.2	26.2	25	75.214	0	139.62	812470000	54	ACYPI001587-PA Methyltransferase-like protein 13	ACYPI001587-PAMethyltransferase-likeprotein13	ACYPI001587-PAMethyltransferase-likeprotein13	465
117070000	128280000	102640000	89934000	117740000	138010000	143910000	133200000	145250000	110490000				18	18	11	36.6	36.6	22.5	77.789	0	193.75	1888500000	128	ACYPI001593-PA NADPH--cytochrome P450 reductase-like	ACYPI001593-PANADPH--cytochromeP450reductase-like;ACYPI005873-PANADPH--cytochromeP450reductase	ACYPI001593-PANADPH--cytochromeP450reductase-like	466
6698400000	9543100000	8171900000	6081800000	3817900000	9584200000	6826000000	9698500000	6053300000	5198800000				13	12	9	84.4	84.4	63.6	18.292	0	304.92	109850000000	312	ACYPI001599-PA Cuticle protein	ACYPI001599-PACuticleprotein	ACYPI001599-PACuticleprotein	467
1282800000	1250600000	1375400000	1416200000	1379300000	1389100000	1066800000	1044800000	1281100000	988520000				33	33	33	58.4	58.4	58.4	60.969	0	323.31	19734000000	328	ACYPI001600-PA phosphoglucomutase-like	ACYPI001600-PAphosphoglucomutase-like	ACYPI001600-PAphosphoglucomutase-like	468
0	145790000	0	0	0	87845000	0	130100000	0	0				2	2	2	29	29	29	14.718	0	85.064	1683100000	20	ACYPI001610-PA pupal cuticle protein	ACYPI001610-PApupalcuticleprotein	ACYPI001610-PApupalcuticleprotein	473
97530000	101760000	98064000	94712000	108970000	100200000	104160000	110480000	130500000	103950000				9	9	9	41.2	41.2	41.2	37.237	0	63.985	1628500000	63	ACYPI088345-PA Phosphoribosyl pyrophosphate synthase-associated protein 1;ACYPI001614-PA Phosphoribosyl pyrophosphate synthase-associated protein 1	ACYPI088345-PAPhosphoribosylpyrophosphatesynthase-associatedprotein1;ACYPI001614-PAPhosphoribosylpyrophosphatesynthase-associatedprotein1	ACYPI088345-PAPhosphoribosylpyrophosphatesynthase-associatedprotein1;ACYPI001614-PAPhosphoribosylpyrophosphatesynthase-associatedprotein1	475
0	0	17650000	21443000	0	0	23645000	0	18965000	0				13	13	13	3.4	3.4	3.4	581.67	0	29.317	231400000	34	ACYPI001617-PA Protein purity of essence	ACYPI001617-PAProteinpurityofessence	ACYPI001617-PAProteinpurityofessence	476
184920000	165360000	139250000	162340000	146400000	154210000	140660000	70684000	142840000	144090000				21	21	21	33.8	33.8	33.8	97.863	0	262.85	2441000000	149	ACYPI001622-PA Coatomer subunit gamma	ACYPI001622-PACoatomersubunitgamma	ACYPI001622-PACoatomersubunitgamma	477
0	0	6705900	0	0	0	0	10393000	0	0				3	3	3	10.1	10.1	10.1	38.202	0	4.9199	55624000	14	ACYPI001641-PA Histone RNA hairpin-binding protein	ACYPI001641-PAHistoneRNAhairpin-bindingprotein	ACYPI001641-PAHistoneRNAhairpin-bindingprotein	478
1321200000	1393300000	1158200000	1265000000	1243400000	1345400000	1616500000	1182200000	1291800000	1586800000				23	23	23	77.6	77.6	77.6	18.587	0	273.34	20277000000	343	ACYPI001643-PA 40S ribosomal protein S19	ACYPI001643-PA40SribosomalproteinS19	ACYPI001643-PA40SribosomalproteinS19	479
3501000000	5410200000	2449300000	1308400000	416270000	4004900000	2812300000	3510700000	630920000	1524800000				11	11	8	45.9	45.9	38.1	22.658	0	172.4	37342000000	191	ACYPI003527-PA Cuticle protein;ACYPI001644-PA Ref_XM_001947237 PREDICTED_ similar to cuticular protein;ACYPI002243-PA Cuticle protein	ACYPI003527-PACuticleprotein;ACYPI001644-PARef_XM_001947237PREDICTED_similartocuticularprotein;ACYPI002243-PACuticleprotein	ACYPI003527-PACuticleprotein;ACYPI001644-PARef_XM_001947237PREDICTED_similartocuticularprotein;ACYPI002243-PACuticleprotein	480
36783000	45164000	0	33669000	32093000	0	29906000	40026000	31381000	28438000				4	4	4	13.2	13.2	13.2	30.983	0	12.897	434930000	32	ACYPI001648-PA Ubiquinone biosynthesis protein COQ9	ACYPI001648-PAUbiquinonebiosynthesisproteinCOQ9	ACYPI001648-PAUbiquinonebiosynthesisproteinCOQ9	481
33339000	45268000	31963000	46818000	56888000	28264000	50666000	42740000	44972000	45885000				5	5	5	38.1	38.1	38.1	14.768	0	8.3678	642140000	44	ACYPI001655-PA AGAP012533-PA	ACYPI001655-PAAGAP012533-PA	ACYPI001655-PAAGAP012533-PA	482
1854000000	1592000000	1571900000	1556900000	1662900000	1712700000	1719000000	1711700000	1697500000	1548400000				13	13	12	80.5	80.5	67.7	17.705	0	323.31	24576000000	246	ACYPI001656-PA Peptidyl-prolyl cis-trans isomerase 3	ACYPI001656-PAPeptidyl-prolylcis-transisomerase3	ACYPI001656-PAPeptidyl-prolylcis-transisomerase3	483
39832000	0	32794000	26566000	22916000	0	35634000	30170000	40805000	32259000				7	7	7	9	9	9	124.23	0	29.678	420420000	33	ACYPI001659-PA hypothetical protein LOC100160359 transcript variant 2	ACYPI001659-PAhypotheticalproteinLOC100160359transcriptvariant2	ACYPI001659-PAhypotheticalproteinLOC100160359transcriptvariant2	484
1595600000	1704400000	1670300000	1609700000	1527200000	1942700000	1939000000	1744800000	2170400000	2195300000				128	128	128	66.5	66.5	66.5	266.38	0	323.31	28323000000	1189	ACYPI001668-PA Spectrin beta chain	ACYPI001668-PASpectrinbetachain;ACYPI48000-PAuncharacterizedprotein	ACYPI001668-PASpectrinbetachain	486
0	32326000	32194000	35684000	25096000	42706000	55915000	35677000	57026000	53649000				4	3	3	25.9	21	21	24.908	0	33.565	601880000	52	ACYPI001670-PA Ras-related protein Rab-1A	ACYPI001670-PARas-relatedproteinRab-1A	ACYPI001670-PARas-relatedproteinRab-1A	487
49043000	45852000	38257000	37525000	40159000	66530000	72058000	39034000	98632000	76041000				5	5	5	49	49	49	10.349	0	27.747	870450000	69	ACYPI001671-PA sec61 protein translocation complex beta-subunit	ACYPI001671-PAsec61proteintranslocationcomplexbeta-subunit	ACYPI001671-PAsec61proteintranslocationcomplexbeta-subunit	488
0	38010000	0	39020000	41023000	0	0	42645000	51944000	0				3	3	3	15.1	15.1	15.1	22.244	0	8.9151	315440000	22	ACYPI001676-PA uncharacterized protein	ACYPI001676-PAuncharacterizedprotein	ACYPI001676-PAuncharacterizedprotein	489
25341000	34870000	0	0	25373000	69150000	79310000	50779000	71592000	83343000				3	3	3	8.7	8.7	8.7	58.776	0	33.229	727380000	33	ACYPI001680-PA UDP-glucuronosyltransferase 2B10-like	ACYPI001680-PAUDP-glucuronosyltransferase2B10-like	ACYPI001680-PAUDP-glucuronosyltransferase2B10-like	490
0	0	0	37620000	33827000	0	0	0	0	0				3	3	3	12.8	12.8	12.8	44.027	0	15.357	158470000	7	ACYPI001683-PA uncharacterized protein	ACYPI001683-PAuncharacterizedprotein	ACYPI001683-PAuncharacterizedprotein	492
469960000	519850000	457900000	488510000	460790000	605420000	539520000	446900000	581150000	530500000				15	15	15	35.3	35.3	35.3	63.089	0	135.8	8231400000	188	ACYPI001686-PA Eukaryotic translation initiation factor 3 subunit L	ACYPI001686-PAEukaryotictranslationinitiationfactor3subunitL	ACYPI001686-PAEukaryotictranslationinitiationfactor3subunitL	493
206430000	208320000	279710000	264230000	239690000	266980000	186640000	239150000	218360000	189670000				13	13	13	49.1	49.1	49.1	35.011	0	219.04	3985100000	138	ACYPI001693-PA glyoxylate reductase/hydroxypyruvate reductase	ACYPI001693-PAglyoxylatereductase/hydroxypyruvatereductase;ACYPI008077-PABifunctionalmethylenetetrahydrofolatedehydrogenase/cyclohydrolase	ACYPI001693-PAglyoxylatereductase/hydroxypyruvatereductase	494
0	48777000	34839000	0	60305000	55398000	69606000	68395000	52747000	58113000				6	6	5	39.7	39.7	34.4	23.547	0	37.618	846720000	40	ACYPI001698-PA Ref_XM_001948259 PREDICTED_ similar to rab6	ACYPI001698-PARef_XM_001948259PREDICTED_similartorab6	ACYPI001698-PARef_XM_001948259PREDICTED_similartorab6	495
0	0	0	0	0	0	13291000	22578000	0	0				2	2	2	7.7	7.7	7.7	25.259	0.0080699	2.4904	39040000	6	ACYPI001703-PA hypothetical protein LOC100160404	ACYPI001703-PAhypotheticalproteinLOC100160404	ACYPI001703-PAhypotheticalproteinLOC100160404	496
121720000	118300000	124020000	133460000	107430000	87641000	169460000	136670000	89857000	145360000				14	14	14	40.9	40.9	40.9	52.522	0	151.48	1976100000	123	ACYPI001704-PA NADH dehydrogenase [ubiquinone] iron-sulfur protein 2	ACYPI001704-PANADHdehydrogenase[ubiquinone]iron-sulfurprotein2	ACYPI001704-PANADHdehydrogenase[ubiquinone]iron-sulfurprotein2	497
36798000	49518000	44759000	79793000	50040000	65667000	44042000	61121000	38753000	48032000				8	6	6	45.2	42.2	42.2	33.69	0	41.722	791400000	73	ACYPI001707-PA aldose reductase A-like	ACYPI001707-PAaldosereductaseA-like	ACYPI001707-PAaldosereductaseA-like	498
885930000	1162100000	987540000	897070000	990670000	885540000	1043900000	1131700000	1035100000	999350000				24	24	24	39.5	39.5	39.5	63.718	0	323.31	16346000000	367	ACYPI001710-PA prickle-like protein 3-like	ACYPI001710-PAprickle-likeprotein3-like;ACYPI080238-PAFHL3protein	ACYPI001710-PAprickle-likeprotein3-like	500
471960000	352970000	229860000	342400000	396950000	145960000	63184000	73692000	68991000	0				14	14	10	13.1	13.1	9.2	68.036	0	117.19	3265400000	115	ACYPI001718-PA uncharacterized protein	ACYPI001718-PAuncharacterizedprotein	ACYPI001718-PAuncharacterizedprotein	502
1942200000	1869400000	1924600000	1859500000	1968500000	1903900000	1746500000	1927600000	2028800000	1940600000				36	36	36	69.8	69.8	69.8	47.84	0	323.31	29443000000	480	ACYPI001726-PA Vesicle amine transport protein	ACYPI001726-PAVesicleaminetransportprotein	ACYPI001726-PAVesicleaminetransportprotein	504
217080000	252170000	298750000	291190000	260450000	320930000	261130000	232370000	288800000	252760000				13	13	13	35.3	35.3	35.3	43.065	0	87.138	4304400000	146	ACYPI001732-PA Ref_XM_001951612 PREDICTED_ similar to AGAP012281-PA	ACYPI001732-PARef_XM_001951612PREDICTED_similartoAGAP012281-PA	ACYPI001732-PARef_XM_001951612PREDICTED_similartoAGAP012281-PA	506
85875000	94942000	95595000	86963000	98166000	96585000	95364000	119820000	101500000	79398000				10	10	10	24	24	24	54.217	0	138.46	1383800000	61	ACYPI001736-PA uncharacterized protein	ACYPI001736-PAuncharacterizedprotein	ACYPI001736-PAuncharacterizedprotein	507
360130000	324820000	360060000	373810000	269180000	453950000	356190000	431790000	295610000	239630000				9	9	9	37.9	37.9	37.9	35.467	0	205.78	5735200000	109	ACYPI001738-PA lambda-crystallin homolog	ACYPI001738-PAlambda-crystallinhomolog	ACYPI001738-PAlambda-crystallinhomolog	508
35537000	18950000	21668000	37978000	30123000	0	0	42735000	0	0				6	6	6	22.2	22.2	22.2	42.808	0	14.193	310530000	32	ACYPI001742-PA mitochondrial ribosomal protein s31	ACYPI001742-PAmitochondrialribosomalproteins31	ACYPI001742-PAmitochondrialribosomalproteins31	509
579660000	1259100000	1238300000	1153800000	1158700000	1581900000	1330900000	1414900000	1521300000	1111400000				5	5	3	30.4	30.4	19.6	11.576	0	124.53	19138000000	72	ACYPI001754-PA ribosomal protein P2-like	ACYPI001754-PAribosomalproteinP2-like	ACYPI001754-PAribosomalproteinP2-like	511
63444000	85352000	84783000	51614000	68404000	169760000	150970000	81984000	184000000	157330000				6	6	6	19.7	19.7	19.7	34.198	0	55.178	1667200000	66	ACYPI001763-PA 1600014K23Rik protein	ACYPI001763-PA1600014K23Rikprotein	ACYPI001763-PA1600014K23Rikprotein	514
92810000	75942000	87002000	68556000	66175000	82630000	87586000	101170000	93838000	78830000				13	13	2	21	21	3.5	85.027	0	39.893	1264100000	82	ACYPI001764-PA Ref_XM_001944015 PREDICTED_ similar to splicing factor 3 subunit 1	ACYPI001764-PARef_XM_001944015PREDICTED_similartosplicingfactor3subunit1	ACYPI001764-PARef_XM_001944015PREDICTED_similartosplicingfactor3subunit1	515
57541000	45275000	54590000	45887000	41604000	0	45598000	54415000	55123000	58763000				8	8	8	42.9	42.9	42.9	31.115	0	148.21	736210000	60	ACYPI001769-PA DNA-directed RNA polymerase II subunit RPB3	ACYPI001769-PADNA-directedRNApolymeraseIIsubunitRPB3	ACYPI001769-PADNA-directedRNApolymeraseIIsubunitRPB3	517
1196800000	869750000	934260000	1246500000	1407500000	1135600000	1205300000	899350000	1063000000	979530000				7	7	7	32.4	32.4	32.4	26.953	0	262.09	16362000000	162	ACYPI001775-PA ACYPI001775 protein	ACYPI001775-PAACYPI001775protein	ACYPI001775-PAACYPI001775protein	519
313630000	315850000	331340000	293960000	298180000	339350000	296140000	337030000	386360000	327300000				33	33	33	28.7	28.7	28.7	179.18	0	323.31	5131100000	234	ACYPI001776-PA Laminin A chain	ACYPI001776-PALamininAchain	ACYPI001776-PALamininAchain	520
480500000	560290000	466640000	497730000	558710000	235380000	437280000	492830000	383560000	443930000				22	22	22	62.7	62.7	62.7	52.72	0	226.89	7135000000	242	ACYPI001782-PA 4-hydroxybutyrate coenzyme A transferase-like	ACYPI001782-PA4-hydroxybutyratecoenzymeAtransferase-like	ACYPI001782-PA4-hydroxybutyratecoenzymeAtransferase-like	522
156550000	171340000	163040000	155810000	166450000	175500000	174720000	164790000	175730000	169720000				31	31	31	17.6	17.6	17.6	260.76	0	125.33	2539800000	156	ACYPI001796-PA ran-binding protein ranbp	ACYPI001796-PAran-bindingproteinranbp	ACYPI001796-PAran-bindingproteinranbp	524
1096400000	729940000	942880000	787770000	829900000	851080000	906060000	1051400000	1142300000	981060000				33	33	23	45.1	45.1	32.2	67.126	0	323.31	13870000000	388	ACYPI001798-PA lamin Dm0-like	ACYPI001798-PAlaminDm0-like	ACYPI001798-PAlaminDm0-like	525
0	13138000	13672000	0	0	0	0	0	0	0				2	2	2	14.9	14.9	14.9	21.358	0	8.4293	136420000	21	ACYPI001801-PA Cell death activator CIDE-B	ACYPI001801-PACelldeathactivatorCIDE-B	ACYPI001801-PACelldeathactivatorCIDE-B	526
382960000	491640000	509450000	446120000	432650000	481190000	489150000	520710000	598470000	509740000				18	18	18	49.4	49.4	49.4	52.902	0	287.02	7737300000	218	ACYPI001810-PA Hrp59 protein	ACYPI001810-PAHrp59protein	ACYPI001810-PAHrp59protein	529
0	32307000	0	19930000	26447000	0	0	0	0	0				4	4	4	7.2	7.2	7.2	71.887	0	9.6649	209820000	20	ACYPI001815-PA translation initiation factor eif-2b subunit epsilon	ACYPI001815-PAtranslationinitiationfactoreif-2bsubunitepsilon	ACYPI001815-PAtranslationinitiationfactoreif-2bsubunitepsilon	530
51128000	51725000	44402000	50563000	41824000	0	44049000	0	0	47096000				9	9	9	23.1	23.1	23.1	51.363	0	51.496	582200000	41	ACYPI001818-PA coiled-coil domain-containing protein 6-like transcript variant 1	ACYPI001818-PAcoiled-coildomain-containingprotein6-liketranscriptvariant1	ACYPI001818-PAcoiled-coildomain-containingprotein6-liketranscriptvariant1	532
473260000	493590000	488510000	494910000	518610000	495990000	540940000	470190000	499370000	533350000				15	15	15	49.3	49.3	49.3	31.206	0	323.31	7852400000	193	ACYPI001820-PA RNA-binding protein squid-like	ACYPI001820-PARNA-bindingproteinsquid-like	ACYPI001820-PARNA-bindingproteinsquid-like	533
280070000	318990000	289270000	347450000	314310000	414840000	196680000	393590000	323350000	281890000				10	10	10	49	49	49	28.1	0	142.8	5016100000	106	ACYPI001822-PA eukaryotic translation initiation factor 3 subunit J	ACYPI001822-PAeukaryotictranslationinitiationfactor3subunitJ	ACYPI001822-PAeukaryotictranslationinitiationfactor3subunitJ	534
0	40687000	38717000	38581000	0	44164000	41122000	39564000	30577000	39364000				6	6	6	27.7	27.7	27.7	34.047	0	24.239	483230000	44	ACYPI001825-PA gamma-soluble NSF attachment protein-like	ACYPI001825-PAgamma-solubleNSFattachmentprotein-like	ACYPI001825-PAgamma-solubleNSFattachmentprotein-like	535
0	28512000	27323000	0	0	0	0	0	0	0				7	7	7	10.5	10.5	10.5	82.243	0	28.771	321060000	26	ACYPI001838-PA Cysteinyl-tRNA synthetase	ACYPI001838-PACysteinyl-tRNAsynthetase	ACYPI001838-PACysteinyl-tRNAsynthetase	540
0	28597000	0	0	26844000	45974000	47727000	22193000	0	43739000				4	4	4	7.1	7.1	7.1	66.635	0	27.352	402640000	23	ACYPI001853-PA choline transporter-like protein 1-like	ACYPI001853-PAcholinetransporter-likeprotein1-like	ACYPI001853-PAcholinetransporter-likeprotein1-like	543
0	0	24150000	0	0	0	15939000	0	26845000	0				3	3	3	9.6	9.6	9.6	51.249	0	7.4501	150790000	16	ACYPI001857-PA protein yellow-like;ACYPI010080-PA protein yellow-like	ACYPI001857-PAproteinyellow-like;ACYPI010080-PAproteinyellow-like	ACYPI001857-PAproteinyellow-like;ACYPI010080-PAproteinyellow-like	544
1838500000	644760000	669640000	929930000	1136700000	584110000	629670000	622280000	627370000	770870000				14	14	14	75.1	75.1	75.1	18.866	0	241.66	12370000000	180	ACYPI001864-PA HsjCib isoform1	ACYPI001864-PAHsjCibisoform1	ACYPI001864-PAHsjCibisoform1	545
350220000	375240000	345420000	356280000	380000000	320990000	357690000	375520000	371450000	417280000				12	12	12	43.8	43.8	43.8	48.29	0	157.55	5420200000	125	ACYPI001866-PA histone-binding protein Caf1	ACYPI001866-PAhistone-bindingproteinCaf1	ACYPI001866-PAhistone-bindingproteinCaf1	546
103560000	99947000	89730000	106120000	112060000	115230000	61960000	103410000	54499000	71663000				12	12	12	40.9	40.9	40.9	47.549	0	55.812	1613400000	55	ACYPI001871-PA actin-related protein 3-like	ACYPI001871-PAactin-relatedprotein3-like	ACYPI001871-PAactin-relatedprotein3-like	547
57593000	0	0	45201000	51177000	0	0	0	0	0				12	12	12	29.1	29.1	29.1	54.091	0	91.398	637060000	32	ACYPI001885-PA Amidophosphoribosyltransferase	ACYPI001885-PAAmidophosphoribosyltransferase	ACYPI001885-PAAmidophosphoribosyltransferase	549
52530000	44918000	52420000	45625000	50482000	48855000	56585000	63412000	48269000	49271000				5	5	5	19.5	19.5	19.5	34.47	0	16.617	790630000	44	ACYPI001889-PA Hydroxyacylglutathione hydrolase	ACYPI001889-PAHydroxyacylglutathionehydrolase	ACYPI001889-PAHydroxyacylglutathionehydrolase	551
31537000	34033000	0	37673000	31800000	35305000	52141000	0	41628000	51070000				5	4	4	32	26.5	26.5	22.764	0	36.799	561420000	46	ACYPI001895-PA ras-related protein Rab-10-like	ACYPI001895-PAras-relatedproteinRab-10-like	ACYPI001895-PAras-relatedproteinRab-10-like	552
24451000	22287000	24559000	0	21662000	0	33064000	0	32640000	39342000				5	5	5	14.4	14.4	14.4	49.92	0	19.601	357000000	43	ACYPI085603-PA AP-2 complex subunit mu-1-like;ACYPI001898-PA AP-2 complex subunit mu-1-like	ACYPI085603-PAAP-2complexsubunitmu-1-like;ACYPI001898-PAAP-2complexsubunitmu-1-like	ACYPI085603-PAAP-2complexsubunitmu-1-like;ACYPI001898-PAAP-2complexsubunitmu-1-like	553
26996000	31145000	31188000	31640000	0	21729000	28879000	0	27046000	28667000				12	12	12	31.2	31.2	31.2	73.112	0	50.147	417130000	47	ACYPI001917-PA glutamate--cysteine ligase catalytic subunit-like	ACYPI001917-PAglutamate--cysteineligasecatalyticsubunit-like	ACYPI001917-PAglutamate--cysteineligasecatalyticsubunit-like	554
37887000	25014000	0	29287000	0	0	0	0	0	0				5	5	5	21.2	21.2	21.2	36.855	0	18.683	163520000	14	ACYPI001931-PA caspase-1-like transcript variant 2	ACYPI001931-PAcaspase-1-liketranscriptvariant2;ACYPI003462-PACaspase	ACYPI001931-PAcaspase-1-liketranscriptvariant2	556
291840000	258550000	179170000	280960000	365950000	236940000	231140000	282800000	220980000	203890000				17	17	17	38.5	38.5	38.5	62.168	0	205.9	4117500000	91	ACYPI001932-PA RE22242p	ACYPI001932-PARE22242p	ACYPI001932-PARE22242p	557
1976200000	1708000000	1653900000	1870100000	2077600000	1504700000	1288600000	1217000000	1068100000	1321700000				30	30	30	83.3	83.3	83.3	39.246	0	323.31	25364000000	436	ACYPI001939-PA glycerol-3-phosphate dehydrogenase [NAD ] cytoplasmic-like transcript variant 2	ACYPI001939-PAglycerol-3-phosphatedehydrogenase[NAD]cytoplasmic-liketranscriptvariant2;ACYPI080752-PAGlycerol-3-phosphatedehydrogenase[NAD]	ACYPI001939-PAglycerol-3-phosphatedehydrogenase[NAD]cytoplasmic-liketranscriptvariant2	559
485810000	474630000	605500000	593710000	462710000	574250000	531340000	487210000	461400000	491530000				27	27	27	48.5	48.5	48.5	87.111	0	323.31	8608700000	278	ACYPI001940-PA 6-phosphofructokinase-like transcript variant 2	ACYPI001940-PA6-phosphofructokinase-liketranscriptvariant2;ACYPI001033-PARef_XM_001948788PREDICTED_similartoPhosphofructokinaseCG4001-PB	ACYPI001940-PA6-phosphofructokinase-liketranscriptvariant2	560
93782000	99537000	90575000	87994000	84706000	96841000	112850000	135390000	102640000	80212000				10	10	10	42.2	42.2	42.2	24.637	0	74.408	1543900000	68	ACYPI001943-PA clathrin light chain-like	ACYPI001943-PAclathrinlightchain-like	ACYPI001943-PAclathrinlightchain-like	561
170140000	155820000	195480000	175940000	180540000	258830000	179880000	234130000	245660000	226860000				13	13	13	61.2	61.2	61.2	24.506	0	82.722	3048300000	160	ACYPI001956-PA eukaryotic translation initiation factor;ACYPI009961-PA Eukaryotic translation initiation factor 4E	ACYPI001956-PAeukaryotictranslationinitiationfactor;ACYPI009961-PAEukaryotictranslationinitiationfactor4E	ACYPI001956-PAeukaryotictranslationinitiationfactor;ACYPI009961-PAEukaryotictranslationinitiationfactor4E	565
22488000	0	23453000	28631000	25873000	0	0	0	0	21172000				6	6	6	23.1	23.1	23.1	43.326	0	20.679	264700000	35	ACYPI001957-PA Coproporphyrinogen-III oxidase	ACYPI001957-PACoproporphyrinogen-IIIoxidase	ACYPI001957-PACoproporphyrinogen-IIIoxidase	566
38584000	42512000	0	0	35299000	35493000	38670000	0	35442000	40984000				9	9	9	12.2	12.2	12.2	94.66	0	54.011	354680000	36	ACYPI001968-PA fasciclin-2-like	ACYPI001968-PAfasciclin-2-like	ACYPI001968-PAfasciclin-2-like	567
46299000	78703000	89929000	80423000	97999000	112520000	74779000	84752000	71707000	111290000				18	9	9	67	39.2	39.2	22.482	0	84.406	1378500000	71	ACYPI001971-PA 40S ribosomal protein S7-1	ACYPI001971-PA40SribosomalproteinS7-1	ACYPI001971-PA40SribosomalproteinS7-1	568
47091000	53943000	47144000	52430000	58924000	0	50031000	59507000	55203000	45193000				6	6	6	35	35	35	33.616	0	48.764	651410000	51	ACYPI001975-PA uncharacterized protein	ACYPI001975-PAuncharacterizedprotein	ACYPI001975-PAuncharacterizedprotein	570
20124000	19603000	0	23996000	0	24201000	0	0	28917000	0				6	6	6	15.8	15.8	15.8	68.469	0	34.369	213940000	32	ACYPI001978-PA phosphoenolpyruvate carboxykinase	ACYPI001978-PAphosphoenolpyruvatecarboxykinase	ACYPI001978-PAphosphoenolpyruvatecarboxykinase	571
171260000	202800000	163250000	178110000	198350000	223910000	205110000	253730000	209820000	175780000				10	10	10	48.1	48.1	48.1	17.738	0	103.95	2961700000	62	ACYPI001979-PA uncharacterized protein	ACYPI001979-PAuncharacterizedprotein	ACYPI001979-PAuncharacterizedprotein	572
110990000	118410000	107090000	136380000	133150000	161650000	174460000	156040000	208010000	117670000				6	6	6	6.7	6.7	6.7	59.909	0	87.659	2264700000	58	ACYPI001980-PA Gustatory receptor	ACYPI001980-PAGustatoryreceptor	ACYPI001980-PAGustatoryreceptor	573
10344000	0	0	13898000	0	0	0	0	0	0				4	4	4	13.3	13.3	13.3	50.928	0	6.6198	43460000	6	ACYPI001984-PA translation initiation factor eIF-2B subunit gamma-like	ACYPI001984-PAtranslationinitiationfactoreIF-2Bsubunitgamma-like	ACYPI001984-PAtranslationinitiationfactoreIF-2Bsubunitgamma-like	574
0	22915000	0	0	26458000	0	0	0	0	0				5	5	5	18	18	18	43.78	0	61.775	146990000	12	ACYPI001989-PA peptidyl-prolyl cis-trans isomerase FKBP8-like	ACYPI001989-PApeptidyl-prolylcis-transisomeraseFKBP8-like	ACYPI001989-PApeptidyl-prolylcis-transisomeraseFKBP8-like	576
0	66536000	41794000	45191000	42301000	77524000	77742000	68519000	53903000	79641000				3	3	3	18	18	18	32.314	0	43.015	836840000	36	ACYPI002002-PA uncharacterized protein	ACYPI002002-PAuncharacterizedprotein	ACYPI002002-PAuncharacterizedprotein	579
0	43605000	0	0	0	0	0	23689000	0	0				2	2	2	13.4	13.4	13.4	34.912	0	30.283	197660000	17	ACYPI002003-PA zinc metalloproteinase nas-13-like	ACYPI002003-PAzincmetalloproteinasenas-13-like	ACYPI002003-PAzincmetalloproteinasenas-13-like	580
0	0	0	0	0	22988000	23428000	0	26156000	0				4	4	4	11.5	11.5	11.5	41.866	0	8.2532	173100000	10	ACYPI002004-PA short-chain dehydrogenase/reductase family 16C member 6-like transcript variant 2	ACYPI002004-PAshort-chaindehydrogenase/reductasefamily16Cmember6-liketranscriptvariant2	ACYPI002004-PAshort-chaindehydrogenase/reductasefamily16Cmember6-liketranscriptvariant2	581
344930000	393420000	385780000	402000000	401440000	307190000	353490000	331670000	383870000	373360000				19	19	19	46.8	46.8	46.8	49.261	0	144.79	6033600000	180	ACYPI002006-PA casein kinase II subunit alpha-like transcript variant 1	ACYPI002006-PAcaseinkinaseIIsubunitalpha-liketranscriptvariant1	ACYPI002006-PAcaseinkinaseIIsubunitalpha-liketranscriptvariant1	582
20377000000	21334000000	21355000000	22655000000	22834000000	19967000000	18670000000	18419000000	18901000000	19238000000				81	81	45	70.2	70.2	49.6	83.416	0	323.31	316140000000	1543	ACYPI002010-PA heat shock protein 83-like	ACYPI002010-PAheatshockprotein83-like	ACYPI002010-PAheatshockprotein83-like	584
0	37525000	31569000	37958000	28301000	40743000	39939000	34866000	34098000	53840000				3	3	2	5.1	5.1	3	96.29	0	41.169	557200000	51	ACYPI002020-PA maltase 2-like	ACYPI002020-PAmaltase2-like;ACYPI000779-PARef_XM_001943208PREDICTED_similartosucrase	ACYPI002020-PAmaltase2-like	587
72644000	81515000	84772000	0	72413000	125390000	81999000	92702000	108450000	77292000				8	8	8	16.2	16.2	16.2	66.035	0	44.543	1272300000	53	ACYPI002041-PA BcDNA.GH07688	ACYPI002041-PABcDNA.GH07688	ACYPI002041-PABcDNA.GH07688	591
58174000	57986000	55101000	51521000	54962000	56813000	56435000	56914000	72605000	61963000				8	8	8	16.1	16.1	16.1	65.774	0	32.049	769050000	50	ACYPI002049-PA Glutamic acid-rich protein	ACYPI002049-PAGlutamicacid-richprotein	ACYPI002049-PAGlutamicacid-richprotein	594
514230000	523500000	432870000	455400000	489770000	372250000	469880000	518270000	368970000	407600000				28	28	28	63.3	63.3	63.3	53.219	0	322.16	6805000000	310	ACYPI002063-PA succinate semialdehyde dehydrogenase	ACYPI002063-PAsuccinatesemialdehydedehydrogenase	ACYPI002063-PAsuccinatesemialdehydedehydrogenase	595
49271000	65701000	64034000	68358000	49250000	80465000	79826000	67623000	110190000	63150000				20	20	20	12.3	12.3	12.3	282.89	0	61.126	1043200000	101	ACYPI002064-PA Muscle-specific protein 300	ACYPI002064-PAMuscle-specificprotein300	ACYPI002064-PAMuscle-specificprotein300	596
39916000	38680000	0	39521000	44515000	0	35666000	0	0	0				13	13	8	8.2	8.2	4.6	229.1	0	28.944	455860000	38	ACYPI002069-PA uncharacterized protein	ACYPI002069-PAuncharacterizedprotein	ACYPI002069-PAuncharacterizedprotein	598
38973000	0	20756000	0	25961000	32940000	42339000	0	0	39002000				6	6	5	18.9	18.9	17	61.055	0	83.525	357580000	32	ACYPI002080-PA uncharacterized protein	ACYPI002080-PAuncharacterizedprotein	ACYPI002080-PAuncharacterizedprotein	599
132750000	146470000	122020000	95071000	78914000	194980000	149800000	178650000	134390000	149630000				3	3	3	21.2	21.2	21.2	23.293	0	135.88	1985800000	92	ACYPI006175-PA Ref_XM_001947429 PREDICTED_ similar to resilin CG15920-PA;ACYPI002106-PA cuticle protein	ACYPI006175-PARef_XM_001947429PREDICTED_similartoresilinCG15920-PA;ACYPI002106-PAcuticleprotein;ACYPI008661-PAcuticularprotein75;ACYPI26787-PAhypotheticalproteinLOC100167911	ACYPI006175-PARef_XM_001947429PREDICTED_similartoresilinCG15920-PA;ACYPI002106-PAcuticleprotein	603
44061000	0	29822000	32782000	22833000	40484000	40164000	0	51429000	42159000				12	12	12	33.6	33.6	33.6	47.347	0	39.122	480860000	51	ACYPI002110-PA Ref_XM_001951681 PREDICTED_ similar to GA20892-PA	ACYPI002110-PARef_XM_001951681PREDICTED_similartoGA20892-PA	ACYPI002110-PARef_XM_001951681PREDICTED_similartoGA20892-PA	604
67561000	61659000	59083000	62839000	65939000	66960000	75654000	76848000	62813000	54713000				6	6	6	13.9	13.9	13.9	46.128	0	83.389	786800000	29	ACYPI002123-PA Ubiquitin-like modifier-activating enzyme 5	ACYPI002123-PAUbiquitin-likemodifier-activatingenzyme5	ACYPI002123-PAUbiquitin-likemodifier-activatingenzyme5	610
74431000	50709000	53547000	56235000	63331000	0	0	0	0	34771000				3	3	3	27.7	27.7	27.7	24.006	0	21.367	619160000	26	ACYPI002125-PA udp-glucose pyrophosphatase	ACYPI002125-PAudp-glucosepyrophosphatase	ACYPI002125-PAudp-glucosepyrophosphatase	611
38820000	0	49480000	33192000	53575000	0	0	0	0	0				7	7	2	28.5	28.5	11.5	36.91	0	25.505	244300000	16	ACYPI002128-PA aldo-keto reductase	ACYPI002128-PAaldo-ketoreductase	ACYPI002128-PAaldo-ketoreductase	612
48499000	36565000	45160000	49689000	58439000	40365000	0	32892000	37047000	45477000				6	6	6	33.7	33.7	33.7	20.59	0	20.092	556730000	36	ACYPI002132-PA Ubiquitin carrier protein	ACYPI002132-PAUbiquitincarrierprotein	ACYPI002132-PAUbiquitincarrierprotein	613
95661000	121520000	127420000	126100000	136340000	105360000	119590000	110720000	104460000	123130000				8	8	8	37	37	37	42.874	0	58.257	1926600000	56	ACYPI002133-PA 26S proteasome non-ATPase regulatory subunit 4-like transcript variant 1	ACYPI002133-PA26Sproteasomenon-ATPaseregulatorysubunit4-liketranscriptvariant1	ACYPI002133-PA26Sproteasomenon-ATPaseregulatorysubunit4-liketranscriptvariant1	614
19492000	17811000	17984000	0	18554000	0	23334000	0	0	23781000				9	9	9	31.1	31.1	31.1	45.952	0	26.897	238730000	39	ACYPI002138-PA homer protein homolog 2-like	ACYPI002138-PAhomerproteinhomolog2-like	ACYPI002138-PAhomerproteinhomolog2-like	615
1458300000	1483400000	1514600000	1611900000	1684300000	1678900000	1436000000	1651100000	1385100000	1341900000				9	9	5	81.9	81.9	65.4	13.644	0	323.31	23513000000	148	ACYPI002150-PA profilin-like transcript variant 1	ACYPI002150-PAprofilin-liketranscriptvariant1	ACYPI002150-PAprofilin-liketranscriptvariant1	617
69350000	123090000	88711000	117940000	108420000	82462000	86941000	70667000	68696000	97236000				16	1	1	67.6	6.2	6.2	30.265	0	17.206	1448100000	40	ACYPI002153-PA Proteasome subunit alpha type-4	ACYPI002153-PAProteasomesubunitalphatype-4	ACYPI002153-PAProteasomesubunitalphatype-4	619
74317000	69192000	71815000	65569000	80376000	67625000	65009000	67831000	56782000	73316000				11	11	11	35.7	35.7	35.7	47.31	0	57.635	1092500000	57	ACYPI002154-PA COP9 signalosome complex subunit 4	ACYPI002154-PACOP9signalosomecomplexsubunit4	ACYPI002154-PACOP9signalosomecomplexsubunit4	620
786900000	747130000	712890000	679450000	876390000	613790000	925260000	681390000	816130000	669640000				15	15	12	39.8	39.8	30.4	29.829	0	214.75	11070000000	176	ACYPI002155-PA hypothetical LOC100160889	ACYPI002155-PAhypotheticalLOC100160889;ACYPI086225-PAuncharacterizedprotein;ACYPI27132-PAuncharacterizedprotein	ACYPI002155-PAhypotheticalLOC100160889	621
0	0	0	0	22573000	0	63297000	0	0	88450000				4	4	4	33.5	33.5	33.5	22.292	0	22.915	520860000	28	ACYPI089209-PA uncharacterized protein;ACYPI065095-PA uncharacterized protein;ACYPI002160-PA uncharacterized protein	ACYPI089209-PAuncharacterizedprotein;ACYPI065095-PAuncharacterizedprotein;ACYPI002160-PAuncharacterizedprotein	ACYPI089209-PAuncharacterizedprotein;ACYPI065095-PAuncharacterizedprotein;ACYPI002160-PAuncharacterizedprotein	622
242770000	222100000	201170000	199500000	256980000	199360000	251750000	207720000	166460000	202390000				7	7	7	39.8	39.8	39.8	26.442	0	150.92	3308500000	93	ACYPI002176-PA eukaryotic translation initiation factor 6-like transcript variant 1	ACYPI002176-PAeukaryotictranslationinitiationfactor6-liketranscriptvariant1	ACYPI002176-PAeukaryotictranslationinitiationfactor6-liketranscriptvariant1	625
47624000	51903000	0	31972000	32645000	0	60531000	45326000	59055000	46843000				12	12	12	45.1	45.1	45.1	44.266	0	84.61	595230000	44	ACYPI002180-PA proline dehydrogenase 1 mitochondrial-like	ACYPI002180-PAprolinedehydrogenase1mitochondrial-like	ACYPI002180-PAprolinedehydrogenase1mitochondrial-like	626
0	0	0	214000000	58824000	0	0	90327000	60758000	0				2	2	2	15.2	15.2	15.2	17.662	0	70.556	1064800000	22	ACYPI002183-PA NADH dehydrogenase [ubiquinone] 1 alpha subcomplex subunit 13-like	ACYPI002183-PANADHdehydrogenase[ubiquinone]1alphasubcomplexsubunit13-like	ACYPI002183-PANADHdehydrogenase[ubiquinone]1alphasubcomplexsubunit13-like	627
1811200000	1856800000	1776000000	1750700000	1773700000	1892800000	1652000000	1901700000	1467200000	1500500000				61	61	61	34	34	34	224.77	0	323.31	26674000000	625	ACYPI002186-PA Fatty acid synthase	ACYPI002186-PAFattyacidsynthase	ACYPI002186-PAFattyacidsynthase	629
108490000	103040000	82557000	101460000	112330000	73072000	72280000	56059000	53225000	85196000				8	8	8	64.5	64.5	64.5	17.074	0	149.81	1324200000	83	ACYPI002199-PA uncharacterized protein	ACYPI002199-PAuncharacterizedprotein	ACYPI002199-PAuncharacterizedprotein	632
14946000	0	0	0	0	0	0	0	35685000	0				2	2	2	22	22	22	9.2406	0.0021337	3.1194	207560000	16	ACYPI002205-PA cytochrome c oxidase subunit 6C-like	ACYPI002205-PAcytochromecoxidasesubunit6C-like	ACYPI002205-PAcytochromecoxidasesubunit6C-like	635
0	26105000	23666000	28445000	0	22018000	0	28594000	27013000	0				2	2	2	15.7	15.7	15.7	18.373	0	5.6325	296550000	24	ACYPI004714-PA nuclear cap-binding protein subunit 2-like;ACYPI002210-PA nuclear cap-binding protein subunit	ACYPI004714-PAnuclearcap-bindingproteinsubunit2-like;ACYPI002210-PAnuclearcap-bindingproteinsubunit	ACYPI004714-PAnuclearcap-bindingproteinsubunit2-like;ACYPI002210-PAnuclearcap-bindingproteinsubunit	636
186130000	193410000	196990000	206740000	200980000	218060000	230040000	129280000	239500000	214940000				28	28	28	28.9	28.9	28.9	155.02	0	213.42	3083100000	196	ACYPI002221-PA Eukaryotic translation initiation factor 3 subunit	ACYPI002221-PAEukaryotictranslationinitiationfactor3subunit	ACYPI002221-PAEukaryotictranslationinitiationfactor3subunit	638
0	0	15401000	13621000	13584000	0	0	11603000	10627000	16159000				5	5	5	24.5	24.5	24.5	42.56	0	23.963	153120000	29	ACYPI002229-PA Flap endonuclease 1	ACYPI002229-PAFlapendonuclease1	ACYPI002229-PAFlapendonuclease1	639
0	34411000	31835000	39441000	43341000	32078000	33015000	0	0	37876000				9	9	9	26.3	26.3	26.3	46.296	0	29.176	446580000	39	ACYPI002237-PA Platelet-activating factor acetylhydrolase IB subunit alpha	ACYPI002237-PAPlatelet-activatingfactoracetylhydrolaseIBsubunitalpha	ACYPI002237-PAPlatelet-activatingfactoracetylhydrolaseIBsubunitalpha	641
23139000	37292000	0	29980000	31173000	0	33377000	0	0	31664000				7	7	7	52.4	52.4	52.4	16.512	0	21.451	399060000	36	ACYPI002245-PA Signal recognition particle 19 kDa protein	ACYPI002245-PASignalrecognitionparticle19kDaprotein	ACYPI002245-PASignalrecognitionparticle19kDaprotein	643
2109600000	1848200000	1730800000	2105700000	2264000000	1482700000	1497500000	1486300000	1490400000	1701500000				46	46	4	72.5	72.5	7.3	59.849	0	323.31	28039000000	529	ACYPI002247-PA T-complex protein 1 subunit theta	ACYPI002247-PAT-complexprotein1subunittheta	ACYPI002247-PAT-complexprotein1subunittheta	645
0	61379000	83743000	64535000	67126000	65382000	82839000	0	64508000	0				2	2	2	33.8	33.8	33.8	17.051	0	38.489	865630000	29	ACYPI002248-PA actin-related protein 2/3 complex subunit 5-like protein-like	ACYPI002248-PAactin-relatedprotein2/3complexsubunit5-likeprotein-like	ACYPI002248-PAactin-relatedprotein2/3complexsubunit5-likeprotein-like	646
203450000	253330000	382600000	245040000	239570000	107220000	175430000	219400000	189550000	131260000				6	6	6	44.3	44.3	44.3	28.564	0	69.164	3147300000	79	ACYPI002263-PA Pyrroline-5-carboxylate reductase	ACYPI002263-PAPyrroline-5-carboxylatereductase	ACYPI002263-PAPyrroline-5-carboxylatereductase	648
37197000	27367000	22756000	0	0	38036000	30211000	0	0	40504000				4	4	4	18.9	18.9	18.9	32.027	0	11.628	449340000	25	ACYPI002273-PA S-formylglutathione hydrolase	ACYPI002273-PAS-formylglutathionehydrolase	ACYPI002273-PAS-formylglutathionehydrolase	650
26683000	0	0	0	26265000	0	0	0	0	30029000				10	10	10	15.7	15.7	15.7	102.87	0	29.862	221250000	20	ACYPI002275-PA Catenin alpha-2	ACYPI002275-PACateninalpha-2	ACYPI002275-PACateninalpha-2	651
206190000	223410000	240410000	226640000	212690000	220770000	223720000	239340000	263050000	207820000				6	6	6	28.5	28.5	28.5	27.754	0	207.79	3591000000	54	ACYPI002276-PA proteasome subunit alpha type-3 proteasome component c8 macropain subunit c8 multicatalytic endopeptidase complex subunit c8;ACYPI009679-PA Proteasome subunit alpha type-3	ACYPI002276-PAproteasomesubunitalphatype-3proteasomecomponentc8macropainsubunitc8multicatalyticendopeptidasecomplexsubunitc8;ACYPI009679-PAProteasomesubunitalphatype-3;ACYPI002455-PAproteasomesubunitalphatype-3proteasomecomponentc8macropainsubunitc8multicatalyticendopeptidasecomplexsubunitc8	ACYPI002276-PAproteasomesubunitalphatype-3proteasomecomponentc8macropainsubunitc8multicatalyticendopeptidasecomplexsubunitc8;ACYPI009679-PAProteasomesubunitalphatype-3	652
6815600000	6660300000	6965600000	7344800000	6870800000	6483400000	6454200000	6929900000	6928300000	6789400000				71	71	71	81	81	81	89.285	0	323.31	111920000000	1153	ACYPI002286-PA Transitional endoplasmic reticulum ATPase	ACYPI002286-PATransitionalendoplasmicreticulumATPase	ACYPI002286-PATransitionalendoplasmicreticulumATPase	655
0	0	37538000	0	46065000	0	0	0	0	0				6	6	6	37.3	37.3	37.3	25.183	0	16.806	228000000	20	ACYPI002287-PA Adenylate kinase isoenzyme 4	ACYPI002287-PAAdenylatekinaseisoenzyme4	ACYPI002287-PAAdenylatekinaseisoenzyme4	656
72044000	0	55864000	0	91828000	0	56906000	76183000	53139000	77786000				6	6	6	20.9	20.9	20.9	59.921	0	128.18	868050000	45	ACYPI002296-PA glucosidase 2 subunit beta precursor	ACYPI002296-PAglucosidase2subunitbetaprecursor	ACYPI002296-PAglucosidase2subunitbetaprecursor	659
396680000	504530000	512950000	407650000	443700000	536060000	635030000	558770000	716370000	591560000				27	27	27	22.6	22.6	22.6	208.4	0	323.31	8135700000	274	ACYPI002306-PA hypothetical protein LOC100161052 transcript variant 2	ACYPI002306-PAhypotheticalproteinLOC100161052transcriptvariant2	ACYPI002306-PAhypotheticalproteinLOC100161052transcriptvariant2	662
44790000	23286000	0	0	26885000	0	0	0	0	0				5	5	5	20.9	20.9	20.9	45.957	0	35.345	316570000	23	ACYPI002310-PA phosphoinositide-binding protein	ACYPI002310-PAphosphoinositide-bindingprotein	ACYPI002310-PAphosphoinositide-bindingprotein	664
424210000	373370000	335690000	325920000	348250000	388740000	395100000	299280000	284070000	431900000				25	25	24	53.5	53.5	51.5	52.424	0	256.3	5828500000	203	ACYPI002312-PA V-type proton ATPase subunit H	ACYPI002312-PAV-typeprotonATPasesubunitH	ACYPI002312-PAV-typeprotonATPasesubunitH	665
0	0	0	0	14987000	0	0	0	23488000	0				4	4	4	12.1	12.1	12.1	55.23	0	23.705	208850000	26	ACYPI002320-PA u4/u6 small nuclear ribonucleoprotein prp31	ACYPI002320-PAu4/u6smallnuclearribonucleoproteinprp31	ACYPI002320-PAu4/u6smallnuclearribonucleoproteinprp31	666
519020000	465260000	472270000	450620000	503730000	379920000	442230000	417210000	535570000	554320000				14	14	14	62.6	62.6	62.6	36.234	0	95.286	8087100000	147	ACYPI002332-PA hypothetical protein LOC100161080	ACYPI002332-PAhypotheticalproteinLOC100161080	ACYPI002332-PAhypotheticalproteinLOC100161080	669
1132800000	979500000	528040000	881510000	677830000	916180000	831790000	1665100000	1194300000	1343200000				11	10	4	47.4	44.6	21.8	31.918	0	60.903	14898000000	143	ACYPI002333-PA cuticular protein CPG12	ACYPI002333-PAcuticularproteinCPG12	ACYPI002333-PAcuticularproteinCPG12	670
44910000	60560000	43142000	31902000	35843000	43839000	28991000	36326000	33636000	44087000				8	8	8	34.5	34.5	34.5	35.986	0	25.009	636020000	52	ACYPI002341-PA Ref_XM_001950314 PREDICTED_ similar to serine-threonine kinase receptor-associated protein	ACYPI002341-PARef_XM_001950314PREDICTED_similartoserine-threoninekinasereceptor-associatedprotein;ACYPI085983-PARef_XM_001951544PREDICTED_similartoserine-threoninekinasereceptor-associatedprotein	ACYPI002341-PARef_XM_001950314PREDICTED_similartoserine-threoninekinasereceptor-associatedprotein	671
182000000	94247000	96275000	95818000	110810000	122500000	103720000	128540000	126600000	91958000				6	6	6	18.5	18.5	18.5	42.993	0	95.435	1717600000	69	ACYPI002344-PA hypothetical protein LOC100161093 transcript variant 2	ACYPI002344-PAhypotheticalproteinLOC100161093transcriptvariant2	ACYPI002344-PAhypotheticalproteinLOC100161093transcriptvariant2	672
235330000	296220000	275670000	275180000	337510000	259220000	263040000	207860000	282320000	280660000				15	15	15	25.7	25.7	25.7	56.185	0	201.78	4383000000	119	ACYPI002346-PA Annexin B13a	ACYPI002346-PAAnnexinB13a;ACYPI24556-PAuncharacterizedprotein	ACYPI002346-PAAnnexinB13a	674
31482000	0	0	26768000	28754000	0	0	0	30734000	28644000				11	11	11	31.8	31.8	31.8	50.919	0	51.967	339800000	41	ACYPI002355-PA RNA-binding protein 45	ACYPI002355-PARNA-bindingprotein45	ACYPI002355-PARNA-bindingprotein45	677
44582000	34098000	49189000	38070000	55291000	40225000	0	0	0	38846000				7	7	7	30.8	30.8	30.8	31.317	0	27.27	597520000	41	ACYPI002360-PA uncharacterized protein	ACYPI002360-PAuncharacterizedprotein	ACYPI002360-PAuncharacterizedprotein	678
41363000	61928000	81595000	73945000	41389000	85427000	50467000	68804000	64719000	57953000				14	14	14	30.5	30.5	30.5	81.269	0	89.471	958970000	85	ACYPI002361-PA Yeast mcm	ACYPI002361-PAYeastmcm	ACYPI002361-PAYeastmcm	679
1096000000	1325300000	1103300000	1108100000	1139500000	740380000	1152400000	1342200000	991750000	892760000				21	21	21	50.5	50.5	50.5	47.031	0	250.09	16377000000	269	ACYPI002372-PA Short/branched chain specific acyl-CoA dehydrogenase	ACYPI002372-PAShort/branchedchainspecificacyl-CoAdehydrogenase	ACYPI002372-PAShort/branchedchainspecificacyl-CoAdehydrogenase	683
33489000	53159000	0	37712000	50562000	0	0	0	0	0				11	11	11	30.1	30.1	30.1	56.481	0	39.632	595480000	38	ACYPI002389-PA CG11266	ACYPI002389-PACG11266	ACYPI002389-PACG11266	685
422630000	470330000	467960000	480750000	563730000	284580000	518000000	540600000	492110000	374580000				28	28	28	49.4	49.4	49.4	78.119	0	323.31	6973500000	275	ACYPI002398-PA Trap1	ACYPI002398-PATrap1	ACYPI002398-PATrap1	686
1198500000	926580000	1010500000	1084500000	1083100000	1267800000	1009900000	983210000	985010000	903620000				26	26	26	58.6	58.6	58.6	61.999	0	323.31	16500000000	349	ACYPI002404-PA Glucose-6-phosphate isomerase	ACYPI002404-PAGlucose-6-phosphateisomerase;CON__Q3ZBD7	ACYPI002404-PAGlucose-6-phosphateisomerase	688
114060000	90876000	195420000	131710000	108180000	66952000	59096000	77069000	48746000	89050000				6	6	6	22.5	22.5	22.5	34.831	0	32.146	1826200000	42	ACYPI002408-PA Sumo-1-activating enzyme E1a	ACYPI002408-PASumo-1-activatingenzymeE1a	ACYPI002408-PASumo-1-activatingenzymeE1a	690
37316000	0	42553000	56414000	37606000	45707000	30834000	41891000	38315000	44774000				9	9	9	34.6	34.6	34.6	43.215	0	29.292	674910000	52	ACYPI002421-PA CG10184	ACYPI002421-PACG10184;ACYPI088927-PAuncharacterizedprotein	ACYPI002421-PACG10184	692
597420000	603280000	634570000	574800000	657330000	374780000	764930000	845250000	845700000	636780000				21	21	21	59.2	59.2	59.2	39.266	0	247.24	9457000000	217	ACYPI002445-PA Isocitrate dehydrogenase [NAD] subunit alpha	ACYPI002445-PAIsocitratedehydrogenase[NAD]subunitalpha	ACYPI002445-PAIsocitratedehydrogenase[NAD]subunitalpha	695
2121600000	2651200000	2218100000	2283700000	1926400000	2672000000	2126500000	2672400000	2690700000	2150400000				21	15	15	19.8	16.3	16.3	94.542	0	131.95	36334000000	319	ACYPI002451-PA cement precursor protein 3B	ACYPI002451-PAcementprecursorprotein3B	ACYPI002451-PAcementprecursorprotein3B	697
130560000	156270000	171890000	148070000	143830000	192610000	188690000	233350000	224400000	179090000				15	15	15	16.3	16.3	16.3	125.73	0	91.497	2636100000	162	ACYPI002456-PA LIM domain and actin-binding protein 1	ACYPI002456-PALIMdomainandactin-bindingprotein1	ACYPI002456-PALIMdomainandactin-bindingprotein1	698
282930000	181140000	201490000	169630000	199060000	237270000	164620000	239780000	241150000	164750000				6	6	6	26.9	26.9	26.9	12.995	0	44.107	3042600000	68	ACYPI002465-PA Macrophage migration inhibitory factor-like protein	ACYPI002465-PAMacrophagemigrationinhibitoryfactor-likeprotein	ACYPI002465-PAMacrophagemigrationinhibitoryfactor-likeprotein	700
0	0	0	16627000	0	0	0	0	21736000	0				2	2	2	21.2	21.2	21.2	16.906	0	6.7347	75901000	12	ACYPI002469-PA mitochondrial import inner membrane translocase subunit Tim17-B-like	ACYPI002469-PAmitochondrialimportinnermembranetranslocasesubunitTim17-B-like	ACYPI002469-PAmitochondrialimportinnermembranetranslocasesubunitTim17-B-like	701
0	18033000	0	18193000	20275000	0	0	0	0	0				5	5	5	21.6	21.6	21.6	41.424	0	39.954	315600000	28	ACYPI002470-PA Mitogen-activated protein kinase 3	ACYPI002470-PAMitogen-activatedproteinkinase3	ACYPI002470-PAMitogen-activatedproteinkinase3	702
18969000	16946000	13902000	18388000	19932000	0	14002000	0	0	18852000				7	7	7	26	26	26	42.294	0	25.738	245490000	33	ACYPI002474-PA pnn	ACYPI002474-PApnn	ACYPI002474-PApnn	703
89268000	84182000	76484000	91297000	79282000	84419000	79117000	88124000	92586000	76070000				12	12	12	37.7	37.7	37.7	33.791	0	80.883	1312700000	69	ACYPI002476-PA Ref_XM_001942854 PREDICTED_ similar to AGAP004654-PA	ACYPI002476-PARef_XM_001942854PREDICTED_similartoAGAP004654-PA	ACYPI002476-PARef_XM_001942854PREDICTED_similartoAGAP004654-PA	704
615190000	974640000	723540000	975570000	569120000	997810000	832590000	1783800000	1239800000	1135000000				8	4	3	31.4	18.5	13.8	37.016	0	38.825	14891000000	91	ACYPI002477-PA Ref_XM_001948067 PREDICTED_ similar to cuticular protein CPG12	ACYPI002477-PARef_XM_001948067PREDICTED_similartocuticularproteinCPG12	ACYPI002477-PARef_XM_001948067PREDICTED_similartocuticularproteinCPG12	705
0	390050000	209870000	132430000	0	161280000	0	0	0	0				1	1	1	1.1	1.1	1.1	134.8	0.0021475	3.181	2429100000	21	ACYPI002478-PA uncharacterized protein	ACYPI002478-PAuncharacterizedprotein	ACYPI002478-PAuncharacterizedprotein	706
245290000	182040000	195820000	187550000	201430000	200640000	189720000	162330000	161020000	123080000				8	8	8	36.5	36.5	36.5	21.547	0	71.26	2950700000	69	ACYPI002479-PA 1	ACYPI002479-PA1	ACYPI002479-PA1	707
33317000	28270000	0	30532000	30864000	37761000	34245000	38940000	0	31779000				4	4	4	23.3	23.3	23.3	20.598	0	32.193	495890000	43	ACYPI002480-PA N-acylglucosamine 2-epimerase	ACYPI002480-PAN-acylglucosamine2-epimerase	ACYPI002480-PAN-acylglucosamine2-epimerase	708
6163800000	5909000000	6346600000	6123500000	6225400000	5899300000	4832500000	6155200000	6160400000	5701500000				37	36	36	71.3	69.3	69.3	46.676	0	323.31	92248000000	624	ACYPI002483-PA eukaryotic translation initiation factor	ACYPI002483-PAeukaryotictranslationinitiationfactor	ACYPI002483-PAeukaryotictranslationinitiationfactor	710
25206000	19873000	0	15808000	25090000	0	0	0	0	0				3	3	3	12.3	12.3	12.3	23.865	0	8.9449	185390000	17	ACYPI002488-PA UPF0172 protein CG3501	ACYPI002488-PAUPF0172proteinCG3501;ACYPI082004-PAuncharacterizedprotein;ACYPI086021-PAUPF0172proteinCG3501	ACYPI002488-PAUPF0172proteinCG3501	713
4497800000	4588900000	3968300000	4503500000	5033400000	4349100000	4581700000	4602100000	3633300000	3458200000				17	17	16	54.9	54.9	54.9	21.508	0	323.31	66397000000	268	ACYPI002506-PA Peroxiredoxin-2	ACYPI002506-PAPeroxiredoxin-2	ACYPI002506-PAPeroxiredoxin-2	716
3560300000	2184100000	1882100000	2144300000	2336700000	2193900000	2407700000	2228700000	2439100000	2585600000				26	26	24	71.6	71.6	71.6	29.374	0	323.31	35691000000	428	ACYPI002517-PA 14-3-3 protein epsilon	ACYPI002517-PA14-3-3proteinepsilon	ACYPI002517-PA14-3-3proteinepsilon	717
0	30442000	0	0	34018000	31878000	35352000	0	30640000	45681000				4	4	4	25.9	25.9	25.9	24.456	0	17.862	345340000	35	ACYPI002527-PA B-cell receptor-associated protein	ACYPI002527-PAB-cellreceptor-associatedprotein	ACYPI002527-PAB-cellreceptor-associatedprotein	719
25726000	0	20548000	19675000	30706000	0	24399000	0	0	19543000				3	3	3	8.9	8.9	8.9	71.71	0	13.691	313490000	28	ACYPI002534-PA U3 small nucleolar ribonucleoprotein protein MPP10	ACYPI002534-PAU3smallnucleolarribonucleoproteinproteinMPP10	ACYPI002534-PAU3smallnucleolarribonucleoproteinproteinMPP10	720
79619000	101820000	98704000	105570000	88454000	114440000	104310000	91221000	71574000	90970000				15	15	15	15.3	15.3	15.3	167.34	0	148.34	1440600000	95	ACYPI002536-PA Ref_XM_001950785 PREDICTED_ similar to Gb1-cadherin	ACYPI002536-PARef_XM_001950785PREDICTED_similartoGb1-cadherin	ACYPI002536-PARef_XM_001950785PREDICTED_similartoGb1-cadherin	721
50147000	54570000	0	41800000	54180000	106170000	92164000	48428000	70293000	81006000				10	10	10	30	30	30	63.7	0	95.699	1063500000	67	ACYPI068591-PA atlastin-like transcript variant 1;ACYPI002537-PA Atlastin-1	ACYPI068591-PAatlastin-liketranscriptvariant1;ACYPI002537-PAAtlastin-1	ACYPI068591-PAatlastin-liketranscriptvariant1;ACYPI002537-PAAtlastin-1	722
0	22421000	29871000	21911000	0	0	0	0	0	0				6	6	6	35.1	35.1	35.1	21.882	0	15.68	232050000	23	ACYPI002538-PA Suppressor of G2 allele of SKP1 homolog	ACYPI002538-PASuppressorofG2alleleofSKP1homolog	ACYPI002538-PASuppressorofG2alleleofSKP1homolog	723
32981000	26955000	39537000	27781000	28052000	32030000	23437000	0	0	27792000				3	3	3	42.7	42.7	42.7	13.674	0	19.015	362750000	34	ACYPI002549-PA uncharacterized protein	ACYPI002549-PAuncharacterizedprotein	ACYPI002549-PAuncharacterizedprotein	725
1910200000	1932400000	2014800000	2343400000	2467600000	1707200000	1944800000	1642200000	1824700000	1821800000				12	12	12	62.8	62.8	62.8	18.571	0	297.13	31009000000	284	ACYPI002553-PA 40s ribosomal protein s10	ACYPI002553-PA40sribosomalproteins10	ACYPI002553-PA40sribosomalproteins10	727
30567000	0	0	21673000	25550000	0	0	0	0	29721000				7	7	7	12.2	12.2	12.2	89.296	0	17.949	223780000	16	ACYPI002555-PA Ref_XM_001947677 PREDICTED_ similar to rrm/rnp domain	ACYPI002555-PARef_XM_001947677PREDICTED_similartorrm/rnpdomain	ACYPI002555-PARef_XM_001947677PREDICTED_similartorrm/rnpdomain	729
627420000	599950000	577010000	562870000	573930000	522900000	593200000	578390000	608480000	615520000				22	22	22	65.2	65.2	65.2	51.907	0	198.75	9262100000	249	ACYPI002563-PA ubiquitin-protein ligase e3a	ACYPI002563-PAubiquitin-proteinligasee3a	ACYPI002563-PAubiquitin-proteinligasee3a	730
250870000	282360000	263330000	291160000	395170000	28341000	271210000	180880000	209740000	250300000				28	28	28	26.7	26.7	26.7	158.06	0	167.02	3855100000	195	ACYPI002575-PA Leucine rich protein	ACYPI002575-PALeucinerichprotein	ACYPI002575-PALeucinerichprotein	731
1965100000	1784900000	1814700000	1803200000	1833100000	1706800000	1885900000	1994300000	1788800000	1799500000				19	19	19	79.6	79.6	79.6	21.154	0	323.31	28263000000	281	ACYPI002577-PA adenylate kinase isoenzyme 1-like	ACYPI002577-PAadenylatekinaseisoenzyme1-like	ACYPI002577-PAadenylatekinaseisoenzyme1-like	733
6774300000	6406500000	6643400000	6242300000	6455300000	6134600000	5972600000	6630500000	6148600000	6018800000				45	45	45	84.4	84.4	84.4	67.814	0	323.31	98158000000	842	ACYPI002584-PA V-type proton ATPase catalytic subunit A	ACYPI002584-PAV-typeprotonATPasecatalyticsubunitA	ACYPI002584-PAV-typeprotonATPasecatalyticsubunitA	736
126720000	125610000	117920000	120210000	117430000	149730000	130940000	129600000	143700000	116060000				6	6	6	16.6	16.6	16.6	42.792	0	152.74	1907200000	78	ACYPI002593-PA Protein ADRM1-like protein	ACYPI002593-PAProteinADRM1-likeprotein	ACYPI002593-PAProteinADRM1-likeprotein	739
50280000	0	74953000	0	82845000	107140000	0	0	0	83634000				7	7	7	52.6	52.6	52.6	23.233	0	59.029	899160000	30	ACYPI002607-PA Ras-related protein Rab-7a	ACYPI002607-PARas-relatedproteinRab-7a	ACYPI002607-PARas-relatedproteinRab-7a	742
2235900000	2294700000	1932900000	1635200000	1902200000	2715000000	3306500000	2941500000	3071700000	2621900000				28	28	28	81	81	81	31.309	0	323.31	35363000000	426	ACYPI002609-PA myofilin transcript variant 1	ACYPI002609-PAmyofilintranscriptvariant1	ACYPI002609-PAmyofilintranscriptvariant1	743
5434200000	6191800000	6124900000	5907800000	7084300000	4965600000	5552500000	5273700000	4239900000	5557200000				33	33	33	58.1	58.1	58.1	46.86	0	323.31	89795000000	638	ACYPI002622-PA calreticulin-like transcript variant 2	ACYPI002622-PAcalreticulin-liketranscriptvariant2;ACYPI007677-PARef_XM_001944020PREDICTED_similartocalreticulin	ACYPI002622-PAcalreticulin-liketranscriptvariant2	744
329580000	359970000	356610000	411530000	368580000	326320000	312850000	329160000	354910000	378150000				15	14	14	35	35	35	32.66	0	119.57	5585900000	154	ACYPI002624-PA heterogeneous nuclear ribonucleoprotein 87F-like	ACYPI002624-PAheterogeneousnuclearribonucleoprotein87F-like	ACYPI002624-PAheterogeneousnuclearribonucleoprotein87F-like	745
0	0	59575000	58740000	0	81371000	71894000	60280000	95003000	67477000				2	2	2	8.4	8.4	8.4	14.837	0	56.056	902110000	36	ACYPI006769-PA 40S ribosomal protein S30;ACYPI002629-PA 40S ribosomal protein S30	ACYPI006769-PA40SribosomalproteinS30;ACYPI002629-PA40SribosomalproteinS30	ACYPI006769-PA40SribosomalproteinS30;ACYPI002629-PA40SribosomalproteinS30	746
2171900000	2422800000	2202700000	2621900000	3361500000	1393100000	1760600000	1644300000	1375800000	1821500000				13	13	13	58.1	58.1	58.1	17.684	0	214.72	34145000000	224	ACYPI002632-PA Eukaryotic translation initiation factor 5A-1	ACYPI002632-PAEukaryotictranslationinitiationfactor5A-1	ACYPI002632-PAEukaryotictranslationinitiationfactor5A-1	747
197040000	185790000	144540000	146530000	185200000	144940000	175390000	156610000	129120000	190210000				6	6	6	33.1	33.1	33.1	31.996	0	170.57	2581400000	112	ACYPI002636-PA Acidic leucine-rich nuclear phosphoprotein 32 family member A	ACYPI002636-PAAcidicleucine-richnuclearphosphoprotein32familymemberA	ACYPI002636-PAAcidicleucine-richnuclearphosphoprotein32familymemberA	749
158770000	124560000	123250000	110010000	129830000	160330000	129910000	134400000	122130000	90838000				4	4	4	6.9	6.9	6.9	52.512	0	15.469	1988700000	40	ACYPI002649-PA Ref_XM_001946341 PREDICTED_ similar to Nopp140 CG7421-PB;ACYPI065091-PA hypothetical protein LOC100573517	ACYPI002649-PARef_XM_001946341PREDICTED_similartoNopp140CG7421-PB;ACYPI065091-PAhypotheticalproteinLOC100573517	ACYPI002649-PARef_XM_001946341PREDICTED_similartoNopp140CG7421-PB;ACYPI065091-PAhypotheticalproteinLOC100573517	751
25100000	0	27703000	0	0	0	0	0	24588000	21351000				4	4	4	9.9	9.9	9.9	68.337	0	11.128	206060000	22	ACYPI002650-PA membrane-associated guanylate kinase maguk	ACYPI002650-PAmembrane-associatedguanylatekinasemaguk	ACYPI002650-PAmembrane-associatedguanylatekinasemaguk	752
127410000	98504000	97298000	96591000	106750000	106000000	88648000	85181000	76076000	97218000				16	16	16	26.2	26.2	26.2	67.595	0	118.71	1488800000	84	ACYPI002653-PA dnaJ homolog subfamily C member 2-like	ACYPI002653-PAdnaJhomologsubfamilyCmember2-like	ACYPI002653-PAdnaJhomologsubfamilyCmember2-like	753
344500000	358300000	334470000	374730000	373340000	313600000	315630000	261180000	267440000	357600000				20	20	20	44.5	44.5	44.5	51.844	0	206.24	5604100000	149	ACYPI004684-PA Eukaryotic translation initiation factor 3 subunit E;ACYPI002661-PA Eukaryotic translation initiation factor 3 subunit E	ACYPI004684-PAEukaryotictranslationinitiationfactor3subunitE;ACYPI002661-PAEukaryotictranslationinitiationfactor3subunitE	ACYPI004684-PAEukaryotictranslationinitiationfactor3subunitE;ACYPI002661-PAEukaryotictranslationinitiationfactor3subunitE	754
4286500000	4274700000	4908300000	5216500000	4304200000	5960800000	4073000000	4741900000	4613400000	3656400000				39	39	39	61.2	61.2	61.2	67.387	0	323.31	74280000000	679	ACYPI002662-PA transketolase-like protein 2-like	ACYPI002662-PAtransketolase-likeprotein2-like	ACYPI002662-PAtransketolase-likeprotein2-like	755
153500000	137460000	140490000	170750000	177640000	102340000	123080000	111870000	97662000	129320000				14	14	14	41.1	41.1	41.1	58.892	0	91.837	2225400000	111	ACYPI002674-PA Non-specific lipid-transfer protein	ACYPI002674-PANon-specificlipid-transferprotein;ACYPI066875-PAPodocan	ACYPI002674-PANon-specificlipid-transferprotein	758
393470000	297460000	344640000	407070000	422830000	380380000	245850000	212980000	212210000	201030000				17	17	17	58.5	58.5	58.5	37.49	0	163.08	5433700000	139	ACYPI002694-PA Septin-4;ACYPI082499-PA Septin-4	ACYPI002694-PASeptin-4;ACYPI082499-PASeptin-4	ACYPI002694-PASeptin-4;ACYPI082499-PASeptin-4	761
73584000	43341000	38079000	44828000	37857000	0	50062000	40589000	0	44121000				8	8	8	46.2	46.2	46.2	33.397	0	53.631	642850000	44	ACYPI002711-PA lethal 3 s1921	ACYPI002711-PAlethal3s1921	ACYPI002711-PAlethal3s1921	764
131300000	121050000	103690000	114120000	112250000	90940000	100460000	95945000	95698000	92864000				8	8	8	23.7	23.7	23.7	53.998	0	61.116	1604600000	92	ACYPI002719-PA heat shock kda protein	ACYPI002719-PAheatshockkdaprotein	ACYPI002719-PAheatshockkdaprotein	766
1552800000	1386600000	1624200000	1694200000	1677400000	1580200000	1369100000	1299500000	1236100000	1378700000				13	13	13	65.8	65.8	65.8	24.583	0	280.66	25825000000	236	ACYPI002721-PA Acyl-protein thioesterase 1	ACYPI002721-PAAcyl-proteinthioesterase1	ACYPI002721-PAAcyl-proteinthioesterase1	767
132090000	198860000	279020000	256290000	197780000	248550000	238720000	253540000	306800000	219240000				15	15	15	40.2	40.2	40.2	57.814	0	289.37	3653900000	111	ACYPI002737-PA protein singed-like	ACYPI002737-PAproteinsinged-like	ACYPI002737-PAproteinsinged-like	772
43020000	41335000	29282000	38453000	32735000	43485000	0	30195000	37650000	39239000				14	14	14	15.8	15.8	15.8	152.15	0	48.033	597640000	72	ACYPI002741-PA uncharacterized protein	ACYPI002741-PAuncharacterizedprotein	ACYPI002741-PAuncharacterizedprotein	773
8911900000	7932300000	9121500000	10484000000	9779000000	11249000000	7932300000	8528700000	8062500000	7605300000				49	49	49	64.9	64.9	64.9	61.513	0	323.31	144620000000	950	ACYPI002749-PA Pyruvate kinase/M2	ACYPI002749-PAPyruvatekinase/M2;ACYPI007882-PApyruvatekinase;ACYPI073717-PApyruvatekinase	ACYPI002749-PAPyruvatekinase/M2	775
141890000	147740000	142460000	136690000	137850000	163610000	151330000	167690000	210300000	149050000				22	22	22	27.5	27.5	27.5	106.92	0	135.78	2475500000	183	ACYPI002756-PA Alanyl-tRNA synthetase	ACYPI002756-PAAlanyl-tRNAsynthetase	ACYPI002756-PAAlanyl-tRNAsynthetase	776
224980000	84549000	419200000	393910000	383110000	312000000	154660000	171160000	237480000	118020000				10	9	9	41.6	41.6	41.6	33.702	0	61.816	4558400000	72	ACYPI002757-PA carbon-nitrogen hydrolase	ACYPI002757-PAcarbon-nitrogenhydrolase	ACYPI002757-PAcarbon-nitrogenhydrolase	777
992280000	936860000	1045200000	885730000	1049800000	909810000	892850000	920930000	922090000	877290000				31	31	31	62.9	62.9	62.9	67.765	0	323.31	15353000000	363	ACYPI002758-PA serine/threonine-protein phosphatase 2A 65 kDa regulatory subunit A alpha isoform-like transcript variant 1	ACYPI002758-PAserine/threonine-proteinphosphatase2A65kDaregulatorysubunitAalphaisoform-liketranscriptvariant1	ACYPI002758-PAserine/threonine-proteinphosphatase2A65kDaregulatorysubunitAalphaisoform-liketranscriptvariant1	778
183840000	199200000	158090000	263680000	228780000	286710000	281830000	293020000	384180000	142160000				7	7	7	24.3	24.3	24.3	37.797	0	130.28	3670500000	109	ACYPI002781-PA Cuticular protein CPR54	ACYPI002781-PACuticularproteinCPR54	ACYPI002781-PACuticularproteinCPR54	781
112540000	98625000	95395000	77057000	107540000	0	85673000	0	70413000	120620000				8	8	8	6.6	6.6	6.6	175.9	0	88.7	1355000000	62	ACYPI002789-PA collagen alpha-1	ACYPI002789-PAcollagenalpha-1	ACYPI002789-PAcollagenalpha-1	782
1272000000	1449500000	1484500000	1600500000	1839500000	659070000	1245400000	1246400000	1008400000	1112300000				24	24	24	54.5	54.5	54.5	53.257	0	323.31	21134000000	299	ACYPI002799-PA mitochondrial-processing peptidase subunit beta-like	ACYPI002799-PAmitochondrial-processingpeptidasesubunitbeta-like	ACYPI002799-PAmitochondrial-processingpeptidasesubunitbeta-like	784
36107000	34285000	38448000	52279000	40571000	0	0	0	0	32503000				1	1	1	6.4	6.4	6.4	28.301	0	5.231	378820000	21	ACYPI002803-PA peroxisomal biogenesis factor	ACYPI002803-PAperoxisomalbiogenesisfactor	ACYPI002803-PAperoxisomalbiogenesisfactor	786
0	22668000	0	26918000	40436000	0	0	0	0	0				5	5	5	32.6	32.6	32.6	21.105	0	18.506	301420000	17	ACYPI002804-PA Dihydrofolate reductase	ACYPI002804-PADihydrofolatereductase	ACYPI002804-PADihydrofolatereductase	787
68253000	48662000	43052000	0	61032000	40028000	52074000	59700000	53186000	51299000				5	4	4	11.7	8.5	8.5	44.723	0	11.332	702580000	31	ACYPI002805-PA short-chain specific acyl-coa dehydrogenase	ACYPI002805-PAshort-chainspecificacyl-coadehydrogenase	ACYPI002805-PAshort-chainspecificacyl-coadehydrogenase	788
188870000	140490000	120450000	150960000	129300000	140590000	137070000	141420000	154700000	103750000				6	6	6	43.5	43.5	43.5	23.766	0	89.304	2099500000	62	ACYPI002806-PA HEAT repeat-containing protein 2;ACYPI062429-PA HEAT repeat-containing protein 2	ACYPI002806-PAHEATrepeat-containingprotein2;ACYPI062429-PAHEATrepeat-containingprotein2	ACYPI002806-PAHEATrepeat-containingprotein2;ACYPI062429-PAHEATrepeat-containingprotein2	789
90458000	93410000	116090000	85985000	97954000	97570000	110700000	129960000	104560000	89098000				15	15	15	24.8	24.8	24.8	82.158	0	226.98	1575900000	98	ACYPI002811-PA mitochondrial inner membrane protein	ACYPI002811-PAmitochondrialinnermembraneprotein	ACYPI002811-PAmitochondrialinnermembraneprotein	790
342550000	320800000	340740000	332510000	314510000	372120000	332100000	379620000	430770000	359890000				44	44	44	53.5	53.5	53.5	111.64	0	323.31	5489100000	349	ACYPI002812-PA kinesin heavy chain-like	ACYPI002812-PAkinesinheavychain-like	ACYPI002812-PAkinesinheavychain-like	791
308180000	247320000	256000000	241800000	237210000	244170000	226260000	247350000	270410000	260330000				34	34	34	21.3	21.3	21.3	230.73	0	322.61	3849300000	245	ACYPI002819-PA hypothetical protein LOC100161608	ACYPI002819-PAhypotheticalproteinLOC100161608	ACYPI002819-PAhypotheticalproteinLOC100161608	792
262570000	306760000	247010000	230960000	278780000	333550000	348870000	249660000	375360000	341340000				15	15	15	80.2	80.2	80.2	21.675	0	176.59	4775100000	167	ACYPI002823-PA GTP-binding protein SAR1b-like	ACYPI002823-PAGTP-bindingproteinSAR1b-like	ACYPI002823-PAGTP-bindingproteinSAR1b-like	793
96147000	92121000	104690000	93846000	89844000	88486000	82460000	70982000	83972000	107150000				11	11	11	14.7	14.7	14.7	106.21	0	98.715	1442400000	82	ACYPI002825-PA hypothetical protein	ACYPI002825-PAhypotheticalprotein;ACYPI000928-PAhypotheticalprotein	ACYPI002825-PAhypotheticalprotein	794
290640000	313490000	284790000	301260000	347290000	246780000	295510000	313290000	311560000	328750000				17	17	17	44.4	44.4	44.4	58.021	0	140.54	4807400000	214	ACYPI002833-PA coro	ACYPI002833-PAcoro	ACYPI002833-PAcoro	796
42201000	40405000	34421000	33156000	38913000	37741000	0	34171000	44367000	40619000				7	7	7	13.5	13.5	13.5	105.24	0	22.888	526230000	44	ACYPI002837-PA pre-mRNA-processing factor 6-like	ACYPI002837-PApre-mRNA-processingfactor6-like	ACYPI002837-PApre-mRNA-processingfactor6-like	798
303510000	378610000	399280000	351610000	384000000	228930000	447360000	507290000	369410000	348170000				11	11	11	42.7	42.7	42.7	31.564	0	191.53	5407500000	123	ACYPI002841-PA NADH dehydrogenase [ubiquinone] flavoprotein 2	ACYPI002841-PANADHdehydrogenase[ubiquinone]flavoprotein2	ACYPI002841-PANADHdehydrogenase[ubiquinone]flavoprotein2	800
0	0	15823000	0	17071000	22180000	18840000	0	0	21214000				9	9	9	17.6	17.6	17.6	105.27	0	30.258	239270000	34	ACYPI002842-PA cold shock domain-containing protein E1-like transcript variant 2	ACYPI002842-PAcoldshockdomain-containingproteinE1-liketranscriptvariant2	ACYPI002842-PAcoldshockdomain-containingproteinE1-liketranscriptvariant2	801
98320000	100970000	101560000	88521000	86178000	97283000	137430000	133440000	130790000	115680000				7	7	7	17.8	17.8	17.8	67.214	0	47.927	1578900000	92	ACYPI002846-PA calcium/calmodulin-dependent protein kinase type II alpha chain-like	ACYPI002846-PAcalcium/calmodulin-dependentproteinkinasetypeIIalphachain-like	ACYPI002846-PAcalcium/calmodulin-dependentproteinkinasetypeIIalphachain-like	803
149800000	110230000	99966000	111060000	112530000	114840000	88695000	97413000	100270000	56464000				11	11	11	28.1	28.1	28.1	39.209	0	43.297	1655400000	88	ACYPI002851-PA Ref_XM_001947538 PREDICTED_ similar to UDP-glucose 4-epimerase	ACYPI002851-PARef_XM_001947538PREDICTED_similartoUDP-glucose4-epimerase	ACYPI002851-PARef_XM_001947538PREDICTED_similartoUDP-glucose4-epimerase	804
0	0	18710000	0	0	0	0	0	0	15654000				4	4	4	19.6	19.6	19.6	37.867	0	10.899	196030000	23	ACYPI002857-PA geranylgeranyl pyrophosphate synthase-like	ACYPI002857-PAgeranylgeranylpyrophosphatesynthase-like	ACYPI002857-PAgeranylgeranylpyrophosphatesynthase-like	805
0	42298000	39524000	55712000	0	24572000	37270000	35399000	37352000	46997000				3	3	3	18	18	18	28.169	0	11.946	587680000	32	ACYPI002863-PA apolipoprotein O-like	ACYPI002863-PAapolipoproteinO-like	ACYPI002863-PAapolipoproteinO-like	806
0	0	0	0	0	29733000	0	0	25791000	0				7	7	7	20.3	20.3	20.3	53.86	0	26.253	156630000	15	ACYPI002865-PA liquid facets	ACYPI002865-PAliquidfacets	ACYPI002865-PAliquidfacets	807
0	96343000	0	0	89962000	165880000	102770000	0	0	90093000				4	4	4	21.3	21.3	21.3	19.824	0	21.264	1425200000	26	ACYPI002876-PA secreted protein	ACYPI002876-PAsecretedprotein	ACYPI002876-PAsecretedprotein	808
1215700000	300290000	318470000	361590000	297000000	283640000	276020000	295490000	315070000	290070000				9	9	9	51.7	51.7	51.7	19.995	0	77.818	5848000000	117	ACYPI002878-PA CG6180	ACYPI002878-PACG6180	ACYPI002878-PACG6180	809
277400000	397140000	347210000	414860000	316280000	433190000	304820000	402540000	449840000	326770000				17	17	17	40.7	40.7	40.7	50.373	0	125.38	5767000000	160	ACYPI002881-PA Alpha-N-acetylgalactosaminidase	ACYPI002881-PAAlpha-N-acetylgalactosaminidase;ACYPI082349-PARef_XM_001951781PREDICTED_similartoCG5731CG5731-PA	ACYPI002881-PAAlpha-N-acetylgalactosaminidase	810
0	97581000	77161000	0	74479000	50505000	178880000	99943000	120910000	121500000				16	14	14	44.2	41.6	41.6	33.707	0	105.87	1351700000	67	ACYPI002892-PA ADP/ATP translocase 4	ACYPI002892-PAADP/ATPtranslocase4	ACYPI002892-PAADP/ATPtranslocase4	812
125600000	474610000	476700000	458720000	486620000	530710000	636930000	708320000	572910000	590550000				5	5	5	35.3	35.3	35.3	11.655	0	38.065	7497100000	61	ACYPI002903-PA AGAP004616-PA	ACYPI002903-PAAGAP004616-PA	ACYPI002903-PAAGAP004616-PA	815
185900000	151500000	176400000	221500000	166810000	114970000	144100000	121270000	167590000	158880000				14	14	14	43	43	43	52.392	0	202.18	2629300000	153	ACYPI002904-PA leucine aminopeptidase	ACYPI002904-PAleucineaminopeptidase	ACYPI002904-PAleucineaminopeptidase	816
390470000	430460000	424550000	363540000	395130000	494150000	410030000	343050000	503820000	388280000				24	24	24	48.1	48.1	48.1	79.807	0	221.99	6610800000	250	ACYPI002907-PA Ref_XM_001950712 PREDICTED_ similar to threonyl-tRNA synthetase	ACYPI002907-PARef_XM_001950712PREDICTED_similartothreonyl-tRNAsynthetase;ACYPI081977-PAThreonyl-tRNAsynthetase;ACYPI068526-PAGH20022p;ACYPI084745-PAuncharacterizedprotein;ACYPI083195-PAthreonyl-trnasynthetase	ACYPI002907-PARef_XM_001950712PREDICTED_similartothreonyl-tRNAsynthetase	817
21948000	0	26173000	21764000	0	0	0	0	26729000	0				7	7	7	22.8	22.8	22.8	42.283	0	32.969	227620000	26	ACYPI002909-PA ethanolamine-phosphate cytidylyltransferase	ACYPI002909-PAethanolamine-phosphatecytidylyltransferase	ACYPI002909-PAethanolamine-phosphatecytidylyltransferase	818
76337000	86233000	77074000	84909000	73809000	72029000	87039000	108780000	93485000	99253000				15	15	15	33.2	33.2	33.2	63.626	0	55.831	1278100000	90	ACYPI002925-PA dihydropyrimidine amidohydrolase	ACYPI002925-PAdihydropyrimidineamidohydrolase	ACYPI002925-PAdihydropyrimidineamidohydrolase	819
26062000	26492000	0	28727000	37093000	38440000	53143000	0	28680000	31387000				6	6	6	17.3	17.3	17.3	54.497	0	69.535	446000000	37	ACYPI002929-PA peritrophic membrane chitin binding protein	ACYPI002929-PAperitrophicmembranechitinbindingprotein	ACYPI002929-PAperitrophicmembranechitinbindingprotein	820
0	0	0	0	23925000	0	23511000	0	0	0				2	2	2	5.3	5.3	5.3	61.435	0	9.9325	144990000	14	ACYPI002937-PA Tudor domain-containing protein 7	ACYPI002937-PATudordomain-containingprotein7	ACYPI002937-PATudordomain-containingprotein7	823
23397000	0	0	0	41713000	0	0	0	0	0				3	3	3	8	8	8	30.495	0	49.834	584590000	19	ACYPI002942-PA hypothetical protein LOC100161742	ACYPI002942-PAhypotheticalproteinLOC100161742	ACYPI002942-PAhypotheticalproteinLOC100161742	826
45852000	40001000	30983000	34198000	41810000	32810000	50988000	45408000	42261000	41089000				7	7	7	46.9	46.9	46.9	26.368	0	85.251	601150000	54	ACYPI002948-PA viral IAP-associated factor homolog	ACYPI002948-PAviralIAP-associatedfactorhomolog	ACYPI002948-PAviralIAP-associatedfactorhomolog	827
856710000	827750000	871040000	834930000	752800000	835700000	840120000	782210000	908320000	842370000				43	43	42	62	62	60.5	108.06	0	323.31	13482000000	468	ACYPI002950-PA uncharacterized protein	ACYPI002950-PAuncharacterizedprotein	ACYPI002950-PAuncharacterizedprotein	828
745480000	903710000	973460000	932050000	936940000	1232500000	1059000000	1027200000	1083200000	1069000000				8	4	4	81.9	57.5	57.5	13.803	0	142.01	15779000000	117	ACYPI002963-PA Ref_XM_001944141 PREDICTED_ similar to profilin	ACYPI002963-PARef_XM_001944141PREDICTED_similartoprofilin	ACYPI002963-PARef_XM_001944141PREDICTED_similartoprofilin	830
0	0	0	0	0	151880000	0	0	0	174370000				3	3	3	4.9	4.9	4.9	111.67	0	4.8825	1737700000	17	ACYPI002979-PA Ubiquitin-protein ligase BRE1A	ACYPI002979-PAUbiquitin-proteinligaseBRE1A	ACYPI002979-PAUbiquitin-proteinligaseBRE1A	832
0	45710000	41523000	53575000	0	0	0	0	0	0				5	5	5	27.1	27.1	27.1	44.093	0	65.97	428200000	25	ACYPI002988-PA translation machinery-associated protein	ACYPI002988-PAtranslationmachinery-associatedprotein	ACYPI002988-PAtranslationmachinery-associatedprotein	835
91913000	120690000	64916000	105820000	110010000	152720000	179900000	101650000	197440000	188220000				11	11	11	27.3	27.3	27.3	72.083	0	216.26	2207900000	106	ACYPI002993-PA Dolichyl-diphosphooligosaccharide--protein glycosyltransferase 63 kDa subunit	ACYPI002993-PADolichyl-diphosphooligosaccharide--proteinglycosyltransferase63kDasubunit	ACYPI002993-PADolichyl-diphosphooligosaccharide--proteinglycosyltransferase63kDasubunit	836
376300000	387040000	434610000	398300000	460180000	423490000	421840000	490420000	447440000	413640000				8	8	6	57.7	57.7	57.7	15.437	0	230.82	6441300000	53	ACYPI002998-PA serine/arginine-rich splicing factor 7-like transcript variant 3	ACYPI002998-PAserine/arginine-richsplicingfactor7-liketranscriptvariant3	ACYPI002998-PAserine/arginine-richsplicingfactor7-liketranscriptvariant3	837
145340000	0	0	52696000	96069000	0	0	0	0	0				1	1	1	5.6	5.6	5.6	35.697	0	28.985	675200000	20	ACYPI003007-PA uncharacterized protein	ACYPI003007-PAuncharacterizedprotein	ACYPI003007-PAuncharacterizedprotein	839
0	0	43476000	0	41713000	51350000	0	0	0	0				5	5	5	25.5	25.5	25.5	37.808	0	49.3	439260000	28	ACYPI003018-PA Ref_XM_001949994 PREDICTED_ similar to protein phosphatase methylesterase 1	ACYPI003018-PARef_XM_001949994PREDICTED_similartoproteinphosphatasemethylesterase1	ACYPI003018-PARef_XM_001949994PREDICTED_similartoproteinphosphatasemethylesterase1	840
205980000	189090000	182340000	179470000	195050000	180100000	160200000	185030000	189260000	214760000				18	18	18	56.1	56.1	56.1	50.374	0	137.74	2951600000	180	ACYPI003033-PA RuvB-like 1	ACYPI003033-PARuvB-like1	ACYPI003033-PARuvB-like1	841
1835700000	1496100000	1390000000	1514000000	1713700000	1230700000	1093800000	1192000000	1224600000	1390200000				28	28	28	48.4	48.4	48.4	46.63	0	323.31	21786000000	398	ACYPI003035-PA 46 kDa FK506-binding nuclear protein	ACYPI003035-PA46kDaFK506-bindingnuclearprotein	ACYPI003035-PA46kDaFK506-bindingnuclearprotein	842
35065000	34222000	52578000	35614000	42297000	0	31887000	21764000	34245000	35175000				6	6	6	22.3	22.3	22.3	50.83	0	32.681	545560000	39	ACYPI003038-PA flavin-containing monooxygenase FMO GS-OX4-like	ACYPI003038-PAflavin-containingmonooxygenaseFMOGS-OX4-like	ACYPI003038-PAflavin-containingmonooxygenaseFMOGS-OX4-like	843
0	58937000	77326000	70490000	0	67359000	88650000	72725000	58095000	76765000				4	4	4	87.1	87.1	87.1	9.891	0	40.26	956410000	46	ACYPI003042-PA Ref_XM_001943095 PREDICTED_ similar to Probable splicing factor 3B subunit 5	ACYPI003042-PARef_XM_001943095PREDICTED_similartoProbablesplicingfactor3Bsubunit5	ACYPI003042-PARef_XM_001943095PREDICTED_similartoProbablesplicingfactor3Bsubunit5	844
24656000	29984000	28910000	25937000	32693000	19526000	22862000	22447000	0	28298000				4	4	4	29.3	29.3	29.3	19.102	0	18.678	406640000	36	ACYPI003043-PA uncharacterized protein	ACYPI003043-PAuncharacterizedprotein	ACYPI003043-PAuncharacterizedprotein	845
0	0	24585000	0	0	20597000	0	0	0	0				2	2	2	8	8	8	31.788	0	10.401	90890000	10	ACYPI003054-PA Pre-mRNA-splicing factor ISY1 homolog	ACYPI003054-PAPre-mRNA-splicingfactorISY1homolog	ACYPI003054-PAPre-mRNA-splicingfactorISY1homolog	847
395160000	365460000	342730000	357300000	375960000	337330000	393960000	404260000	442340000	400600000				25	25	25	50.6	50.6	50.6	66.537	0	202.85	5803100000	211	ACYPI003057-PA actin-interacting protein 1-like transcript variant 2	ACYPI003057-PAactin-interactingprotein1-liketranscriptvariant2	ACYPI003057-PAactin-interactingprotein1-liketranscriptvariant2	849
82386000	77124000	0	112490000	59310000	98220000	0	81209000	0	82547000				8	8	8	41.6	41.6	41.6	33.562	0	72.019	1211000000	25	ACYPI003061-PA Protein yellow	ACYPI003061-PAProteinyellow	ACYPI003061-PAProteinyellow	850
199480000	125950000	164920000	143220000	171690000	146890000	116130000	106260000	133030000	133530000				16	16	16	23.5	23.5	23.5	100.95	0	127.07	2295000000	123	ACYPI003083-PA tripeptidyl-peptidase 2-like	ACYPI003083-PAtripeptidyl-peptidase2-like	ACYPI003083-PAtripeptidyl-peptidase2-like	852
11290000	11337000	12451000	12465000	8823700	11704000	20976000	11722000	0	0				1	1	1	10.4	10.4	10.4	20.238	0	8.9047	166450000	29	ACYPI003109-PA adenine phosphoribosyltransferase-like	ACYPI003109-PAadeninephosphoribosyltransferase-like	ACYPI003109-PAadeninephosphoribosyltransferase-like	853
30167000	20947000	41322000	50317000	82484000	0	29402000	24122000	31462000	0				9	9	9	21	21	21	76.798	0	65.165	646760000	46	ACYPI003117-PA hypothetical protein LOC100161931	ACYPI003117-PAhypotheticalproteinLOC100161931	ACYPI003117-PAhypotheticalproteinLOC100161931	854
2168300000	1415900000	1128300000	1439500000	1798300000	927320000	1194000000	915070000	1131500000	1288300000				31	31	31	74.5	74.5	74.5	48.782	0	323.31	20795000000	392	ACYPI003124-PA Ref_XM_001942730 PREDICTED_ similar to ATP-dependent RNA helicase WM6	ACYPI003124-PARef_XM_001942730PREDICTED_similartoATP-dependentRNAhelicaseWM6	ACYPI003124-PARef_XM_001942730PREDICTED_similartoATP-dependentRNAhelicaseWM6	856
56195000	44119000	46221000	50718000	34729000	69061000	61767000	69216000	64899000	50198000				8	8	8	41.1	41.1	41.1	31.635	0	59.182	775720000	62	ACYPI003128-PA esterase D/formylglutathione hydrolase-like;ACYPI071306-PA S-formylglutathione hydrolase	ACYPI003128-PAesteraseD/formylglutathionehydrolase-like;ACYPI071306-PAS-formylglutathionehydrolase	ACYPI003128-PAesteraseD/formylglutathionehydrolase-like;ACYPI071306-PAS-formylglutathionehydrolase	857
557670000	766290000	497880000	649120000	374390000	642550000	631130000	1536400000	927510000	912920000				11	8	1	32.5	30.1	5.6	37.671	0	25.259	10998000000	116	ACYPI003138-PA uncharacterized protein	ACYPI003138-PAuncharacterizedprotein;ACYPI005054-PAuncharacterizedprotein	ACYPI003138-PAuncharacterizedprotein	858
4700500000	3838500000	4601200000	3182600000	3969100000	5134500000	4404500000	4883600000	5096700000	4083900000				22	20	20	73.7	73.7	73.7	28.165	0	323.31	62999000000	376	ACYPI003154-PA 14-3-3 protein theta	ACYPI003154-PA14-3-3proteintheta	ACYPI003154-PA14-3-3proteintheta	862
98210000	107980000	49751000	64818000	107190000	50294000	127020000	71505000	120000000	120780000				5	5	5	14.3	14.3	14.3	37.623	0	21.693	1423900000	41	ACYPI003159-PA Phosphate carrier protein	ACYPI003159-PAPhosphatecarrierprotein;ACYPI007878-PAPhosphatecarrierprotein	ACYPI003159-PAPhosphatecarrierprotein	864
0	75191000	74998000	64827000	71602000	63849000	0	68543000	64456000	63473000				6	6	6	27.3	27.3	27.3	28.531	0	53.396	912040000	53	ACYPI003166-PA apolipoprotein D-like	ACYPI003166-PAapolipoproteinD-like	ACYPI003166-PAapolipoproteinD-like	866
355470000	496210000	445390000	459110000	454810000	458340000	447960000	464770000	369920000	445780000				18	18	18	55	55	55	40.219	0	268.5	6714200000	171	ACYPI003170-PA vacuolar H[ ]-ATPase C39 subunit	ACYPI003170-PAvacuolarH[]-ATPaseC39subunit	ACYPI003170-PAvacuolarH[]-ATPaseC39subunit	867
81261000	105360000	98563000	88785000	87741000	127190000	111560000	87875000	131320000	126090000				20	20	20	27.4	27.4	27.4	150.85	0	122.2	1597600000	127	ACYPI003176-PA splicing factor 3B subunit 1-like transcript variant 1	ACYPI003176-PAsplicingfactor3Bsubunit1-liketranscriptvariant1	ACYPI003176-PAsplicingfactor3Bsubunit1-liketranscriptvariant1	870
0	0	0	0	0	0	0	25878000	25114000	0				5	5	5	20.8	20.8	20.8	34.7	0	11.973	183900000	24	ACYPI003184-PA uncharacterized protein	ACYPI003184-PAuncharacterizedprotein	ACYPI003184-PAuncharacterizedprotein	871
0	0	46159000	0	39991000	44978000	0	0	74512000	48039000				6	6	6	12.3	12.3	12.3	60.327	0	19.278	587010000	19	ACYPI003201-PA Beta-glucosidase;ACYPI001320-PA Beta-glucosidase	ACYPI003201-PABeta-glucosidase;ACYPI001320-PABeta-glucosidase	ACYPI003201-PABeta-glucosidase;ACYPI001320-PABeta-glucosidase	872
149140000	131920000	163730000	155610000	144550000	161240000	129970000	135060000	151720000	188780000				15	15	15	42.6	42.6	42.6	55.577	0	268.65	2345600000	99	ACYPI003204-PA Histone deacetylase 3	ACYPI003204-PAHistonedeacetylase3;ACYPI001259-PAHistonedeacetylase3	ACYPI003204-PAHistonedeacetylase3	873
121070000	113970000	122170000	105680000	118940000	76823000	95185000	118950000	102430000	161710000				33	33	33	15.5	15.5	15.5	389.93	0	132.9	1794800000	140	ACYPI003206-PA sp1070	ACYPI003206-PAsp1070	ACYPI003206-PAsp1070	874
77434000	101240000	42051000	72748000	81846000	88625000	111700000	93929000	113530000	120220000				21	21	21	22.3	22.3	22.3	175.44	0	114.38	1491200000	123	ACYPI003214-PA UDP-glucose_glycoprotein glucosyltransferase-like	ACYPI003214-PAUDP-glucose_glycoproteinglucosyltransferase-like	ACYPI003214-PAUDP-glucose_glycoproteinglucosyltransferase-like	876
449080000	350590000	383940000	387550000	430940000	348040000	257720000	318130000	263600000	320610000				23	23	23	45.4	45.4	45.4	83.143	0	323.31	5546400000	184	ACYPI003225-PA Ref_XM_001945823 PREDICTED_ similar to glycyl-tRNA synthetase	ACYPI003225-PARef_XM_001945823PREDICTED_similartoglycyl-tRNAsynthetase	ACYPI003225-PARef_XM_001945823PREDICTED_similartoglycyl-tRNAsynthetase	879
136110000	243080000	178870000	163100000	159360000	94680000	220220000	243020000	241150000	187440000				21	21	21	52.1	52.1	52.1	69.05	0	150.02	2919900000	160	ACYPI003232-PA very-long-chain specific acyl-coa dehydrogenase	ACYPI003232-PAvery-long-chainspecificacyl-coadehydrogenase	ACYPI003232-PAvery-long-chainspecificacyl-coadehydrogenase	880
75678000	107430000	62703000	32830000	0	49385000	56592000	95796000	0	44095000				9	9	9	29.8	29.8	29.8	47.663	0	26.325	794470000	53	ACYPI003242-PA yellow protein precursor	ACYPI003242-PAyellowproteinprecursor	ACYPI003242-PAyellowproteinprecursor	882
130780000	111440000	85927000	80845000	112680000	63964000	83174000	89854000	68768000	100230000				17	17	17	8.6	8.6	8.6	282.66	0	148.2	1543400000	116	ACYPI003244-PA Ref_XM_001951945 PREDICTED_ similar to papilin	ACYPI003244-PARef_XM_001951945PREDICTED_similartopapilin;ACYPI49281-PAuncharacterizedprotein	ACYPI003244-PARef_XM_001951945PREDICTED_similartopapilin	883
680810000	589390000	444620000	568370000	619300000	538470000	456230000	582900000	463980000	439930000				34	34	34	55.8	55.8	55.8	77.758	0	323.31	8814700000	348	ACYPI003246-PA Glucosamine--fructose-6-phosphate aminotransferase [isomerizing]	ACYPI003246-PAGlucosamine--fructose-6-phosphateaminotransferase[isomerizing]	ACYPI003246-PAGlucosamine--fructose-6-phosphateaminotransferase[isomerizing]	884
0	27946000	24788000	0	23941000	0	24838000	28632000	29734000	32330000				8	8	8	11.9	11.9	11.9	81.129	0	63.413	338270000	33	ACYPI003252-PA influenza virus NS1A-binding protein-like transcript variant 1	ACYPI003252-PAinfluenzavirusNS1A-bindingprotein-liketranscriptvariant1	ACYPI003252-PAinfluenzavirusNS1A-bindingprotein-liketranscriptvariant1	885
77642000	48101000	57684000	43087000	42925000	0	42682000	0	49648000	39826000				12	12	12	20.6	20.6	20.6	100.93	0	77.121	608560000	34	ACYPI003255-PA MCM2 protein	ACYPI003255-PAMCM2protein	ACYPI003255-PAMCM2protein	887
19521000	28638000	25769000	30983000	37096000	28952000	0	0	26057000	35533000				5	5	5	36.9	36.9	36.9	24.732	0	31.777	396920000	39	ACYPI087801-PA Bcas2 protein;ACYPI003266-PA Bcas2 protein	ACYPI087801-PABcas2protein;ACYPI003266-PABcas2protein	ACYPI087801-PABcas2protein;ACYPI003266-PABcas2protein	890
69874000	71264000	58681000	69534000	79733000	58668000	74667000	58633000	64337000	70874000				20	20	20	36.8	36.8	36.8	64.608	0	60.31	1049700000	82	ACYPI003270-PA heat shock protein hsp70-interacting protein	ACYPI003270-PAheatshockproteinhsp70-interactingprotein	ACYPI003270-PAheatshockproteinhsp70-interactingprotein	891
32289000	28656000	24916000	26581000	0	0	0	0	0	18847000				4	4	4	30	30	30	18.438	0	15.541	382070000	24	ACYPI003278-PA 15 kDa selenoprotein-like	ACYPI003278-PA15kDaselenoprotein-like	ACYPI003278-PA15kDaselenoprotein-like	893
1711700000	1566500000	1968600000	2008300000	1583200000	1736900000	1549600000	1678900000	1887800000	1498400000				33	33	33	62.4	62.4	62.4	57.412	0	323.31	28092000000	445	ACYPI003279-PA t-complex protein	ACYPI003279-PAt-complexprotein	ACYPI003279-PAt-complexprotein	894
0	0	15059000	13249000	0	0	0	17528000	16132000	0				4	4	4	11.3	11.3	11.3	38.572	0	11.981	143110000	33	ACYPI003281-PA Beta-hexosaminidase beta chain;ACYPI004625-PA Beta-hexosaminidase subunit beta;ACYPI008304-PA Beta-hexosaminidase subunit beta;ACYPI50513-PA Beta-hexosaminidase subunit beta	ACYPI003281-PABeta-hexosaminidasebetachain;ACYPI004625-PABeta-hexosaminidasesubunitbeta;ACYPI008304-PABeta-hexosaminidasesubunitbeta;ACYPI50513-PABeta-hexosaminidasesubunitbeta;ACYPI060708-PABeta-hexosaminidase;ACYPI066669-PABeta-hexosaminidasebetachain;ACYPI085675-PAchitooligosaccharidolyticbeta-n-acetylglucosaminidaseprecursor	ACYPI003281-PABeta-hexosaminidasebetachain;ACYPI004625-PABeta-hexosaminidasesubunitbeta;ACYPI008304-PABeta-hexosaminidasesubunitbeta;ACYPI50513-PABeta-hexosaminidasesubunitbeta	895
6637100000	7457500000	6605500000	6357200000	6786800000	4964000000	7130400000	8657700000	6817500000	5173600000				79	79	79	71.4	71.4	71.4	129.56	0	323.31	103670000000	1227	ACYPI003282-PA pyruvate carboxylase mitochondrial-like transcript variant 1	ACYPI003282-PApyruvatecarboxylasemitochondrial-liketranscriptvariant1	ACYPI003282-PApyruvatecarboxylasemitochondrial-liketranscriptvariant1	896
0	22586000	0	0	15794000	19540000	0	0	0	0				6	6	6	21.3	21.3	21.3	46.006	0	26.558	200350000	25	ACYPI003283-PA poly	ACYPI003283-PApoly;ACYPI009535-PAuncharacterizedprotein	ACYPI003283-PApoly	897
382310000	683640000	479870000	411680000	407180000	797230000	1020500000	592900000	885480000	931190000				18	18	18	41.8	41.8	41.8	28.895	0	269.82	10136000000	231	ACYPI003298-PA 40S ribosomal protein S6	ACYPI003298-PA40SribosomalproteinS6	ACYPI003298-PA40SribosomalproteinS6	901
149360000	121030000	93202000	132860000	155160000	129390000	178840000	127380000	169310000	189220000				15	15	15	37.4	37.4	37.4	67.748	0	71.152	2185000000	120	ACYPI003300-PA hypothetical protein LOC100162126	ACYPI003300-PAhypotheticalproteinLOC100162126	ACYPI003300-PAhypotheticalproteinLOC100162126	902
108100000	90791000	91039000	77880000	98943000	62940000	67239000	72141000	66069000	74742000				14	14	14	22.1	22.1	22.1	92.073	0	126.69	1276800000	79	ACYPI003302-PA DNA replication licensing factor MCM6;ACYPI083372-PA DNA replication licensing factor MCM6	ACYPI003302-PADNAreplicationlicensingfactorMCM6;ACYPI083372-PADNAreplicationlicensingfactorMCM6	ACYPI003302-PADNAreplicationlicensingfactorMCM6;ACYPI083372-PADNAreplicationlicensingfactorMCM6	903
22925000	0	38627000	44718000	0	0	16618000	0	0	17515000				4	4	4	8.5	8.5	8.5	73.28	0	16.281	280540000	25	ACYPI003316-PA rna polymerase-associated protein rtf1	ACYPI003316-PArnapolymerase-associatedproteinrtf1	ACYPI003316-PArnapolymerase-associatedproteinrtf1	905
113930000	114930000	99628000	96236000	81958000	106400000	98311000	117800000	127190000	113970000				11	11	11	29.3	29.3	29.3	59.181	0	80.15	1632900000	119	ACYPI003343-PA Serine/threonine-protein phosphatase 2B catalytic subunit beta isoform	ACYPI003343-PASerine/threonine-proteinphosphatase2Bcatalyticsubunitbetaisoform	ACYPI003343-PASerine/threonine-proteinphosphatase2Bcatalyticsubunitbetaisoform	908
902880000	855650000	846300000	981050000	1118800000	775660000	866890000	837980000	732460000	1004100000				16	16	16	41.7	41.7	41.7	35.336	0	298.91	13371000000	227	ACYPI003349-PA serine-arginine protein 55-like transcript variant 1	ACYPI003349-PAserine-arginineprotein55-liketranscriptvariant1;ACYPI25514-PAuncharacterizedprotein	ACYPI003349-PAserine-arginineprotein55-liketranscriptvariant1	910
1235300000	1259000000	1439300000	1487200000	1351300000	1354700000	1154100000	1338700000	1080600000	1117200000				12	12	12	87.2	87.2	87.2	9.7339	0	123.41	20486000000	207	ACYPI003355-PA acyl-CoA-binding protein-like transcript variant 1	ACYPI003355-PAacyl-CoA-bindingprotein-liketranscriptvariant1	ACYPI003355-PAacyl-CoA-bindingprotein-liketranscriptvariant1	911
0	273560000	0	0	0	0	0	327880000	0	0				3	3	3	4.3	4.3	4.3	87.138	0	19.36	1359800000	17	ACYPI003359-PA Ref_XM_001942563 PREDICTED_ similar to conserved hypothetical protein	ACYPI003359-PARef_XM_001942563PREDICTED_similartoconservedhypotheticalprotein	ACYPI003359-PARef_XM_001942563PREDICTED_similartoconservedhypotheticalprotein	912
20087000	0	0	0	21929000	0	0	0	0	0				4	4	4	23.7	23.7	23.7	39.121	0	56.624	193020000	18	ACYPI003376-PA Zeta-crystallin	ACYPI003376-PAZeta-crystallin	ACYPI003376-PAZeta-crystallin	915
65259000	52984000	61170000	65080000	73899000	74240000	51451000	58005000	44668000	48183000				6	6	6	23.5	23.5	23.5	36.949	0	60.575	981760000	59	ACYPI003387-PA prostaglandin reductase 1-like	ACYPI003387-PAprostaglandinreductase1-like	ACYPI003387-PAprostaglandinreductase1-like	917
0	24337000	24419000	19380000	23139000	33240000	0	0	0	35517000				5	5	5	17.7	17.7	17.7	50.686	0	46.377	377580000	28	ACYPI003388-PA Fas-associated protein	ACYPI003388-PAFas-associatedprotein	ACYPI003388-PAFas-associatedprotein	918
58843000	84208000	74609000	70946000	75674000	51217000	73677000	92817000	95918000	71692000				8	8	8	29.9	29.9	29.9	36.644	0	86.318	1071600000	62	ACYPI003390-PA elongation factor Ts mitochondrial-like	ACYPI003390-PAelongationfactorTsmitochondrial-like	ACYPI003390-PAelongationfactorTsmitochondrial-like	919
79885000	49316000	53199000	57126000	45774000	73804000	63000000	53243000	69894000	70675000				7	7	7	30.1	30.1	30.1	37.482	0	85.94	1012300000	58	ACYPI003397-PA secretory carrier-associated membrane protein 1-like	ACYPI003397-PAsecretorycarrier-associatedmembraneprotein1-like	ACYPI003397-PAsecretorycarrier-associatedmembraneprotein1-like	921
0	0	6720200	0	0	6560700	0	0	0	0				2	2	2	1.4	1.4	1.4	237.32	0	4.9102	58123000	14	ACYPI003408-PA protein MON2 homolog	ACYPI003408-PAproteinMON2homolog	ACYPI003408-PAproteinMON2homolog	923
31890000	41253000	43644000	46228000	50139000	0	49888000	44673000	27835000	40391000				17	17	17	23.3	23.3	23.3	105	0	77.778	622690000	50	ACYPI003409-PA Lon protease homolog	ACYPI003409-PALonproteasehomolog	ACYPI003409-PALonproteasehomolog	924
501560000	352700000	402800000	424880000	497280000	327180000	333810000	259940000	303300000	332930000				12	12	12	59.9	59.9	59.9	24.551	0	173.68	5859800000	114	ACYPI003417-PA Proteasome subunit beta type	ACYPI003417-PAProteasomesubunitbetatype	ACYPI003417-PAProteasomesubunitbetatype	925
100690000	120550000	107640000	120440000	124470000	0	147590000	171120000	150790000	109880000				6	6	6	29.5	29.5	29.5	20.067	0	14.969	1875500000	43	ACYPI003440-PA uncharacterized protein	ACYPI003440-PAuncharacterizedprotein	ACYPI003440-PAuncharacterizedprotein	932
149060000	145990000	181060000	161460000	161580000	177520000	139930000	122830000	158460000	164590000				12	12	12	33.2	33.2	33.2	66.102	0	153.01	2631600000	108	ACYPI003444-PA leukotriene A-4 hydrolase-like	ACYPI003444-PAleukotrieneA-4hydrolase-like;ACYPI52624-PAuncharacterizedprotein	ACYPI003444-PAleukotrieneA-4hydrolase-like	933
73896000	66988000	122590000	90175000	99980000	137930000	91862000	106000000	117140000	91751000				6	6	6	44	44	44	14.237	0	79.773	1752900000	61	ACYPI089106-PA small nuclear ribonucleoprotein Sm D2;ACYPI003451-PA probable small nuclear ribonucleoprotein Sm D2-like	ACYPI089106-PAsmallnuclearribonucleoproteinSmD2;ACYPI003451-PAprobablesmallnuclearribonucleoproteinSmD2-like	ACYPI089106-PAsmallnuclearribonucleoproteinSmD2;ACYPI003451-PAprobablesmallnuclearribonucleoproteinSmD2-like	936
0	58365000	57830000	67851000	63912000	0	53289000	58689000	73401000	63490000				11	11	11	13.8	13.8	13.8	108.96	0	65.081	787320000	48	ACYPI003472-PA chriz	ACYPI003472-PAchriz	ACYPI003472-PAchriz	940
34450000	46749000	33541000	34655000	45536000	43519000	34670000	29778000	28511000	41587000				15	15	15	5.1	5.1	5.1	425.15	0	38.475	626180000	84	ACYPI003478-PA Hemocytin	ACYPI003478-PAHemocytin	ACYPI003478-PAHemocytin	941
650570000	727790000	752470000	723310000	741070000	705730000	642830000	438140000	675920000	759980000				39	39	39	41.2	41.2	41.2	105.55	0	323.31	12493000000	318	ACYPI003481-PA Eukaryotic translation initiation factor 3 subunit C	ACYPI003481-PAEukaryotictranslationinitiationfactor3subunitC	ACYPI003481-PAEukaryotictranslationinitiationfactor3subunitC	942
499060000	516410000	495540000	454990000	406610000	450410000	462730000	695070000	455340000	539110000				10	10	10	64.5	64.5	64.5	25.15	0	100.78	7379200000	116	ACYPI003483-PA peptidyl-prolyl cis-trans isomerase FKBP2-like	ACYPI003483-PApeptidyl-prolylcis-transisomeraseFKBP2-like	ACYPI003483-PApeptidyl-prolylcis-transisomeraseFKBP2-like	943
39780000	45921000	43126000	50726000	62345000	45223000	33599000	37278000	47920000	67131000				16	16	15	12.5	12.5	12	216.13	0	75.588	780910000	86	ACYPI003484-PA DNA-directed RNA polymerase II subunit RPB1-like;ACYPI004235-PA DNA-directed RNA polymerase II subunit RPB1	ACYPI003484-PADNA-directedRNApolymeraseIIsubunitRPB1-like;ACYPI004235-PADNA-directedRNApolymeraseIIsubunitRPB1;ACYPI072940-PADNA-directedRNApolymeraseIIsubunitRPB1	ACYPI003484-PADNA-directedRNApolymeraseIIsubunitRPB1-like;ACYPI004235-PADNA-directedRNApolymeraseIIsubunitRPB1	944
118520000	124710000	104780000	118070000	122020000	111870000	113240000	133750000	89066000	109120000				10	10	10	36.1	36.1	36.1	41.707	0	175.68	1863900000	59	ACYPI003488-PA beta-ureidopropionase-like	ACYPI003488-PAbeta-ureidopropionase-like;ACYPI064172-PABeta-ureidopropionase	ACYPI003488-PAbeta-ureidopropionase-like	945
323790000	336130000	289130000	306510000	314530000	170620000	275110000	312310000	282360000	227570000				17	17	17	45.5	45.5	45.5	52.297	0	122.73	4099700000	132	ACYPI003489-PA dihydrolipoyllysine-residue succinyltransferase component of 2-oxoglutarate dehydrogenase complex mitochondrial-like	ACYPI003489-PAdihydrolipoyllysine-residuesuccinyltransferasecomponentof2-oxoglutaratedehydrogenasecomplexmitochondrial-like	ACYPI003489-PAdihydrolipoyllysine-residuesuccinyltransferasecomponentof2-oxoglutaratedehydrogenasecomplexmitochondrial-like	946
0	20769000	25133000	0	0	28931000	18910000	23206000	25402000	0				3	3	3	7.6	7.6	7.6	86.038	0	19.157	264120000	27	ACYPI003518-PA pantothenate kinase 4	ACYPI003518-PApantothenatekinase4	ACYPI003518-PApantothenatekinase4	948
161370000	122240000	113440000	96768000	123020000	74921000	109400000	155170000	159860000	85399000				12	12	12	27.2	27.2	27.2	32.605	0	39.58	1718500000	86	ACYPI003519-PA Succinate dehydrogenase [ubiquinone] iron-sulfur subunit	ACYPI003519-PASuccinatedehydrogenase[ubiquinone]iron-sulfursubunit	ACYPI003519-PASuccinatedehydrogenase[ubiquinone]iron-sulfursubunit	949
0	0	45420000	0	0	0	33124000	0	46802000	53598000				7	7	7	18.8	18.8	18.8	59.822	0	39.359	368470000	24	ACYPI003520-PA Serine protease P53	ACYPI003520-PASerineproteaseP53	ACYPI003520-PASerineproteaseP53	950
177830000	196290000	215710000	178700000	178080000	183310000	173850000	218190000	248690000	198950000				9	9	9	21.2	21.2	21.2	62.403	0	184.98	3040100000	109	ACYPI003522-PA lsm14 homolog a	ACYPI003522-PAlsm14homologa	ACYPI003522-PAlsm14homologa	951
0	170640000	206860000	150790000	108840000	243920000	139520000	194880000	234960000	208240000				5	5	5	41.3	41.3	41.3	11.856	0	190.66	2525100000	84	ACYPI084012-PA hypothetical LOC100162370;ACYPI003526-PA Ref_XM_001950281 PREDICTED_ hypothetical protein LOC100162370	ACYPI084012-PAhypotheticalLOC100162370;ACYPI003526-PARef_XM_001950281PREDICTED_hypotheticalproteinLOC100162370	ACYPI084012-PAhypotheticalLOC100162370;ACYPI003526-PARef_XM_001950281PREDICTED_hypotheticalproteinLOC100162370	952
2485000000	2918300000	3246300000	3241900000	3327200000	3472300000	3273500000	3357200000	3509700000	2746700000				13	12	12	55.5	45.5	45.5	22.793	0	259.85	48246000000	164	ACYPI003541-PA Peptidyl-prolyl cis-trans isomerase	ACYPI003541-PAPeptidyl-prolylcis-transisomerase	ACYPI003541-PAPeptidyl-prolylcis-transisomerase	954
69265000	82468000	55706000	62878000	65620000	52761000	68369000	53744000	62391000	64369000				9	9	9	20.7	20.7	20.7	49.419	0	77.74	997080000	74	ACYPI003542-PA ectonucleoside triphosphate diphosphohydrolase	ACYPI003542-PAectonucleosidetriphosphatediphosphohydrolase	ACYPI003542-PAectonucleosidetriphosphatediphosphohydrolase	955
0	0	19768000	0	0	0	0	0	0	28601000				7	7	7	11.4	11.4	11.4	126.71	0	21.005	186820000	19	ACYPI003550-PA Ubiquitin conjugation factor E4 B	ACYPI003550-PAUbiquitinconjugationfactorE4B	ACYPI003550-PAUbiquitinconjugationfactorE4B	960
382050000	565510000	405770000	384740000	440710000	556300000	633410000	406990000	630800000	610640000				21	21	21	44.8	44.8	44.8	39.831	0	323.31	7793700000	220	ACYPI003553-PA eukaryotic translation initiation factor 2A;ACYPI087459-PA Ref_XM_001945982 PREDICTED_ similar to eukaryotic translation initiation factor 2A	ACYPI003553-PAeukaryotictranslationinitiationfactor2A;ACYPI087459-PARef_XM_001945982PREDICTED_similartoeukaryotictranslationinitiationfactor2A	ACYPI003553-PAeukaryotictranslationinitiationfactor2A;ACYPI087459-PARef_XM_001945982PREDICTED_similartoeukaryotictranslationinitiationfactor2A	961
280280000	318410000	271260000	317500000	286930000	286770000	294060000	328930000	257810000	253630000				8	8	8	45.6	45.6	45.6	17.085	0	84.09	4336400000	118	ACYPI003855-PA Eukaryotic translation initiation factor 1A;ACYPI003565-PA Eukaryotic translation initiation factor 1A	ACYPI003855-PAEukaryotictranslationinitiationfactor1A;ACYPI003565-PAEukaryotictranslationinitiationfactor1A	ACYPI003855-PAEukaryotictranslationinitiationfactor1A;ACYPI003565-PAEukaryotictranslationinitiationfactor1A	963
230980000	275790000	294450000	254000000	255440000	279310000	314890000	326090000	372320000	311670000				28	19	19	44	34.4	34.4	73.193	0	323.31	4451600000	204	ACYPI003571-PA probable ATP-dependent RNA helicase DDX5-like	ACYPI003571-PAprobableATP-dependentRNAhelicaseDDX5-like	ACYPI003571-PAprobableATP-dependentRNAhelicaseDDX5-like	964
478080000	377350000	410930000	408070000	460260000	531470000	435140000	471000000	490620000	371930000				12	12	12	48.4	48.4	48.4	20.434	0	179.78	6902000000	127	ACYPI003572-PA calponin-like	ACYPI003572-PAcalponin-like	ACYPI003572-PAcalponin-like	965
1624300000	1311200000	1082700000	1284100000	1610400000	603260000	1089300000	1279500000	929400000	992040000				24	24	24	60.3	60.3	60.3	54.41	0	323.31	17963000000	315	ACYPI003581-PA Dihydrolipoyl dehydrogenase	ACYPI003581-PADihydrolipoyldehydrogenase	ACYPI003581-PADihydrolipoyldehydrogenase	969
452180000	517980000	520650000	613970000	518610000	544360000	488480000	434770000	489380000	532960000				21	21	21	54.3	54.3	54.3	50.822	0	218.66	8272100000	239	ACYPI003589-PA Eukaryotic translation initiation factor 2 subunit 3	ACYPI003589-PAEukaryotictranslationinitiationfactor2subunit3	ACYPI003589-PAEukaryotictranslationinitiationfactor2subunit3	971
2800100000	3214300000	2666300000	2264300000	3349200000	3092500000	3564600000	2944400000	3461400000	3272300000				26	26	26	62.7	62.7	62.7	34.797	0	323.31	46229000000	482	ACYPI003593-PA 60S ribosomal protein L5	ACYPI003593-PA60SribosomalproteinL5	ACYPI003593-PA60SribosomalproteinL5	972
104010000	94844000	85089000	90920000	99759000	88378000	112290000	69015000	121280000	115320000				16	16	16	17	17	17	123.55	0	102	1646600000	120	ACYPI003596-PA Eukaryotic translation initiation factor 4 gamma	ACYPI003596-PAEukaryotictranslationinitiationfactor4gamma	ACYPI003596-PAEukaryotictranslationinitiationfactor4gamma	973
55680000	60075000	43650000	47385000	52299000	71350000	71765000	73479000	77573000	79248000				6	6	6	36.7	36.7	36.7	24.277	0	236.77	941370000	63	ACYPI003602-PA synaptosomal-associated protein 25-like transcript variant 1	ACYPI003602-PAsynaptosomal-associatedprotein25-liketranscriptvariant1	ACYPI003602-PAsynaptosomal-associatedprotein25-liketranscriptvariant1	975
194840000	179370000	184920000	205730000	184390000	162150000	151980000	168310000	176400000	170480000				9	9	9	26.4	26.4	26.4	55.348	0	196.8	2691600000	72	ACYPI003604-PA Ubiquitin carboxyl-terminal hydrolase 14	ACYPI003604-PAUbiquitincarboxyl-terminalhydrolase14	ACYPI003604-PAUbiquitincarboxyl-terminalhydrolase14	976
21020000	19223000	19524000	58477000	0	0	0	0	0	24586000				4	4	4	15	15	15	49.224	0	14.864	300340000	26	ACYPI003608-PA charged multivesicular body protein 7-like	ACYPI003608-PAchargedmultivesicularbodyprotein7-like	ACYPI003608-PAchargedmultivesicularbodyprotein7-like	977
137490000	136010000	136060000	127180000	116660000	185200000	161160000	138460000	166470000	172890000				54	54	54	18	18	18	534.76	0	212.53	2292100000	237	ACYPI003616-PA Dynein heavy chain	ACYPI003616-PADyneinheavychain	ACYPI003616-PADyneinheavychain	979
2782000000	1811500000	1860900000	2018800000	2733400000	1025200000	1386600000	1760400000	1323200000	1431400000				29	29	29	63.3	63.3	63.3	52.111	0	323.31	29081000000	426	ACYPI003625-PA probable citrate synthase 1 mitochondrial-like	ACYPI003625-PAprobablecitratesynthase1mitochondrial-like;ACYPI081660-PACitratesynthase	ACYPI003625-PAprobablecitratesynthase1mitochondrial-like	980
103400000	71329000	143170000	72699000	139190000	65649000	89980000	0	82142000	109850000				5	5	5	16.9	16.9	16.9	50.296	0	54.573	1405000000	43	ACYPI003626-PA programmed cell death protein 4-like	ACYPI003626-PAprogrammedcelldeathprotein4-like	ACYPI003626-PAprogrammedcelldeathprotein4-like	981
346960000	434700000	276310000	237690000	326530000	513550000	572180000	337910000	595710000	520510000				12	12	12	43.9	43.9	43.9	24.878	0	52.892	6463100000	107	ACYPI003630-PA 60S ribosomal protein L13a-like	ACYPI003630-PA60SribosomalproteinL13a-like	ACYPI003630-PA60SribosomalproteinL13a-like	982
83775000	117550000	100660000	83225000	100630000	90593000	114450000	148440000	133080000	93340000				10	10	10	27.2	27.2	27.2	65.968	0	55.533	1575000000	68	ACYPI003634-PA electron transfer flavoprotein-ubiquinone oxidoreductase	ACYPI003634-PAelectrontransferflavoprotein-ubiquinoneoxidoreductase	ACYPI003634-PAelectrontransferflavoprotein-ubiquinoneoxidoreductase	984
887950000	988070000	1090600000	983030000	1008500000	1039900000	938210000	1041200000	1056100000	1000900000				25	25	25	58	58	58	64.488	0	323.31	15500000000	341	ACYPI003646-PA Eukaryotic translation initiation factor 3 subunit D;ACYPI061611-PA Eukaryotic translation initiation factor 3 subunit D	ACYPI003646-PAEukaryotictranslationinitiationfactor3subunitD;ACYPI061611-PAEukaryotictranslationinitiationfactor3subunitD	ACYPI003646-PAEukaryotictranslationinitiationfactor3subunitD;ACYPI061611-PAEukaryotictranslationinitiationfactor3subunitD	986
1394300000	1536000000	1279200000	1554500000	1404100000	1507100000	1416100000	1304900000	1222400000	1321100000				7	7	7	29.7	29.7	29.7	17.822	0	246.97	22505000000	180	ACYPI003649-PA Cuticle protein 4	ACYPI003649-PACuticleprotein4	ACYPI003649-PACuticleprotein4	988
4127100000	3249200000	3724700000	3432600000	2899800000	3834900000	3433100000	3868200000	3549900000	3668600000				22	22	21	49.4	49.4	44.8	36.11	0	323.31	54295000000	448	ACYPI003661-PA Heterogeneous nuclear ribonucleoprotein	ACYPI003661-PAHeterogeneousnuclearribonucleoprotein;ACYPI001865-PARef_XM_001946369PREDICTED_similartoheterogeneousnuclearribonucleoproteinA1	ACYPI003661-PAHeterogeneousnuclearribonucleoprotein	992
0	51317000	60307000	71660000	68588000	63621000	59702000	62417000	75169000	0				3	3	3	24.1	24.1	24.1	25.508	0	18.575	863420000	37	ACYPI003668-PA U1 small nuclear ribonucleoprotein A-like	ACYPI003668-PAU1smallnuclearribonucleoproteinA-like	ACYPI003668-PAU1smallnuclearribonucleoproteinA-like	993
1512000000	1341400000	1403900000	1357400000	1476000000	1221600000	1165400000	1243000000	1208600000	1199100000				44	44	44	49.4	49.4	49.4	98.772	0	323.31	20970000000	442	ACYPI003669-PA puromycin-sensitive aminopeptidase-like	ACYPI003669-PApuromycin-sensitiveaminopeptidase-like	ACYPI003669-PApuromycin-sensitiveaminopeptidase-like	994
751500000	814540000	788940000	701830000	675680000	826480000	867400000	953950000	981990000	800770000				29	29	29	58.3	58.3	58.3	73.122	0	207.66	12284000000	318	ACYPI003687-PA PDZ and LIM domain protein Zasp-like transcript variant 4	ACYPI003687-PAPDZandLIMdomainproteinZasp-liketranscriptvariant4	ACYPI003687-PAPDZandLIMdomainproteinZasp-liketranscriptvariant4	996
0	40547000	39705000	53901000	0	52241000	0	41258000	46880000	0				8	8	8	23.4	23.4	23.4	53.072	0	82.198	513360000	28	ACYPI003689-PA uridine 5-monophosphate synthase-like transcript variant 2	ACYPI003689-PAuridine5'-monophosphatesynthase-liketranscriptvariant2;ACYPI080387-PAuridinesynthase;ACYPI061429-PAuridine5'-monophosphatesynthase-like	ACYPI003689-PAuridine5'-monophosphatesynthase-liketranscriptvariant2	997
2750800000	2396600000	2155200000	2290200000	2560800000	2376200000	2451100000	2320200000	2439000000	2546900000				97	97	97	45.7	45.7	45.7	288.04	0	323.31	37717000000	1021	ACYPI003699-PA filamin-A-like	ACYPI003699-PAfilamin-A-like;ACYPI41834-PAGLEAN_21834;ACYPI086913-PAFLNAprotein	ACYPI003699-PAfilamin-A-like	999
0	29805000	0	27349000	0	0	0	0	0	31874000				5	5	5	10.5	10.5	10.5	90.594	0	25.208	288750000	19	ACYPI003702-PA procollagen-lysine2-oxoglutarate 5-dioxygenase 3-like transcript variant 1	ACYPI003702-PAprocollagen-lysine2-oxoglutarate5-dioxygenase3-liketranscriptvariant1	ACYPI003702-PAprocollagen-lysine2-oxoglutarate5-dioxygenase3-liketranscriptvariant1	1001
0	0	7068200	6568900	0	0	0	0	0	7050800				6	6	6	4.9	4.9	4.9	159.86	0	10.293	91261000	19	ACYPI003715-PA ubiquitin carboxyl-terminal hydrolase 47-like	ACYPI003715-PAubiquitincarboxyl-terminalhydrolase47-like	ACYPI003715-PAubiquitincarboxyl-terminalhydrolase47-like	1004
0	47306000	0	37288000	39876000	46426000	0	0	0	0				17	2	2	61.8	9.2	9.2	36.076	0	23.449	402610000	22	ACYPI003750-PA eukaryotic translation initiation factor 3 subunit I-like	ACYPI003750-PAeukaryotictranslationinitiationfactor3subunitI-like;ACYPI083544-PAEukaryotictranslationinitiationfactor3subunitI	ACYPI003750-PAeukaryotictranslationinitiationfactor3subunitI-like	1008
1078100000	921590000	1019900000	1035100000	1089000000	924040000	935190000	999770000	1117400000	1037800000				24	24	24	56.6	56.6	56.6	43.965	0	323.31	15436000000	380	ACYPI003756-PA RNA-binding protein lark-like transcript variant 2	ACYPI003756-PARNA-bindingproteinlark-liketranscriptvariant2;ACYPI010087-PArnabindingmotifprotein;ACYPI060559-PAhypotheticalproteinLOC100167647	ACYPI003756-PARNA-bindingproteinlark-liketranscriptvariant2	1011
0	28515000	101370000	0	0	0	109620000	0	0	0				41	1	1	35.5	2.1	2.1	63.933	0	14.868	652900000	16	ACYPI003765-PA hypothetical protein LOC100162620	ACYPI003765-PAhypotheticalproteinLOC100162620	ACYPI003765-PAhypotheticalproteinLOC100162620	1012
0	0	49916000	43752000	0	0	42677000	0	0	52551000				3	3	3	27.6	27.6	27.6	19.488	0	26.462	687350000	26	ACYPI003770-PA accessory gland protein	ACYPI003770-PAaccessoryglandprotein	ACYPI003770-PAaccessoryglandprotein	1013
25622000	29496000	28092000	31153000	31722000	0	0	36990000	0	0				8	8	8	5.5	5.5	5.5	266.06	0	39.796	465040000	36	ACYPI003778-PA sec24b protein	ACYPI003778-PAsec24bprotein	ACYPI003778-PAsec24bprotein	1015
366540000	317400000	270090000	285010000	373680000	212480000	279580000	280090000	201400000	211710000				12	12	12	40.3	40.3	40.3	52.696	0	112.06	4533800000	137	ACYPI003783-PA Paxillin	ACYPI003783-PAPaxillin	ACYPI003783-PAPaxillin	1017
782380000	652220000	589600000	647870000	658650000	507290000	613530000	586120000	538550000	698130000				39	39	39	56.7	56.7	56.7	79.324	0	323.31	9644200000	343	ACYPI003786-PA Protein hu-li tai shao	ACYPI003786-PAProteinhu-litaishao	ACYPI003786-PAProteinhu-litaishao	1018
0	0	22989000	0	0	24241000	0	23944000	25204000	20918000				4	4	4	9.1	9.1	9.1	52.446	0	18.717	249850000	26	ACYPI003790-PA notchless protein homolog 1-like	ACYPI003790-PAnotchlessproteinhomolog1-like	ACYPI003790-PAnotchlessproteinhomolog1-like	1019
68691000	44125000	58939000	48883000	62127000	51713000	62669000	73080000	66444000	66400000				7	7	7	20	20	20	44.604	0	21.022	970050000	59	ACYPI003807-PA Serine protease H2	ACYPI003807-PASerineproteaseH2	ACYPI003807-PASerineproteaseH2	1020
62503000	73560000	72123000	66878000	66918000	74804000	63345000	76041000	74506000	66930000				5	5	5	31.3	31.3	31.3	28.065	0	42.806	1128600000	51	ACYPI003814-PA replication protein A2;ACYPI070377-PA replication factor A protein 2-like	ACYPI003814-PAreplicationproteinA2;ACYPI070377-PAreplicationfactorAprotein2-like	ACYPI003814-PAreplicationproteinA2;ACYPI070377-PAreplicationfactorAprotein2-like	1022
34366000	52782000	43713000	55574000	42090000	45605000	55804000	0	56427000	69598000				9	9	9	16.2	16.2	16.2	114.29	0	37.858	770140000	38	ACYPI003815-PA lysosomal alpha-mannosidase mannosidase alpha class member	ACYPI003815-PAlysosomalalpha-mannosidasemannosidasealphaclassmember	ACYPI003815-PAlysosomalalpha-mannosidasemannosidasealphaclassmember	1023
25700000	23649000	18022000	21225000	24728000	0	0	0	0	15887000				2	2	2	13.6	13.6	13.6	20.398	0	73.243	241180000	28	ACYPI003820-PA peptidyl-prolyl cis-trans isomerase H-like	ACYPI003820-PApeptidyl-prolylcis-transisomeraseH-like	ACYPI003820-PApeptidyl-prolylcis-transisomeraseH-like	1024
188730000	217780000	220620000	261530000	178680000	233040000	183970000	209620000	214060000	207590000				6	6	6	32.8	32.8	32.8	29.014	0	111.23	3191400000	62	ACYPI003821-PA Proliferating cell nuclear antigen	ACYPI003821-PAProliferatingcellnuclearantigen	ACYPI003821-PAProliferatingcellnuclearantigen	1025
20716000	15523000	0	0	17150000	16638000	0	20592000	0	0				4	4	4	2.3	2.3	2.3	249.29	0	16.781	203700000	29	ACYPI003831-PA fatty acid synthase-like	ACYPI003831-PAfattyacidsynthase-like	ACYPI003831-PAfattyacidsynthase-like	1027
0	0	0	0	0	0	0	8931400	12348000	0				3	3	3	12.4	12.4	12.4	39.586	0	21.331	154040000	13	ACYPI003853-PA egl-1 suppressor/dio uptake defective/raf enhancer family member eor-1	ACYPI003853-PAegl-1suppressor/diouptakedefective/rafenhancerfamilymembereor-1	ACYPI003853-PAegl-1suppressor/diouptakedefective/rafenhancerfamilymembereor-1	1029
0	0	21774000	0	0	20054000	0	0	0	21857000				8	8	8	51.6	51.6	51.6	25.392	0	16.749	335730000	24	ACYPI003856-PA Thioredoxin domain-containing protein 9	ACYPI003856-PAThioredoxindomain-containingprotein9	ACYPI003856-PAThioredoxindomain-containingprotein9	1030
1206000000	802550000	675230000	924620000	1341800000	720720000	857200000	743850000	829540000	741460000				14	14	14	43.9	43.9	43.9	34.349	0	323.31	12954000000	172	ACYPI003867-PA Cold-shock DNA-binding protein family	ACYPI003867-PACold-shockDNA-bindingproteinfamily	ACYPI003867-PACold-shockDNA-bindingproteinfamily	1031
248000000	292290000	244230000	238840000	269700000	240690000	232260000	247780000	297430000	281550000				12	12	12	31.3	31.3	31.3	57.324	0	132.16	4020400000	122	ACYPI003871-PA oxidoreductase GLYR1 homolog	ACYPI003871-PAoxidoreductaseGLYR1homolog	ACYPI003871-PAoxidoreductaseGLYR1homolog	1033
0	0	0	0	0	0	0	33952000	18990000	27878000				4	4	4	22.2	22.2	22.2	36.649	0	12.192	75469000	10	ACYPI003873-PA uncharacterized protein;ACYPI54925-PA hypothetical protein LOC100162736	ACYPI003873-PAuncharacterizedprotein;ACYPI54925-PAhypotheticalproteinLOC100162736	ACYPI003873-PAuncharacterizedprotein;ACYPI54925-PAhypotheticalproteinLOC100162736	1034
95662000	115730000	124640000	77754000	92408000	133140000	132890000	117700000	145480000	132710000				17	17	17	27.5	27.5	27.5	101.53	0	79.186	1864400000	111	ACYPI003886-PA N-alpha-acetyltransferase 16	ACYPI003886-PAN-alpha-acetyltransferase16	ACYPI003886-PAN-alpha-acetyltransferase16	1036
88620000	95946000	91237000	104410000	93052000	89856000	89189000	113570000	82977000	114310000				24	24	24	29.5	29.5	29.5	137.36	0	147.59	1552900000	141	ACYPI003888-PA Rhea	ACYPI003888-PARhea	ACYPI003888-PARhea	1037
0	0	0	0	35732000	0	0	0	0	30696000				6	6	6	24.5	24.5	24.5	42.575	0	13.699	178140000	14	ACYPI003905-PA Mitochondrial ribosomal protein L3	ACYPI003905-PAMitochondrialribosomalproteinL3	ACYPI003905-PAMitochondrialribosomalproteinL3	1040
48960000	54612000	51354000	50565000	58349000	77588000	63001000	66706000	72489000	51443000				12	12	8	20.2	20.2	14.9	88.17	0	137.89	957540000	64	ACYPI003906-PA Exportin-2	ACYPI003906-PAExportin-2	ACYPI003906-PAExportin-2	1041
2792200000	2258500000	2673600000	2818100000	2622000000	3108700000	2700000000	3290700000	2720600000	2542900000				21	21	21	90.2	90.2	90.2	21.862	0	323.31	40444000000	327	ACYPI003907-PA alpha-crystallin B chain-like transcript variant 3	ACYPI003907-PAalpha-crystallinBchain-liketranscriptvariant3	ACYPI003907-PAalpha-crystallinBchain-liketranscriptvariant3	1042
1277300000	985920000	1131300000	1054900000	1098600000	965180000	845830000	962620000	879490000	879010000				25	25	25	43.9	43.9	43.9	47.776	0	247.73	15599000000	267	ACYPI003908-PA adenosylhomocysteinase-like	ACYPI003908-PAadenosylhomocysteinase-like;ACYPI004267-PAAdenosylhomocysteinase	ACYPI003908-PAadenosylhomocysteinase-like	1043
0	0	0	0	0	0	15750000	0	13694000	0				2	2	2	13.4	13.4	13.4	22.99	0	5.0112	49718000	11	ACYPI003912-PA ras-related protein Rab-35-like	ACYPI003912-PAras-relatedproteinRab-35-like	ACYPI003912-PAras-relatedproteinRab-35-like	1044
144990000	166830000	165770000	149490000	182910000	84452000	180440000	217440000	193410000	152620000				10	10	10	45.9	45.9	45.9	42.463	0	122.62	2485300000	131	ACYPI003918-PA isocitrate dehydrogenase [NAD] subunit gamma mitochondrial-like	ACYPI003918-PAisocitratedehydrogenase[NAD]subunitgammamitochondrial-like;ACYPI004297-PAuncharacterizedprotein	ACYPI003918-PAisocitratedehydrogenase[NAD]subunitgammamitochondrial-like	1046
269100000	107790000	107980000	138840000	158350000	145350000	129830000	157210000	197270000	140330000				3	3	3	12.9	12.9	12.9	22.14	0	99.607	2388500000	69	ACYPI003921-PA Superoxide dismutase [Cu-Zn]	ACYPI003921-PASuperoxidedismutase[Cu-Zn]	ACYPI003921-PASuperoxidedismutase[Cu-Zn]	1047
715170000	769400000	812770000	859570000	848360000	793400000	686940000	659930000	612440000	528910000				20	20	19	55.2	55.2	55.2	53.162	0	195.48	11989000000	238	ACYPI003925-PA Ref_XM_001950112 PREDICTED_ similar to aldehyde dehydrogenase	ACYPI003925-PARef_XM_001950112PREDICTED_similartoaldehydedehydrogenase	ACYPI003925-PARef_XM_001950112PREDICTED_similartoaldehydedehydrogenase	1048
242320000	164530000	154690000	175870000	208280000	116550000	153330000	131160000	129480000	156510000				14	14	14	42.4	42.4	42.4	34.418	0	78.721	2593600000	105	ACYPI003934-PA phosphatidylinositol transfer protein/retinal degeneration b protein	ACYPI003934-PAphosphatidylinositoltransferprotein/retinaldegenerationbprotein	ACYPI003934-PAphosphatidylinositoltransferprotein/retinaldegenerationbprotein	1049
91735000	102380000	114240000	97171000	104420000	94385000	79214000	101810000	104810000	79880000				5	5	2	15.3	15.3	6.4	41.279	0	25.421	1508400000	87	ACYPI003938-PA Acetyl-CoA acetyltransferase	ACYPI003938-PAAcetyl-CoAacetyltransferase;ACYPI002494-PAAcetyl-CoAacetyltransferase;ACYPI082149-PAAcetyl-CoAacetyltransferase	ACYPI003938-PAAcetyl-CoAacetyltransferase	1050
22785000	0	0	22420000	20323000	24098000	0	26817000	0	24964000				7	7	7	23.6	23.6	23.6	54.879	0	63.548	313480000	30	ACYPI003942-PA 6-phosphofructo-2-kinase/fructose-2	ACYPI003942-PA6-phosphofructo-2-kinase/fructose-2	ACYPI003942-PA6-phosphofructo-2-kinase/fructose-2	1052
41656000	31843000	35432000	45329000	29119000	26993000	30830000	34408000	32839000	27902000				11	11	11	18.8	18.8	18.8	84.073	0	59.824	534020000	78	ACYPI003944-PA Kif-2	ACYPI003944-PAKif-2;ACYPI002952-PARef_XM_001951721PREDICTED_similartokinesin-likeproteina	ACYPI003944-PAKif-2	1053
272560000	188490000	164440000	139340000	253560000	80359000	153290000	156030000	158310000	129570000				11	10	10	54	49.4	49.4	26.835	0	41.181	2576600000	93	ACYPI003947-PA thioredoxin-dependent peroxide reductase mitochondrial-like	ACYPI003947-PAthioredoxin-dependentperoxidereductasemitochondrial-like	ACYPI003947-PAthioredoxin-dependentperoxidereductasemitochondrial-like	1054
117250000	75831000	132940000	126360000	95015000	112870000	0	0	0	123240000				7	7	7	15.6	15.6	15.6	63.461	0	36.799	1899800000	37	ACYPI003954-PA cathepsin K-1	ACYPI003954-PAcathepsinK-1;ACYPI007694-PA26-29kD-proteinase	ACYPI003954-PAcathepsinK-1	1056
0	0	32853000	38482000	0	0	36367000	48424000	46359000	0				6	6	6	11.1	11.1	11.1	89.221	0	26.4	631700000	28	ACYPI003964-PA spermatogenesis-associated protein 20-like	ACYPI003964-PAspermatogenesis-associatedprotein20-like	ACYPI003964-PAspermatogenesis-associatedprotein20-like	1059
0	50427000	45833000	59610000	53319000	94620000	78695000	111610000	126320000	87780000				10	10	10	21.2	21.2	21.2	44.952	0	93.101	1180800000	57	ACYPI003965-PA reticulon 1 transcript variant 1	ACYPI003965-PAreticulon1transcriptvariant1	ACYPI003965-PAreticulon1transcriptvariant1	1060
68275000	79514000	79852000	73898000	66893000	94000000	82898000	80775000	85656000	69495000				5	5	5	9.1	9.1	9.1	103.7	0	150.13	1148800000	53	ACYPI003992-PA barentsz CG12878-PA	ACYPI003992-PAbarentszCG12878-PA	ACYPI003992-PAbarentszCG12878-PA	1065
0	0	20606000	0	0	23417000	0	0	0	0				3	3	3	17.2	17.2	17.2	24.879	0	10.355	108360000	10	ACYPI003993-PA ribulose-phosphate 3-epimerase-like	ACYPI003993-PAribulose-phosphate3-epimerase-like	ACYPI003993-PAribulose-phosphate3-epimerase-like	1066
30788000	32853000	0	25253000	36064000	33953000	44299000	31769000	57667000	49494000				9	9	8	28	28	26.3	46.118	0	29.663	547510000	47	ACYPI003998-PA cyclin-dependent kinase 10-like	ACYPI003998-PAcyclin-dependentkinase10-like;ACYPI005183-PAcyclin-dependentkinase9-like	ACYPI003998-PAcyclin-dependentkinase10-like	1067
0	0	0	0	12046000	0	0	19575000	0	0				5	5	5	12.8	12.8	12.8	72.999	0	16.362	144830000	22	ACYPI004004-PA Ref_XM_001951170 PREDICTED_ similar to LD23884p	ACYPI004004-PARef_XM_001951170PREDICTED_similartoLD23884p	ACYPI004004-PARef_XM_001951170PREDICTED_similartoLD23884p	1068
35887000	51390000	45051000	49979000	42645000	0	42628000	36183000	0	49587000				6	6	6	7.3	7.3	7.3	119.6	0	86.295	651090000	42	ACYPI004006-PA Importin-7	ACYPI004006-PAImportin-7	ACYPI004006-PAImportin-7	1069
56661000	54721000	49410000	54577000	56148000	0	36483000	0	0	46727000				5	5	5	25.1	25.1	25.1	38.15	0	25.87	711410000	38	ACYPI004014-PA ATPase ASNA1	ACYPI004014-PAATPaseASNA1	ACYPI004014-PAATPaseASNA1	1071
1216800000	1198000000	1338500000	1309500000	1400000000	1185600000	1163400000	1227700000	1347000000	1212600000				19	19	19	70.2	70.2	70.2	26.294	0	157.24	19520000000	246	ACYPI004024-PA GTP-binding nuclear protein Ran	ACYPI004024-PAGTP-bindingnuclearproteinRan	ACYPI004024-PAGTP-bindingnuclearproteinRan	1075
25801000	24337000	16260000	15603000	19425000	28915000	24572000	24634000	33407000	27498000				9	9	9	14.7	14.7	14.7	87.862	0	35.529	326250000	56	ACYPI004028-PA uncharacterized protein	ACYPI004028-PAuncharacterizedprotein	ACYPI004028-PAuncharacterizedprotein	1077
577130000	617930000	655660000	556570000	683750000	416250000	809500000	867680000	698380000	650950000				28	28	28	50.9	50.9	50.9	80.045	0	323.31	9355500000	284	ACYPI004031-PA Ref_XM_001942706 PREDICTED_ similar to NADH-ubiquinone oxidoreductase	ACYPI004031-PARef_XM_001942706PREDICTED_similartoNADH-ubiquinoneoxidoreductase	ACYPI004031-PARef_XM_001942706PREDICTED_similartoNADH-ubiquinoneoxidoreductase	1079
28312000	28983000	50604000	44088000	36806000	36056000	36419000	34396000	47648000	55853000				5	5	5	14.1	14.1	14.1	63.428	0	28.117	640210000	38	ACYPI004037-PA polypyrimidine tract-binding protein 1-like transcript variant 2	ACYPI004037-PApolypyrimidinetract-bindingprotein1-liketranscriptvariant2	ACYPI004037-PApolypyrimidinetract-bindingprotein1-liketranscriptvariant2	1081
828470000	436720000	442730000	395710000	468220000	492790000	470220000	436300000	544070000	467290000				13	13	13	38.2	38.2	38.2	43.207	0	179.42	7676500000	168	ACYPI004039-PA uncharacterized protein C6orf168-like	ACYPI004039-PAuncharacterizedproteinC6orf168-like	ACYPI004039-PAuncharacterizedproteinC6orf168-like	1082
84937000	103330000	94484000	88039000	92027000	73637000	96600000	85013000	78841000	96371000				6	6	6	25.2	25.2	25.2	29.724	0	49.385	1353200000	60	ACYPI004042-PA anamorsin homolog	ACYPI004042-PAanamorsinhomolog	ACYPI004042-PAanamorsinhomolog	1084
35953000	34475000	48674000	0	0	42574000	42313000	37572000	51665000	75889000				14	14	14	14.8	14.8	14.8	122.4	0	91.082	605220000	64	ACYPI004047-PA Chromatin-remodeling complex ATPase chain Iswi;ACYPI001312-PA chromatin-remodeling complex ATPase chain Iswi-like	ACYPI004047-PAChromatin-remodelingcomplexATPasechainIswi;ACYPI001312-PAchromatin-remodelingcomplexATPasechainIswi-like	ACYPI004047-PAChromatin-remodelingcomplexATPasechainIswi;ACYPI001312-PAchromatin-remodelingcomplexATPasechainIswi-like	1086
97410000	97024000	91070000	90488000	83383000	113410000	101690000	107900000	103190000	76607000				7	7	7	17.8	17.8	17.8	39.676	0	32.836	1464400000	42	ACYPI004051-PA Uroporphyrinogen decarboxylase	ACYPI004051-PAUroporphyrinogendecarboxylase	ACYPI004051-PAUroporphyrinogendecarboxylase	1087
0	0	0	0	49331000	0	34447000	0	0	34204000				7	7	7	28.7	28.7	28.7	35.448	0	54.506	295340000	22	ACYPI004065-PA 39S ribosomal protein L19	ACYPI004065-PA39SribosomalproteinL19	ACYPI004065-PA39SribosomalproteinL19	1089
119350000	174770000	178220000	154210000	136440000	176450000	162110000	202940000	226470000	184240000				5	5	5	52	52	52	14.281	0	61.491	2613500000	100	ACYPI004069-PA CG5738-like protein	ACYPI004069-PACG5738-likeprotein	ACYPI004069-PACG5738-likeprotein	1090
136880000	145520000	96100000	237020000	266210000	270580000	203740000	240810000	269390000	80608000				11	11	11	16.1	16.1	16.1	100.46	0	178.26	3037400000	86	ACYPI004073-PA uncharacterized protein	ACYPI004073-PAuncharacterizedprotein	ACYPI004073-PAuncharacterizedprotein	1091
598710000	422580000	521810000	523860000	445630000	496650000	430400000	399760000	520190000	442260000				17	17	17	47.5	47.5	47.5	52.907	0	268.86	7470100000	283	ACYPI004078-PA 26S proteasome non-ATPase regulatory subunit 12	ACYPI004078-PA26Sproteasomenon-ATPaseregulatorysubunit12	ACYPI004078-PA26Sproteasomenon-ATPaseregulatorysubunit12	1093
1103900000	966970000	1088900000	1140400000	1321000000	1187700000	1091600000	943190000	1272500000	1179500000				15	15	15	69.7	69.7	69.7	21.341	0	234.25	17742000000	214	ACYPI004082-PA 60S ribosomal protein L9	ACYPI004082-PA60SribosomalproteinL9	ACYPI004082-PA60SribosomalproteinL9	1094
59778000	62923000	80488000	123030000	61751000	72280000	78996000	64881000	101250000	87898000				3	3	3	57.3	57.3	57.3	10.403	0	70.285	1699500000	55	ACYPI004090-PA uncharacterized protein	ACYPI004090-PAuncharacterizedprotein	ACYPI004090-PAuncharacterizedprotein	1096
220580000	236570000	169940000	219040000	250630000	175140000	177170000	152370000	185810000	209900000				12	12	12	39.8	39.8	39.8	33.656	0	94.583	3190800000	89	ACYPI004093-PA Chitin binding peritrophin-A	ACYPI004093-PAChitinbindingperitrophin-A	ACYPI004093-PAChitinbindingperitrophin-A	1098
0	0	0	0	0	69222000	52026000	38086000	0	69559000				4	4	4	5.7	5.7	5.7	43.61	0	30.648	553210000	34	ACYPI004094-PA Translocation-associated membrane protein 1-like 1	ACYPI004094-PATranslocation-associatedmembraneprotein1-like1	ACYPI004094-PATranslocation-associatedmembraneprotein1-like1	1099
206770000	228850000	225670000	221370000	305690000	334890000	210210000	218730000	143440000	194050000				10	10	10	31	31	31	49.928	0	104.97	3443900000	100	ACYPI004098-PA Hydroxymethylglutaryl-CoA synthase	ACYPI004098-PAHydroxymethylglutaryl-CoAsynthase;ACYPI007673-PAHydroxymethylglutaryl-CoAsynthase	ACYPI004098-PAHydroxymethylglutaryl-CoAsynthase	1100
45741000	45956000	33928000	34075000	0	51987000	0	41936000	0	0				3	3	3	33.7	33.7	33.7	9.3711	0	12.896	536250000	26	ACYPI004107-PA 40S ribosomal protein S27	ACYPI004107-PA40SribosomalproteinS27	ACYPI004107-PA40SribosomalproteinS27	1101
954090000	757490000	739600000	901420000	993130000	644780000	604420000	560570000	612740000	797180000				22	22	22	57.7	57.7	57.7	52.311	0	275.25	12251000000	268	ACYPI004111-PA Bleomycin hydrolase	ACYPI004111-PABleomycinhydrolase	ACYPI004111-PABleomycinhydrolase	1102
647310000	701090000	802440000	747180000	836400000	876360000	850700000	979460000	1133000000	852210000				14	14	14	43.7	43.7	43.7	36.988	0	275.22	12472000000	241	ACYPI004115-PA KH domain-containing RNA-binding signal transduction-associated protein 3-like	ACYPI004115-PAKHdomain-containingRNA-bindingsignaltransduction-associatedprotein3-like	ACYPI004115-PAKHdomain-containingRNA-bindingsignaltransduction-associatedprotein3-like	1103
1038500000	1128800000	1176100000	1154300000	1092100000	843250000	969130000	1054800000	970760000	996950000				18	18	18	44.5	44.5	44.5	53.722	0	238.05	16231000000	259	ACYPI004117-PA thioredoxin reductase 1 mitochondrial-like	ACYPI004117-PAthioredoxinreductase1mitochondrial-like	ACYPI004117-PAthioredoxinreductase1mitochondrial-like	1104
894360000	925970000	917700000	939370000	989910000	499290000	874090000	1040500000	832900000	821410000				16	16	16	34.8	34.8	34.8	47.95	0	241.68	12838000000	203	ACYPI004124-PA cytochrome b-c1 complex subunit 2 mitochondrial-like	ACYPI004124-PAcytochromeb-c1complexsubunit2mitochondrial-like	ACYPI004124-PAcytochromeb-c1complexsubunit2mitochondrial-like	1105
9146000000	7913300000	8982700000	8608000000	8827100000	11059000000	8640300000	10296000000	9565400000	7130500000				47	47	46	74.7	74.7	74.7	63.093	0	323.31	143070000000	893	ACYPI004126-PA Malic enzyme	ACYPI004126-PAMalicenzyme	ACYPI004126-PAMalicenzyme	1106
1567100000	1557000000	1638500000	1494100000	1353900000	1994600000	1838800000	1599700000	1795800000	1632100000				109	109	109	55.8	55.8	55.8	228.37	0	323.31	25525000000	1025	ACYPI004129-PA Ref_XM_001949379 PREDICTED_ similar to zipper CG15792-PD	ACYPI004129-PARef_XM_001949379PREDICTED_similartozipperCG15792-PD	ACYPI004129-PARef_XM_001949379PREDICTED_similartozipperCG15792-PD	1107
0	24307000	0	0	0	19948000	21710000	16976000	22827000	22470000				9	9	9	3.2	3.2	3.2	472.35	0	25.57	253130000	39	ACYPI004133-PA spectrin beta chain-like transcript variant 3	ACYPI004133-PAspectrinbetachain-liketranscriptvariant3	ACYPI004133-PAspectrinbetachain-liketranscriptvariant3	1108
0	0	0	0	0	0	0	22904000	0	27293000				2	2	2	27.2	27.2	27.2	13.695	0	9.5088	131300000	13	ACYPI004139-PA huntingtin-interacting protein K-like	ACYPI004139-PAhuntingtin-interactingproteinK-like	ACYPI004139-PAhuntingtin-interactingproteinK-like	1110
500410000	600380000	694370000	670960000	627900000	652180000	693150000	782900000	808620000	682670000				13	13	13	38.6	38.6	38.6	56.289	0	282.86	10005000000	191	ACYPI004142-PA heterogeneous nuclear ribonucleoprotein H-like	ACYPI004142-PAheterogeneousnuclearribonucleoproteinH-like	ACYPI004142-PAheterogeneousnuclearribonucleoproteinH-like	1111
0	0	0	13330000	0	7950600	0	10220000	0	0				2	2	2	6	6	6	78.477	0	20.545	91135000	22	ACYPI004155-PA GD20552	ACYPI004155-PAGD20552	ACYPI004155-PAGD20552	1114
996490000	1038400000	1054300000	952660000	1048500000	1052700000	953970000	1140400000	1231300000	1172000000				24	24	24	40	40	40	62.776	0	323.31	15897000000	415	ACYPI004173-PA proline and glutamine-rich splicing factor sfpq	ACYPI004173-PAprolineandglutamine-richsplicingfactorsfpq	ACYPI004173-PAprolineandglutamine-richsplicingfactorsfpq	1116
0	0	0	0	0	0	23018000	0	0	26606000				6	6	6	10	10	10	88.798	0	15.307	143450000	26	ACYPI004183-PA dolichyl-diphosphooligosaccharide--protein glycosyltransferase subunit stt3a	ACYPI004183-PAdolichyl-diphosphooligosaccharide--proteinglycosyltransferasesubunitstt3a;ACYPI009548-PAdolichyl-diphosphooligosaccharide--proteinglycosyltransferasesubunitSTT3A-liketranscriptvariant1	ACYPI004183-PAdolichyl-diphosphooligosaccharide--proteinglycosyltransferasesubunitstt3a	1117
661610000	739570000	728710000	769390000	763380000	741250000	696560000	745730000	750240000	778140000				27	26	26	67.1	67.1	67.1	48.058	0	294.29	11536000000	378	ACYPI004185-PA 26S protease regulatory subunit 6A	ACYPI004185-PA26Sproteaseregulatorysubunit6A	ACYPI004185-PA26Sproteaseregulatorysubunit6A	1118
6446200000	6698300000	6257500000	7385400000	8197600000	4933600000	5168100000	5017400000	5301900000	5691800000				32	32	32	93.1	93.1	93.1	36.031	0	323.31	97963000000	768	ACYPI004192-PA guanine nucleotide-binding protein subunit beta-like protein-like	ACYPI004192-PAguaninenucleotide-bindingproteinsubunitbeta-likeprotein-like	ACYPI004192-PAguaninenucleotide-bindingproteinsubunitbeta-likeprotein-like	1120
38212000	54882000	80078000	65181000	59676000	94590000	56406000	73343000	72637000	99723000				10	10	10	25.4	25.4	25.4	63.614	0	74.245	1200800000	71	ACYPI004201-PA uncharacterized protein	ACYPI004201-PAuncharacterizedprotein	ACYPI004201-PAuncharacterizedprotein	1122
58073000	0	0	0	30807000	57493000	57922000	0	68841000	51491000				4	4	4	8.8	8.8	8.8	57.627	0	73.657	663060000	36	ACYPI004204-PA facilitated trehalose transporter Tret1-like	ACYPI004204-PAfacilitatedtrehalosetransporterTret1-like	ACYPI004204-PAfacilitatedtrehalosetransporterTret1-like	1123
0	0	0	42237000	0	52038000	0	79311000	0	0				11	11	11	71.6	71.6	71.6	17.744	0	50.884	566220000	34	ACYPI004205-PA histone deacetylase complex subunit SAP18-like transcript variant 1	ACYPI004205-PAhistonedeacetylasecomplexsubunitSAP18-liketranscriptvariant1	ACYPI004205-PAhistonedeacetylasecomplexsubunitSAP18-liketranscriptvariant1	1124
0	0	0	0	33763000	45374000	40647000	0	39015000	44102000				12	12	12	10.2	10.2	10.2	187.06	0	60.127	417920000	39	ACYPI004206-PA ATP-dependent helicase brm-like	ACYPI004206-PAATP-dependenthelicasebrm-like	ACYPI004206-PAATP-dependenthelicasebrm-like	1125
71819000	57678000	35247000	60227000	58098000	94669000	66754000	54264000	110000000	78725000				31	31	31	16.4	16.4	16.4	295.71	0	136.78	1073300000	172	ACYPI004209-PA CG17514	ACYPI004209-PACG17514	ACYPI004209-PACG17514	1126
122870000	109120000	136680000	80288000	102820000	134770000	84619000	107360000	117790000	94192000				18	18	18	24.5	24.5	24.5	140.97	0	125.24	1818200000	109	ACYPI004211-PA 5-oxoprolinase	ACYPI004211-PA5-oxoprolinase	ACYPI004211-PA5-oxoprolinase	1127
125570000	147670000	152990000	139300000	157940000	136360000	140260000	153250000	151890000	178740000				5	5	5	46.3	46.3	46.3	20.209	0	140.66	2355000000	106	ACYPI004216-PA Apoptosis-linked gene-2	ACYPI004216-PAApoptosis-linkedgene-2	ACYPI004216-PAApoptosis-linkedgene-2	1128
544130000	434500000	478320000	495990000	497600000	393670000	343430000	348420000	387690000	439620000				13	13	13	76.9	76.9	76.9	16.39	0	175.79	6558200000	113	ACYPI004223-PA ubiquitin-conjugating enzyme e2 variant	ACYPI004223-PAubiquitin-conjugatingenzymee2variant	ACYPI004223-PAubiquitin-conjugatingenzymee2variant	1131
156270000	185280000	170360000	205560000	175140000	227720000	260690000	137050000	275300000	291160000				13	13	12	84.6	84.6	78.6	20.825	0	196.16	3303700000	90	ACYPI004224-PA ADP-ribosylation factor 1-like	ACYPI004224-PAADP-ribosylationfactor1-like	ACYPI004224-PAADP-ribosylationfactor1-like	1132
690890000	853830000	873360000	984570000	884480000	787860000	756170000	809010000	822840000	777680000				25	25	25	59.9	59.9	59.9	58.783	0	323.31	12971000000	326	ACYPI004245-PA importin subunit alpha-7-like	ACYPI004245-PAimportinsubunitalpha-7-like	ACYPI004245-PAimportinsubunitalpha-7-like	1134
230220000	224060000	240890000	249300000	217040000	213300000	203610000	205340000	229690000	224230000				20	20	20	54.1	54.1	54.1	52.252	0	146.97	3546500000	181	ACYPI004253-PA ATP-dependent RNA helicase DDX19A-like;ACYPI000979-PA ATP-dependent RNA helicase DDX19A	ACYPI004253-PAATP-dependentRNAhelicaseDDX19A-like;ACYPI000979-PAATP-dependentRNAhelicaseDDX19A;ACYPI003011-PAATP-dependentRNAhelicaseDDX19A-like	ACYPI004253-PAATP-dependentRNAhelicaseDDX19A-like;ACYPI000979-PAATP-dependentRNAhelicaseDDX19A	1136
4626200000	4315700000	4727300000	5550500000	4443100000	6367600000	4057400000	4245900000	4627500000	3501300000				95	65	65	46.9	35.1	35.1	229.64	0	323.31	78069000000	898	ACYPI004258-PA fatty acid synthase	ACYPI004258-PAfattyacidsynthase	ACYPI004258-PAfattyacidsynthase	1137
6895200000	7800500000	8496100000	9869000000	8701100000	7430100000	6258700000	6903800000	6235300000	6756300000				16	16	16	61	61	61	33.531	0	323.31	118680000000	304	ACYPI004271-PA 40S ribosomal protein SA;ACYPI080575-PA 40s ribosomal protein sa p40 kda laminin receptor colon carcinoma laminin-binding protein	ACYPI004271-PA40SribosomalproteinSA;ACYPI080575-PA40sribosomalproteinsap40kdalamininreceptorcoloncarcinomalaminin-bindingprotein	ACYPI004271-PA40SribosomalproteinSA;ACYPI080575-PA40sribosomalproteinsap40kdalamininreceptorcoloncarcinomalaminin-bindingprotein	1140
0	79395000	76539000	0	86866000	0	0	0	73938000	92672000				6	6	6	23.8	23.8	23.8	23.833	0	18.532	949790000	29	ACYPI004276-PA proteasome beta 2 subunit	ACYPI004276-PAproteasomebeta2subunit	ACYPI004276-PAproteasomebeta2subunit	1142
1449100000	1333000000	1422500000	1481600000	1477300000	1449100000	1350600000	1504800000	1593100000	1340200000				34	34	34	73.3	73.3	73.3	60.915	0	323.31	22650000000	474	ACYPI004277-PA insulin-like growth factor 2 mRNA-binding protein 1-like transcript variant 2	ACYPI004277-PAinsulin-likegrowthfactor2mRNA-bindingprotein1-liketranscriptvariant2	ACYPI004277-PAinsulin-likegrowthfactor2mRNA-bindingprotein1-liketranscriptvariant2	1143
54810000	59120000	70054000	60217000	56072000	53675000	49093000	48319000	54978000	55681000				10	10	10	18.7	18.7	18.7	71.21	0	57.917	902230000	60	ACYPI004286-PA Nuclear protein localization protein 4 homolog	ACYPI004286-PANuclearproteinlocalizationprotein4homolog	ACYPI004286-PANuclearproteinlocalizationprotein4homolog	1144
24241000	22288000	25757000	0	21603000	24496000	0	0	0	0				10	10	10	25.2	25.2	25.2	70.858	0	31.803	311590000	35	ACYPI004307-PA sec1 family domain-containing protein 1-like transcript variant 1	ACYPI004307-PAsec1familydomain-containingprotein1-liketranscriptvariant1	ACYPI004307-PAsec1familydomain-containingprotein1-liketranscriptvariant1	1147
0	0	0	0	0	0	0	0	36474000	48209000				10	10	10	34.6	34.6	34.6	41.604	0	81.598	295600000	25	ACYPI004308-PA Guanine nucleotide-binding protein subunit alpha-11	ACYPI004308-PAGuaninenucleotide-bindingproteinsubunitalpha-11	ACYPI004308-PAGuaninenucleotide-bindingproteinsubunitalpha-11	1148
48137000	73444000	59911000	105220000	114980000	0	0	0	0	83946000				5	5	5	27.7	27.7	27.7	31.161	0	69.426	988490000	34	ACYPI004314-PA 26S proteasome non-ATPase regulatory subunit 8	ACYPI004314-PA26Sproteasomenon-ATPaseregulatorysubunit8	ACYPI004314-PA26Sproteasomenon-ATPaseregulatorysubunit8	1149
0	5663900	6106600	0	0	0	0	0	0	0				6	6	6	16.3	16.3	16.3	50.801	0	15.479	80225000	22	ACYPI004330-PA integrin-linked protein kinase-like	ACYPI004330-PAintegrin-linkedproteinkinase-like	ACYPI004330-PAintegrin-linkedproteinkinase-like	1151
605650000	192570000	413790000	314760000	260180000	96052000	171610000	140540000	124330000	236870000				9	9	9	20.5	20.5	20.5	43.847	0	43.957	4071400000	82	ACYPI004351-PA uncharacterized protein	ACYPI004351-PAuncharacterizedprotein	ACYPI004351-PAuncharacterizedprotein	1153
1418700000	1206700000	1213600000	1435700000	1338900000	1674000000	1274200000	1144500000	1192900000	1297200000				11	11	11	31.8	31.8	31.8	28.68	0	246.02	19331000000	164	ACYPI004357-PA uncharacterized protein	ACYPI004357-PAuncharacterizedprotein	ACYPI004357-PAuncharacterizedprotein	1155
427990000	554790000	567660000	625260000	490580000	605620000	524200000	568910000	541570000	505980000				28	28	28	65.9	65.9	65.9	55.142	0	323.31	8814100000	307	ACYPI004360-PA Inosine-5-monophosphate dehydrogenase 1	ACYPI004360-PAInosine-5'-monophosphatedehydrogenase1	ACYPI004360-PAInosine-5'-monophosphatedehydrogenase1	1156
89496000	108800000	74457000	71964000	73666000	159870000	153840000	93455000	148730000	143830000				11	11	11	26.9	26.9	26.9	63.751	0	59.313	1705600000	73	ACYPI004368-PA calnexin-like	ACYPI004368-PAcalnexin-like	ACYPI004368-PAcalnexin-like	1159
0	0	0	0	0	19480000	0	19042000	0	0				3	3	3	40	40	40	9.837	0	8.7754	127620000	19	ACYPI004369-PA uncharacterized protein C1orf31 homolog	ACYPI004369-PAuncharacterizedproteinC1orf31homolog	ACYPI004369-PAuncharacterizedproteinC1orf31homolog	1160
3878200000	5370900000	5828400000	4401600000	4052000000	6953600000	6450000000	7187100000	6954500000	6416900000				32	32	32	40.9	40.9	40.9	45.018	0	323.31	85582000000	599	ACYPI004371-PA Troponin T	ACYPI004371-PATroponinT	ACYPI004371-PATroponinT	1161
47763000	41946000	51900000	0	55868000	0	44453000	43289000	55893000	39254000				8	8	8	22.6	22.6	22.6	50.643	0	154.29	675110000	45	ACYPI004376-PA Alpha-taxilin	ACYPI004376-PAAlpha-taxilin	ACYPI004376-PAAlpha-taxilin	1163
389240000	260910000	303910000	328540000	346980000	288620000	297120000	250540000	277300000	366690000				12	12	12	72.7	72.7	72.7	16.947	0	192.23	4881800000	138	ACYPI004388-PA Myosin-2 essential light chain	ACYPI004388-PAMyosin-2essentiallightchain	ACYPI004388-PAMyosin-2essentiallightchain	1165
98247000	159260000	150170000	166320000	184950000	116160000	142750000	157960000	142750000	171400000				4	4	4	40	40	40	11.103	0	41.795	2373500000	43	ACYPI004397-PA Ref_XM_001951558 PREDICTED_ similar to CG11455 CG11455-PA	ACYPI004397-PARef_XM_001951558PREDICTED_similartoCG11455CG11455-PA	ACYPI004397-PARef_XM_001951558PREDICTED_similartoCG11455CG11455-PA	1167
36398000	0	0	0	37698000	0	0	0	0	0				7	7	7	36.7	36.7	36.7	35.222	0	47.642	443120000	31	ACYPI004406-PA uncharacterized protein	ACYPI004406-PAuncharacterizedprotein	ACYPI004406-PAuncharacterizedprotein	1170
180960000	144270000	250800000	278950000	210870000	208460000	224970000	236110000	136790000	235770000				13	13	13	65.2	65.2	65.2	21.159	0	176.04	3752200000	118	ACYPI004415-PA Prefoldin subunit	ACYPI004415-PAPrefoldinsubunit	ACYPI004415-PAPrefoldinsubunit	1172
366240000	341820000	322950000	352020000	440040000	335760000	350360000	381850000	375280000	291100000				11	11	11	38.9	38.9	38.9	30.085	0	318.02	5487500000	133	ACYPI004416-PA acyl-protein thioesterase 1-like	ACYPI004416-PAacyl-proteinthioesterase1-like	ACYPI004416-PAacyl-proteinthioesterase1-like	1173
484960000	399020000	399900000	411060000	367150000	397770000	361320000	359020000	339710000	326700000				8	8	8	25.7	25.7	25.7	45.257	0	170.16	6327300000	121	ACYPI004432-PA uncharacterized protein	ACYPI004432-PAuncharacterizedprotein	ACYPI004432-PAuncharacterizedprotein	1175
39067000	49224000	46370000	40698000	50069000	0	65613000	53113000	42261000	57578000				8	8	8	29.5	29.5	29.5	45.241	0	74.771	683770000	64	ACYPI004433-PA Ref_XM_001942812 PREDICTED_ similar to glutaryl-Coenzyme A dehydrogenase	ACYPI004433-PARef_XM_001942812PREDICTED_similartoglutaryl-CoenzymeAdehydrogenase	ACYPI004433-PARef_XM_001942812PREDICTED_similartoglutaryl-CoenzymeAdehydrogenase	1176
899210000	946040000	772810000	836410000	1079300000	905000000	1014000000	797560000	1225600000	995590000				9	9	9	31.8	31.8	31.8	24.722	0	37.651	14775000000	117	ACYPI004435-PA 60S ribosomal protein L10a	ACYPI004435-PA60SribosomalproteinL10a	ACYPI004435-PA60SribosomalproteinL10a	1177
19233000	17867000	22298000	20799000	24054000	0	23475000	0	23397000	27531000				8	8	8	10.6	10.6	10.6	147.24	0	19.268	316700000	46	ACYPI084157-PA rCG25308;ACYPI004449-PA rCG25308	ACYPI084157-PArCG25308;ACYPI004449-PArCG25308	ACYPI084157-PArCG25308;ACYPI004449-PArCG25308	1179
137160000	209150000	210540000	201040000	194660000	124560000	206150000	244750000	197290000	196960000				13	13	13	51.4	51.4	51.4	29.901	0	111.5	2823200000	127	ACYPI004451-PA NADH dehydrogenase [ubiquinone] iron-sulfur protein 3 mitochondrial-like	ACYPI004451-PANADHdehydrogenase[ubiquinone]iron-sulfurprotein3mitochondrial-like	ACYPI004451-PANADHdehydrogenase[ubiquinone]iron-sulfurprotein3mitochondrial-like	1180
57225000	56142000	69897000	53679000	76661000	58616000	54975000	0	64383000	67570000				8	8	8	29.6	29.6	29.6	55.217	0	72.821	953210000	51	ACYPI004453-PA phenylalanyl-tRNA synthetase alpha chain A-like	ACYPI004453-PAphenylalanyl-tRNAsynthetasealphachainA-like;ACYPI086313-PAPhenylalanyl-tRNAsynthetasealphachain	ACYPI004453-PAphenylalanyl-tRNAsynthetasealphachainA-like	1181
471220000	312180000	283400000	405170000	429810000	199520000	252070000	223700000	240960000	339820000				18	18	13	66	66	54.7	37.573	0	283.82	5135800000	180	ACYPI004455-PA Serine/threonine-protein phosphatase PP1-alpha catalytic subunit	ACYPI004455-PASerine/threonine-proteinphosphatasePP1-alphacatalyticsubunit	ACYPI004455-PASerine/threonine-proteinphosphatasePP1-alphacatalyticsubunit	1182
20891000	24417000	26599000	24725000	0	0	0	0	32672000	22182000				6	6	6	11.9	11.9	11.9	83.196	0	23.305	345820000	28	ACYPI004457-PA striatin-3-like	ACYPI004457-PAstriatin-3-like	ACYPI004457-PAstriatin-3-like	1183
34841000	0	47145000	0	0	0	0	0	78696000	0				3	3	3	15.1	15.1	15.1	30.975	0	11.364	685900000	25	ACYPI004461-PA surfeit locus protein 4 homolog	ACYPI004461-PAsurfeitlocusprotein4homolog	ACYPI004461-PAsurfeitlocusprotein4homolog	1185
694010000	834310000	870840000	681520000	668300000	786270000	772990000	843820000	987750000	688990000				22	22	14	39.3	39.3	27.1	80.1	0	323.31	11711000000	327	ACYPI004484-PA Phenoloxidase subunit A3	ACYPI004484-PAPhenoloxidasesubunitA3	ACYPI004484-PAPhenoloxidasesubunitA3	1187
899010000	951150000	912940000	920860000	1063000000	782970000	828420000	758800000	834220000	783540000				43	43	43	66.9	66.9	66.9	79.932	0	323.31	13661000000	391	ACYPI004485-PA eukaryotic translation initiation factor 3 subunit B-like	ACYPI004485-PAeukaryotictranslationinitiationfactor3subunitB-like	ACYPI004485-PAeukaryotictranslationinitiationfactor3subunitB-like	1188
62221000	49278000	40924000	50579000	56587000	38122000	0	50406000	42826000	42159000				10	10	10	36.6	36.6	36.6	20.049	0	27.161	727450000	59	ACYPI004487-PA N-acetyltransferase-like	ACYPI004487-PAN-acetyltransferase-like	ACYPI004487-PAN-acetyltransferase-like	1189
23855000	0	0	25231000	0	22707000	0	0	0	21246000				4	4	4	8.8	8.8	8.8	81.619	0	34.965	194730000	25	ACYPI004498-PA dead box atp-dependent rna helicase	ACYPI004498-PAdeadboxatp-dependentrnahelicase	ACYPI004498-PAdeadboxatp-dependentrnahelicase	1191
49660000	57402000	54922000	45210000	61364000	65854000	61662000	45608000	70321000	70132000				12	12	11	36.2	36.2	33.8	41.059	0	53.029	920690000	84	ACYPI004502-PA Developmentally-regulated GTP-binding protein 1	ACYPI004502-PADevelopmentally-regulatedGTP-bindingprotein1	ACYPI004502-PADevelopmentally-regulatedGTP-bindingprotein1	1193
13621000	0	0	0	0	0	0	19996000	0	0				7	7	7	20	20	20	51.518	0	12.753	99304000	18	ACYPI004513-PA Tubulin gamma-2 chain	ACYPI004513-PATubulingamma-2chain	ACYPI004513-PATubulingamma-2chain	1194
3485600000	2512500000	2563100000	2957000000	3128500000	2746500000	2115500000	2537600000	2788900000	2527800000				22	22	22	69.2	69.2	69.2	36.154	0	323.31	42381000000	382	ACYPI004520-PA malate dehydrogenase cytoplasmic-like;ACYPI002612-PA malate dehydrogenase cytoplasmic-like	ACYPI004520-PAmalatedehydrogenasecytoplasmic-like;ACYPI002612-PAmalatedehydrogenasecytoplasmic-like;ACYPI001355-PAMalatedehydrogenase;ACYPI087691-PAMalatedehydrogenase	ACYPI004520-PAmalatedehydrogenasecytoplasmic-like;ACYPI002612-PAmalatedehydrogenasecytoplasmic-like	1196
77232000	30119000	30189000	26668000	39601000	44255000	20548000	35248000	0	32699000				14	14	14	42.2	42.2	42.2	53.955	0	164.12	558570000	63	ACYPI004521-PA Glycylpeptide N-tetradecanoyltransferase	ACYPI004521-PAGlycylpeptideN-tetradecanoyltransferase	ACYPI004521-PAGlycylpeptideN-tetradecanoyltransferase	1197
62678000	0	68411000	68914000	57505000	0	58676000	79582000	73994000	63320000				7	7	7	20.4	20.4	20.4	43.149	0	36.999	748360000	38	ACYPI004531-PA Serine proteinase	ACYPI004531-PASerineproteinase	ACYPI004531-PASerineproteinase	1198
2525600000	2560400000	2660000000	2820400000	2903400000	2493300000	2249200000	2347900000	2217700000	2409700000				41	41	41	58.9	58.9	58.9	88.854	0	323.31	40303000000	540	ACYPI004544-PA Hsc70Cb	ACYPI004544-PAHsc70Cb	ACYPI004544-PAHsc70Cb	1201
113870000	105080000	106820000	103350000	128600000	112650000	102660000	108330000	107880000	108760000				13	13	13	34.9	34.9	34.9	36.139	0	92.385	1696300000	100	ACYPI004549-PA EIF2S2 protein	ACYPI004549-PAEIF2S2protein	ACYPI004549-PAEIF2S2protein	1205
0	0	52368000	46407000	33868000	38767000	0	0	0	48635000				4	4	4	24.5	24.5	24.5	23.394	0	19.058	448450000	34	ACYPI004557-PA hypothetical protein LOC100163468	ACYPI004557-PAhypotheticalproteinLOC100163468	ACYPI004557-PAhypotheticalproteinLOC100163468	1206
82048000	71512000	54932000	50890000	46552000	62192000	65606000	93820000	58285000	100150000				6	6	6	33.2	33.2	33.2	24.032	0	70.292	1056300000	101	ACYPI004563-PA Ref_XM_001945034 PREDICTED_ similar to GA21779-PA	ACYPI004563-PARef_XM_001945034PREDICTED_similartoGA21779-PA	ACYPI004563-PARef_XM_001945034PREDICTED_similartoGA21779-PA	1207
24297000	26267000	0	0	0	21309000	0	0	0	0				9	9	9	16.7	16.7	16.7	94.889	0	36.117	211790000	25	ACYPI004565-PA Eps-15 CG16932-PC;ACYPI084991-PA Eps-15 CG16932-PC	ACYPI004565-PAEps-15CG16932-PC;ACYPI084991-PAEps-15CG16932-PC	ACYPI004565-PAEps-15CG16932-PC;ACYPI084991-PAEps-15CG16932-PC	1208
40448000	27207000	40601000	34447000	36733000	24577000	22115000	0	23736000	31465000				19	19	19	31.5	31.5	31.5	101.72	0	64.989	493340000	97	ACYPI004569-PA DNA replication licensing factor MCM4	ACYPI004569-PADNAreplicationlicensingfactorMCM4	ACYPI004569-PADNAreplicationlicensingfactorMCM4	1209
25440000	0	0	25277000	27695000	23813000	31169000	24198000	28614000	25907000				11	11	11	22.9	22.9	22.9	83.921	0	39.221	387130000	34	ACYPI004575-PA ATP-dependent RNA helicase DDX23	ACYPI004575-PAATP-dependentRNAhelicaseDDX23	ACYPI004575-PAATP-dependentRNAhelicaseDDX23	1210
112460000	99771000	164110000	188060000	134800000	160940000	121590000	112070000	122540000	124870000				12	12	12	41.7	41.7	41.7	38.631	0	86.4	2090700000	95	ACYPI004581-PA activator of heat shock 90kDa protein ATPase-like;ACYPI005302-PA CG1416	ACYPI004581-PAactivatorofheatshock90kDaproteinATPase-like;ACYPI005302-PACG1416	ACYPI004581-PAactivatorofheatshock90kDaproteinATPase-like;ACYPI005302-PACG1416	1212
87183000	103760000	115400000	96192000	112900000	73979000	124020000	96207000	117640000	128370000				14	14	14	58.9	58.9	58.9	48.227	0	83.02	1669600000	117	ACYPI004583-PA Peroxiredoxin 1	ACYPI004583-PAPeroxiredoxin1	ACYPI004583-PAPeroxiredoxin1	1213
35771000	39427000	40918000	39637000	42555000	38643000	50311000	45018000	46949000	43493000				5	5	5	32.3	32.3	32.3	21.723	0	106.51	601230000	42	ACYPI004588-PA Protein lin-7 homolog A	ACYPI004588-PAProteinlin-7homologA	ACYPI004588-PAProteinlin-7homologA	1214
0	0	0	0	0	0	0	75771000	49684000	0				5	5	5	12.1	12.1	12.1	55.849	0	45.395	242240000	15	ACYPI004609-PA synapsin-like	ACYPI004609-PAsynapsin-like	ACYPI004609-PAsynapsin-like	1216
448180000	432020000	459990000	486200000	532110000	432100000	415930000	443210000	444340000	446040000				22	22	22	50.7	50.7	50.7	55.845	0	323.31	7227600000	228	ACYPI004617-PA seryl-trna synthetase;ACYPI087772-PA Seryl-tRNA synthetase	ACYPI004617-PAseryl-trnasynthetase;ACYPI087772-PASeryl-tRNAsynthetase	ACYPI004617-PAseryl-trnasynthetase;ACYPI087772-PASeryl-tRNAsynthetase	1218
530600000	794900000	675300000	956590000	988100000	414030000	708560000	682160000	451160000	655780000				12	12	12	56.4	56.4	56.4	27.852	0	323.31	10898000000	137	ACYPI004620-PA Mitochondrial matrix protein p32	ACYPI004620-PAMitochondrialmatrixproteinp32	ACYPI004620-PAMitochondrialmatrixproteinp32	1220
108450000	107500000	78548000	96751000	113240000	97030000	73421000	106140000	76932000	74939000				13	13	13	31.8	31.8	31.8	55.607	0	85.27	1469000000	84	ACYPI004621-PA UAP1L1 protein	ACYPI004621-PAUAP1L1protein	ACYPI004621-PAUAP1L1protein	1221
203380000	168290000	144050000	170650000	216750000	156930000	159210000	176670000	158030000	172560000				15	15	15	91.2	91.2	91.2	25.274	0	87.787	2734400000	127	ACYPI004622-PA 2-deoxyglucose-6-phosphate phosphatase	ACYPI004622-PA2-deoxyglucose-6-phosphatephosphatase	ACYPI004622-PA2-deoxyglucose-6-phosphatephosphatase	1222
38964000	37306000	39339000	41490000	37879000	47667000	36419000	48983000	47621000	53760000				18	18	18	14.4	14.4	14.4	208.68	0	91.525	683760000	79	ACYPI004626-PA Transcription elongation factor SPT6	ACYPI004626-PATranscriptionelongationfactorSPT6	ACYPI004626-PATranscriptionelongationfactorSPT6	1224
185650000	233550000	275690000	192860000	208460000	214070000	148830000	217540000	206490000	160460000				10	10	10	37.5	37.5	37.5	30.151	0	146.84	3523500000	94	ACYPI004629-PA putative S-methyl-5-thioadenosine phosphorylase-like	ACYPI004629-PAputativeS-methyl-5'-thioadenosinephosphorylase-like	ACYPI004629-PAputativeS-methyl-5'-thioadenosinephosphorylase-like	1226
384980000	441970000	454220000	387770000	469840000	420310000	463560000	468830000	529040000	530400000				20	17	17	34.4	32.5	32.5	63.957	0	147.02	7043600000	283	ACYPI004630-PA Zinc finger protein on ecdysone puffs	ACYPI004630-PAZincfingerproteinonecdysonepuffs	ACYPI004630-PAZincfingerproteinonecdysonepuffs	1227
41855000	0	26399000	0	28474000	32924000	41015000	0	28462000	32861000				9	8	8	30	27.5	27.5	41.079	0	20.343	403010000	47	ACYPI004640-PA Ribosome-interacting GTPase 1	ACYPI004640-PARibosome-interactingGTPase1	ACYPI004640-PARibosome-interactingGTPase1	1230
99889000	82917000	91502000	77818000	83082000	75996000	72412000	80414000	94228000	74050000				10	10	10	20.6	20.6	20.6	59.798	0	62.469	1246500000	66	ACYPI004648-PA 40S ribosomal protein S20	ACYPI004648-PA40SribosomalproteinS20	ACYPI004648-PA40SribosomalproteinS20	1233
437030000	549960000	569650000	617560000	427160000	536270000	573210000	758080000	468320000	577700000				8	8	8	7.7	7.7	7.7	150.22	0	142.52	7876600000	104	ACYPI004654-PA collagen alpha-2	ACYPI004654-PAcollagenalpha-2	ACYPI004654-PAcollagenalpha-2	1235
0	23628000	0	0	36485000	0	0	0	0	0				2	2	1	2.2	2.2	1	176.88	0	28.934	244170000	15	ACYPI004656-PA Collagen alpha-3	ACYPI004656-PACollagenalpha-3	ACYPI004656-PACollagenalpha-3	1236
121140000	112590000	85862000	98934000	107960000	55687000	63830000	57954000	49139000	74795000				12	12	12	32.2	32.2	32.2	40.79	0	109.55	1337800000	95	ACYPI004666-PA Phosphoserine aminotransferase	ACYPI004666-PAPhosphoserineaminotransferase	ACYPI004666-PAPhosphoserineaminotransferase	1237
527610000	129720000	984770000	1124600000	1221100000	320700000	142800000	87747000	259860000	153720000				15	15	14	57	57	57	31.484	0	202.98	8992000000	181	ACYPI004672-PA carbon-nitrogen hydrolase	ACYPI004672-PAcarbon-nitrogenhydrolase	ACYPI004672-PAcarbon-nitrogenhydrolase	1238
120040000	121790000	103480000	136920000	121830000	50293000	99384000	0	84310000	152470000				8	8	8	25.4	25.4	25.4	52.483	0	113.37	1656300000	74	ACYPI004676-PA hypothetical protein LOC100163601	ACYPI004676-PAhypotheticalproteinLOC100163601	ACYPI004676-PAhypotheticalproteinLOC100163601	1239
106510000	96446000	101530000	108280000	131800000	83321000	75748000	93915000	89202000	75289000				7	7	7	53.2	53.2	53.2	17.638	0	37.217	1537200000	69	ACYPI004688-PA tetratricopeptide repeat domain protein	ACYPI004688-PAtetratricopeptiderepeatdomainprotein	ACYPI004688-PAtetratricopeptiderepeatdomainprotein	1241
2859100000	2920100000	2669000000	3191100000	3633500000	1710900000	2978300000	3345000000	2535300000	2425200000				47	47	47	58.7	58.7	58.7	73.749	0	323.31	42333000000	716	ACYPI004693-PA stress-70 protein mitochondrial-like	ACYPI004693-PAstress-70proteinmitochondrial-like	ACYPI004693-PAstress-70proteinmitochondrial-like	1242
15523000	0	0	0	16219000	0	19403000	0	0	17420000				8	8	8	8	8	8	196.57	0	30.001	232600000	25	ACYPI004696-PA protein scribble homolog transcript variant 1	ACYPI004696-PAproteinscribblehomologtranscriptvariant1	ACYPI004696-PAproteinscribblehomologtranscriptvariant1	1243
0	21626000	0	24072000	23266000	0	0	0	0	21226000				5	5	5	11.1	11.1	11.1	89.941	0	28.492	245520000	29	ACYPI004699-PA u1 small nuclear ribonucleoprotein	ACYPI004699-PAu1smallnuclearribonucleoprotein	ACYPI004699-PAu1smallnuclearribonucleoprotein	1245
34756000	35376000	41785000	39386000	39285000	39288000	34586000	35979000	37087000	47034000				7	7	7	30.8	30.8	30.8	43.468	0	86.46	606350000	56	ACYPI004715-PA ADP-ribosylation factor GTPase-activating protein 1-like	ACYPI004715-PAADP-ribosylationfactorGTPase-activatingprotein1-like	ACYPI004715-PAADP-ribosylationfactorGTPase-activatingprotein1-like	1248
0	0	0	0	0	0	0	0	22474000	26533000				2	2	2	8.7	8.7	8.7	44.581	0	18.492	193520000	14	ACYPI004733-PA innexin inx3-like	ACYPI004733-PAinnexininx3-like	ACYPI004733-PAinnexininx3-like	1250
22329000	21240000	0	0	15727000	0	0	0	0	0				9	9	1	11.9	11.9	1.9	96.398	0	36.497	215630000	28	ACYPI004735-PA Aubergine	ACYPI004735-PAAubergine;ACYPI30861-PAGLEAN_10861;ACYPI084009-PAProteinpiwi;ACYPI48560-PAAubergine;ACYPI087541-PAPiwi	ACYPI004735-PAAubergine	1251
134080000	111190000	112950000	125290000	104810000	83894000	131390000	150480000	128420000	160190000				13	13	13	31.5	31.5	31.5	66.3	0	85.545	1809100000	82	ACYPI004741-PA glucose dehydrogenase [acceptor]-like	ACYPI004741-PAglucosedehydrogenase[acceptor]-like	ACYPI004741-PAglucosedehydrogenase[acceptor]-like	1253
72436000	76168000	55558000	72106000	90498000	0	70235000	41065000	55442000	90218000				6	6	6	46.8	46.8	46.8	13.958	0	19.633	1041600000	70	ACYPI004745-PA CDGSH iron-sulfur domain-containing protein-like	ACYPI004745-PACDGSHiron-sulfurdomain-containingprotein-like	ACYPI004745-PACDGSHiron-sulfurdomain-containingprotein-like	1255
46775000	54603000	57466000	51604000	38587000	47456000	0	40850000	50055000	35766000				7	7	7	9.7	9.7	9.7	136.51	0	43.24	594410000	33	ACYPI004747-PA dihydropyrimidine dehydrogenase [NADP ]-like	ACYPI004747-PAdihydropyrimidinedehydrogenase[NADP]-like	ACYPI004747-PAdihydropyrimidinedehydrogenase[NADP]-like	1256
9594100	8057900	6989400	7054100	8432100	9072100	0	9563200	0	10603000				2	2	1	6.1	6.1	4.5	56.301	0	4.8924	112260000	28	ACYPI004749-PA cyclin-dependent kinase 14-like transcript variant 1;ACYPI001995-PA cell division protein kinase;ACYPI003629-PA Cyclin-dependent kinase 2;ACYPI009082-PA Cell division cycle 2-like protein kinase 5	ACYPI004749-PAcyclin-dependentkinase14-liketranscriptvariant1;ACYPI001995-PAcelldivisionproteinkinase;ACYPI003629-PACyclin-dependentkinase2;ACYPI009082-PACelldivisioncycle2-likeproteinkinase5	ACYPI004749-PAcyclin-dependentkinase14-liketranscriptvariant1;ACYPI001995-PAcelldivisionproteinkinase;ACYPI003629-PACyclin-dependentkinase2;ACYPI009082-PACelldivisioncycle2-likeproteinkinase5	1257
241160000	197590000	227400000	239500000	213820000	291660000	225130000	110160000	234130000	256250000				50	50	50	31.8	31.8	31.8	247.76	0	289.58	3734400000	286	ACYPI004766-PA CAD protein-like	ACYPI004766-PACADprotein-like	ACYPI004766-PACADprotein-like	1258
419330000	0	0	0	0	539820000	0	519750000	528060000	0				4	2	2	6.9	6.9	6.9	17.899	0	7.244	6677500000	25	ACYPI004796-PA uncharacterized protein	ACYPI004796-PAuncharacterizedprotein	ACYPI004796-PAuncharacterizedprotein	1264
88230000	86759000	0	63509000	64483000	153070000	127060000	89916000	157050000	136020000				4	4	4	15.4	15.4	15.4	28.627	0	16.107	1595600000	40	ACYPI004801-PA protein Kr-h2-like	ACYPI004801-PAproteinKr-h2-like	ACYPI004801-PAproteinKr-h2-like	1265
0	12683000	0	12288000	0	0	0	0	0	0				4	4	4	10.8	10.8	10.8	59.642	0	18.194	134950000	22	ACYPI004803-PA Protein ariadne-1 homolog	ACYPI004803-PAProteinariadne-1homolog	ACYPI004803-PAProteinariadne-1homolog	1266
0	22919000	26207000	25233000	25258000	20647000	29228000	31449000	43763000	20193000				6	6	6	14.5	14.5	14.5	74.234	0	16.368	389520000	44	ACYPI004804-PA apoptosis inducing factor transcript variant 2	ACYPI004804-PAapoptosisinducingfactortranscriptvariant2	ACYPI004804-PAapoptosisinducingfactortranscriptvariant2	1267
0	0	46191000	0	0	47070000	37224000	56991000	43229000	0				5	5	5	5.3	5.3	5.3	139.6	0	44.215	500680000	33	ACYPI004805-PA Clint1 protein	ACYPI004805-PAClint1protein	ACYPI004805-PAClint1protein	1268
2503300000	1088000000	860510000	1348900000	1880000000	635380000	758980000	708310000	651510000	1095600000				44	12	12	56.9	14.7	14.7	71.954	0	287.28	17615000000	231	ACYPI004809-PA heat shock 70 kDa protein cognate 4-like transcript variant 2	ACYPI004809-PAheatshock70kDaproteincognate4-liketranscriptvariant2;ACYPI005261-PAhypotheticalproteinLOC100164227	ACYPI004809-PAheatshock70kDaproteincognate4-liketranscriptvariant2	1269
36308000	38588000	39890000	31464000	51999000	37838000	47637000	0	34622000	40444000				9	9	9	27.5	27.5	27.5	55.485	0	56.852	630370000	58	ACYPI004827-PA cytosol aminopeptidase-like	ACYPI004827-PAcytosolaminopeptidase-like	ACYPI004827-PAcytosolaminopeptidase-like	1271
0	0	0	13902000	13523000	0	0	0	0	0				4	4	4	10.8	10.8	10.8	46.577	0	7.85	95402000	16	ACYPI004848-PA mitochondrial import inner membrane translocase subunit TIM44-like	ACYPI004848-PAmitochondrialimportinnermembranetranslocasesubunitTIM44-like	ACYPI004848-PAmitochondrialimportinnermembranetranslocasesubunitTIM44-like	1275
0	0	0	0	0	24161000	0	11237000	26944000	0				1	1	1	20.6	20.6	20.6	7.6651	0	6.7107	55947000	7	ACYPI004858-PA protein transport protein Sec61 subunit gamma-like	ACYPI004858-PAproteintransportproteinSec61subunitgamma-like	ACYPI004858-PAproteintransportproteinSec61subunitgamma-like	1276
562750000	511130000	491210000	367290000	286040000	767350000	571690000	681160000	674270000	494940000				7	7	7	48.8	48.8	48.8	9.7026	0	56.595	7666000000	128	ACYPI006876-PA 60S ribosomal protein L38-like;ACYPI004859-PA Protein tweety homolog 2	ACYPI006876-PA60SribosomalproteinL38-like;ACYPI004859-PAProteintweetyhomolog2	ACYPI006876-PA60SribosomalproteinL38-like;ACYPI004859-PAProteintweetyhomolog2	1277
246920000	288780000	309490000	291560000	317920000	371450000	268660000	284930000	204410000	263520000				19	19	19	51.4	51.4	51.4	52.854	0	244.16	4485700000	179	ACYPI004880-PA Ref_XM_001945850 PREDICTED_ similar to methionine aminopeptidase 2	ACYPI004880-PARef_XM_001945850PREDICTED_similartomethionineaminopeptidase2	ACYPI004880-PARef_XM_001945850PREDICTED_similartomethionineaminopeptidase2	1278
508010000	383850000	391480000	421370000	471850000	473770000	352270000	315920000	397010000	337820000				17	17	17	45.6	45.6	45.6	48.622	0	193.62	6772400000	188	ACYPI004887-PA 1	ACYPI004887-PA1	ACYPI004887-PA1	1279
1450300000	911130000	867020000	987650000	1032600000	666280000	882850000	925430000	805420000	930690000				15	15	15	45.5	45.5	45.5	24.286	0	231.12	14026000000	203	ACYPI004891-PA Peptidyl-prolyl cis-trans isomerase B	ACYPI004891-PAPeptidyl-prolylcis-transisomeraseB	ACYPI004891-PAPeptidyl-prolylcis-transisomeraseB	1280
48680000	44223000	52136000	56396000	60093000	44467000	65248000	46717000	55220000	50912000				7	7	7	53.1	53.1	53.1	16.759	0	28.434	760620000	37	ACYPI004892-PA CG5323	ACYPI004892-PACG5323	ACYPI004892-PACG5323	1281
1918700000	2259500000	748520000	575950000	0	1031200000	1164400000	2067700000	334380000	1175500000				8	4	0	61.9	48.1	0	17.012	0	150.61	18192000000	86	ACYPI004893-PA Ref_XM_001951976 PREDICTED_ similar to cuticular protein;ACYPI081329-PA cuticular protein 35;ACYPI087447-PA cuticular protein 38;ACYPI006046-PA Cuticle protein;ACYPI002964-PA hypothetical protein LOC100575037;ACYPI085987-PA Cuticle protein;A	ACYPI004893-PARef_XM_001951976PREDICTED_similartocuticularprotein;ACYPI081329-PAcuticularprotein35;ACYPI087447-PAcuticularprotein38;ACYPI006046-PACuticleprotein;ACYPI002964-PAhypotheticalproteinLOC100575037;ACYPI085987-PACuticleprotein;ACYPI081274-PACuticleprotein;ACYPI089140-PAcuticularprotein33	ACYPI004893-PARef_XM_001951976PREDICTED_similartocuticularprotein;ACYPI081329-PAcuticularprotein35;ACYPI087447-PAcuticularprotein38;ACYPI006046-PACuticleprotein;ACYPI002964-PAhypotheticalproteinLOC100575037;ACYPI085987-PACuticleprotein;ACYPI081274-PACuticleprotein	1282
0	0	0	0	0	0	13813000	0	0	16670000				2	2	2	18.9	18.9	18.9	19.581	0	9.3021	105310000	12	ACYPI004900-PA protein phosphatase inhibitor 2-like	ACYPI004900-PAproteinphosphataseinhibitor2-like	ACYPI004900-PAproteinphosphataseinhibitor2-like	1284
48652000	165980000	0	112730000	0	0	75020000	109000000	0	120330000				4	4	4	19.1	19.1	19.1	44.06	0	50.891	1088600000	40	ACYPI004921-PA uncharacterized protein	ACYPI004921-PAuncharacterizedprotein	ACYPI004921-PAuncharacterizedprotein	1289
67717000	51556000	67574000	53200000	68649000	59693000	54371000	65765000	60479000	65309000				11	11	3	15.2	15.2	4.3	102.24	0	66.057	885890000	59	ACYPI004937-PA alpha-aminoadipic semialdehyde synthase mitochondrial-like	ACYPI004937-PAalpha-aminoadipicsemialdehydesynthasemitochondrial-like	ACYPI004937-PAalpha-aminoadipicsemialdehydesynthasemitochondrial-like	1293
253020000	281860000	293320000	277700000	234230000	322060000	252420000	315670000	314930000	284820000				25	25	25	51.8	51.8	51.8	59.164	0	235.9	4704200000	203	ACYPI004940-PA Tyrosyl-tRNA synthetase	ACYPI004940-PATyrosyl-tRNAsynthetase;ACYPI53903-PATyrosyl-tRNAsynthetase	ACYPI004940-PATyrosyl-tRNAsynthetase	1294
716870000	742800000	392650000	276760000	140470000	643460000	656720000	909040000	306050000	472640000				10	7	4	79.9	51.2	43.3	17.308	0	103.76	7937700000	76	ACYPI004943-PA Cuticle protein	ACYPI004943-PACuticleprotein;ACYPI003698-PAcuticularprotein	ACYPI004943-PACuticleprotein	1295
94068000	106450000	94364000	120710000	98807000	86274000	99123000	107250000	114480000	85120000				6	6	6	26.3	26.3	26.3	27.478	0	25.584	1538700000	64	ACYPI004945-PA Adenylate kinase 1	ACYPI004945-PAAdenylatekinase1	ACYPI004945-PAAdenylatekinase1	1296
50303000	60709000	47532000	68628000	48934000	54895000	48589000	42177000	50425000	58686000				12	12	12	28.2	28.2	28.2	74.579	0	52.961	838590000	69	ACYPI004950-PA Nucleolar GTP-binding protein 1	ACYPI004950-PANucleolarGTP-bindingprotein1	ACYPI004950-PANucleolarGTP-bindingprotein1	1299
0	0	0	0	0	17515000	0	0	29171000	0				5	5	5	10.2	10.2	10.2	62.179	0	10.435	96704000	9	ACYPI004954-PA nicalin-1-like	ACYPI004954-PAnicalin-1-like	ACYPI004954-PAnicalin-1-like	1300
179220000	168930000	218010000	190220000	182840000	175420000	184530000	187920000	196070000	163450000				16	16	16	22.4	22.4	22.4	103.27	0	185.7	2819600000	143	ACYPI004961-PA Ataxin-2-like protein	ACYPI004961-PAAtaxin-2-likeprotein	ACYPI004961-PAAtaxin-2-likeprotein	1301
200540000	130450000	145230000	146520000	168980000	162810000	108310000	145040000	106250000	137610000				8	8	8	45.7	45.7	45.7	19.878	0	228.14	2063900000	67	ACYPI004964-PA Myosin regulatory light chain 12A	ACYPI004964-PAMyosinregulatorylightchain12A	ACYPI004964-PAMyosinregulatorylightchain12A	1302
41719000	41740000	36957000	44675000	46885000	47227000	0	0	0	0				8	8	8	19.6	19.6	19.6	77.037	0	29.722	519650000	32	ACYPI004977-PA Ribosome biogenesis protein BOP1	ACYPI004977-PARibosomebiogenesisproteinBOP1	ACYPI004977-PARibosomebiogenesisproteinBOP1	1305
198070000	188620000	292050000	212950000	218160000	90420000	183350000	173220000	155350000	165820000				10	10	10	39.6	39.6	39.6	43.558	0	62.826	3019200000	98	ACYPI004979-PA Ferrochelatase	ACYPI004979-PAFerrochelatase	ACYPI004979-PAFerrochelatase	1306
40805000	0	0	0	59163000	0	49699000	71927000	0	0				5	5	5	33	33	33	23.477	0	18.461	532510000	25	ACYPI005020-PA MACRO domain-containing protein 2	ACYPI005020-PAMACROdomain-containingprotein2	ACYPI005020-PAMACROdomain-containingprotein2	1312
0	42702000	0	44574000	56941000	0	43553000	40039000	31321000	0				3	3	3	17.6	17.6	17.6	31.02	0	26.709	467960000	28	ACYPI005028-PA Ref_XM_001948079 PREDICTED_ similar to ubiquinone/menaquinone biosynthesis methyltransferase ubiE	ACYPI005028-PARef_XM_001948079PREDICTED_similartoubiquinone/menaquinonebiosynthesismethyltransferaseubiE	ACYPI005028-PARef_XM_001948079PREDICTED_similartoubiquinone/menaquinonebiosynthesismethyltransferaseubiE	1314
177310000	87607000	85095000	90349000	139400000	82452000	53259000	80098000	84117000	75195000				13	13	13	31.4	31.4	31.4	56.292	0	104.76	1458700000	82	ACYPI005044-PA histidyl-trna synthetase	ACYPI005044-PAhistidyl-trnasynthetase	ACYPI005044-PAhistidyl-trnasynthetase	1316
0	0	0	18364000	16085000	0	0	0	0	0				2	2	2	3.3	3.3	3.3	57.561	0.00074267	3.7269	135000000	10	ACYPI005047-PA Ref_XM_001950273 PREDICTED_ similar to WD repeat protein 61	ACYPI005047-PARef_XM_001950273PREDICTED_similartoWDrepeatprotein61	ACYPI005047-PARef_XM_001950273PREDICTED_similartoWDrepeatprotein61	1317
38481000	47099000	40067000	38721000	41178000	0	38108000	50913000	49658000	46749000				9	9	9	11.7	11.7	11.7	121.66	0	29.919	664490000	62	ACYPI005048-PA Lethal	ACYPI005048-PALethal	ACYPI005048-PALethal	1318
40353000	55659000	55911000	35596000	51257000	0	53608000	52934000	53255000	42120000				6	6	6	12.2	12.2	12.2	107.87	0	35.212	665750000	50	ACYPI005060-PA Glycine dehydrogenase [decarboxylating] 1	ACYPI005060-PAGlycinedehydrogenase[decarboxylating]1	ACYPI005060-PAGlycinedehydrogenase[decarboxylating]1	1320
487320000	307700000	365300000	334580000	219590000	183500000	207670000	245660000	222310000	258340000				12	12	12	76.6	76.6	76.6	17.764	0	164.3	5781100000	110	ACYPI005089-PA Ref_XM_001949280 PREDICTED_ similar to ubiquitin-conjugating enzyme E2I	ACYPI005089-PARef_XM_001949280PREDICTED_similartoubiquitin-conjugatingenzymeE2I	ACYPI005089-PARef_XM_001949280PREDICTED_similartoubiquitin-conjugatingenzymeE2I	1323
0	208630000	0	98576000	0	0	97801000	278360000	54706000	151350000				15	15	15	26.7	26.7	26.7	83.957	0	126.85	1137000000	59	ACYPI005091-PA CG42345	ACYPI005091-PACG42345	ACYPI005091-PACG42345	1325
376030000	607520000	317990000	297960000	434630000	738330000	804840000	455390000	930970000	841150000				14	14	14	36.9	36.9	36.9	40.373	0	95.063	9633600000	183	ACYPI005092-PA 60S ribosomal protein L6	ACYPI005092-PA60SribosomalproteinL6	ACYPI005092-PA60SribosomalproteinL6	1326
77654000	82438000	79394000	71554000	88903000	0	0	78719000	104510000	0				6	6	6	24	24	24	47.013	0	101.83	1159900000	36	ACYPI005096-PA maternal protein exuperantia-like transcript variant 1	ACYPI005096-PAmaternalproteinexuperantia-liketranscriptvariant1	ACYPI005096-PAmaternalproteinexuperantia-liketranscriptvariant1	1327
1233800000	830750000	772070000	827410000	896010000	708290000	594670000	672400000	605650000	638210000				24	24	24	57.2	57.2	57.2	44.975	0	323.31	12164000000	273	ACYPI005100-PA S-adenosylmethionine synthase;ACYPI004816-PA s-adenosylmethionine synthase-like	ACYPI005100-PAS-adenosylmethioninesynthase;ACYPI004816-PAs-adenosylmethioninesynthase-like	ACYPI005100-PAS-adenosylmethioninesynthase;ACYPI004816-PAs-adenosylmethioninesynthase-like	1328
442910000	418560000	439270000	454420000	515960000	537540000	442150000	502930000	487450000	431620000				13	13	13	64.2	64.2	64.2	24.779	0	297.45	7085200000	193	ACYPI005102-PA protein CDV3 homolog	ACYPI005102-PAproteinCDV3homolog;ACYPI087233-PAuncharacterizedprotein	ACYPI005102-PAproteinCDV3homolog	1329
132880000	151300000	161520000	159550000	178380000	142250000	140750000	151200000	149480000	146330000				18	18	18	39.1	39.1	39.1	64.013	0	142.5	2419500000	120	ACYPI005103-PA asparaginyl-trna synthetase	ACYPI005103-PAasparaginyl-trnasynthetase	ACYPI005103-PAasparaginyl-trnasynthetase	1330
100830000	100740000	74754000	43711000	100410000	92858000	117920000	107130000	106270000	103360000				12	12	12	25.6	25.6	25.6	64.544	0	51.031	1901100000	96	ACYPI005113-PA GH12369	ACYPI005113-PAGH12369	ACYPI005113-PAGH12369	1331
35144000	0	0	25261000	22444000	26634000	0	0	0	32970000				6	6	6	19.2	19.2	19.2	65.155	0	22.789	229920000	34	ACYPI005124-PA phosphatidylinositol-binding clathrin assembly protein LAP-like transcript variant 6	ACYPI005124-PAphosphatidylinositol-bindingclathrinassemblyproteinLAP-liketranscriptvariant6	ACYPI005124-PAphosphatidylinositol-bindingclathrinassemblyproteinLAP-liketranscriptvariant6	1332
34044000	30972000	34943000	60500000	44048000	0	40831000	40646000	34071000	33529000				7	7	7	38.5	38.5	38.5	33.556	0	58.194	502110000	45	ACYPI005128-PA delta	ACYPI005128-PAdelta	ACYPI005128-PAdelta	1334
29189000	0	0	0	24147000	0	0	0	0	0				3	3	3	8.2	8.2	8.2	51.678	0	22.121	222950000	20	ACYPI005140-PA Synaptotagmin-5	ACYPI005140-PASynaptotagmin-5	ACYPI005140-PASynaptotagmin-5	1337
547900000	459700000	358970000	388980000	419540000	483530000	527070000	418960000	553780000	508450000				102	102	102	28.4	28.4	28.4	579.78	0	323.31	7203200000	564	ACYPI005144-PA Short stop/Kakapo long isoform	ACYPI005144-PAShortstop/Kakapolongisoform	ACYPI005144-PAShortstop/Kakapolongisoform	1338
95517000	96320000	94985000	97207000	119450000	91869000	79639000	84887000	87046000	97557000				13	13	13	24.8	24.8	24.8	56.368	0	43.84	1557000000	86	ACYPI005152-PA coatomer subunit delta-like	ACYPI005152-PAcoatomersubunitdelta-like	ACYPI005152-PAcoatomersubunitdelta-like	1339
31949000	26772000	0	26659000	26679000	26080000	24743000	0	0	27557000				3	3	3	18.3	18.3	18.3	35.351	0	63.804	372530000	33	ACYPI005157-PA WD-repeat protein	ACYPI005157-PAWD-repeatprotein	ACYPI005157-PAWD-repeatprotein	1340
0	13906000	0	0	11285000	0	17006000	17082000	22280000	15181000				3	3	3	8.1	8.1	8.1	59.966	0	16.961	161480000	29	ACYPI005158-PA simj	ACYPI005158-PAsimj	ACYPI005158-PAsimj	1341
166100000	163370000	139940000	134400000	148420000	144810000	141180000	146910000	152970000	139790000				27	27	27	29.7	29.7	29.7	148.57	0	244.45	2252300000	197	ACYPI005164-PA PERQ amino acid-rich with GYF domain-containing protein 2-like transcript variant 4	ACYPI005164-PAPERQaminoacid-richwithGYFdomain-containingprotein2-liketranscriptvariant4;ACYPI081393-PAPERQaminoacid-richwithGYFdomain-containingprotein2	ACYPI005164-PAPERQaminoacid-richwithGYFdomain-containingprotein2-liketranscriptvariant4	1343
13425000	0	15072000	0	12524000	0	13717000	13975000	0	10937000				4	4	4	24.6	24.6	24.6	21.988	0	14.23	147060000	34	ACYPI005175-PA protein-tyrosine phosphatase mitochondrial 1-like protein-like transcript variant 2	ACYPI005175-PAprotein-tyrosinephosphatasemitochondrial1-likeprotein-liketranscriptvariant2	ACYPI005175-PAprotein-tyrosinephosphatasemitochondrial1-likeprotein-liketranscriptvariant2	1345
0	40206000	0	0	0	0	0	0	0	31163000				4	4	4	32.9	32.9	32.9	16.437	0	23.827	358940000	12	ACYPI005177-PA Ref_XM_001948348 PREDICTED_ similar to chromatin accessibility complex 1	ACYPI005177-PARef_XM_001948348PREDICTED_similartochromatinaccessibilitycomplex1	ACYPI005177-PARef_XM_001948348PREDICTED_similartochromatinaccessibilitycomplex1	1346
1698000000	910870000	915120000	933960000	1004100000	1008500000	1092100000	715910000	1069700000	1287300000				13	13	5	61.3	61.3	26	17.064	0	323.31	15195000000	383	ACYPI005197-PA ribosomal protein S27A-like	ACYPI005197-PAribosomalproteinS27A-like	ACYPI005197-PAribosomalproteinS27A-like	1348
93806000	83060000	91953000	92002000	110830000	87160000	98196000	108970000	107450000	103530000				13	8	8	58.5	47.1	47.1	36.786	0	78.137	1501100000	89	ACYPI005202-PA serine/threonine-protein phosphatase PP1-beta catalytic subunit-like transcript variant 1	ACYPI005202-PAserine/threonine-proteinphosphatasePP1-betacatalyticsubunit-liketranscriptvariant1	ACYPI005202-PAserine/threonine-proteinphosphatasePP1-betacatalyticsubunit-liketranscriptvariant1	1350
40313000	26068000	23527000	23399000	25460000	0	0	0	31117000	35293000				11	6	6	19.4	13.3	13.3	63.554	0	22.922	360620000	29	ACYPI005208-PA probable ATP-dependent RNA helicase DDX5-like	ACYPI005208-PAprobableATP-dependentRNAhelicaseDDX5-like	ACYPI005208-PAprobableATP-dependentRNAhelicaseDDX5-like	1352
149650000	133900000	122210000	148160000	155180000	123050000	107880000	109700000	117630000	137260000				22	22	22	26	26	26	137.6	0	160.32	2153900000	137	ACYPI005219-PA leucyl-tRNA synthetase cytoplasmic-like	ACYPI005219-PAleucyl-tRNAsynthetasecytoplasmic-like	ACYPI005219-PAleucyl-tRNAsynthetasecytoplasmic-like	1354
793700000	870240000	807440000	726190000	692540000	599090000	865280000	1220700000	785640000	623480000				13	13	13	50.3	50.3	50.3	35.163	0	323.31	11340000000	219	ACYPI005227-PA electron transfer flavoprotein subunit alpha mitochondrial-like	ACYPI005227-PAelectrontransferflavoproteinsubunitalphamitochondrial-like	ACYPI005227-PAelectrontransferflavoproteinsubunitalphamitochondrial-like	1355
19670000	0	21688000	26622000	30053000	0	21166000	26538000	25289000	14917000				2	2	2	6.2	6.2	6.2	43.475	0	8.0173	257340000	24	ACYPI005236-PA Mitochondrial import inner membrane translocase subunit TIM50-C	ACYPI005236-PAMitochondrialimportinnermembranetranslocasesubunitTIM50-C	ACYPI005236-PAMitochondrialimportinnermembranetranslocasesubunitTIM50-C	1356
709280000	620070000	507240000	651960000	705430000	452440000	541870000	483430000	450690000	666370000				8	8	8	31.4	31.4	31.4	20.956	0	98.657	9336500000	109	ACYPI005249-PA uncharacterized protein	ACYPI005249-PAuncharacterizedprotein	ACYPI005249-PAuncharacterizedprotein	1357
0	0	28532000	0	26399000	34845000	0	37005000	0	0				2	2	2	6.1	6.1	6.1	42.856	0	14.044	369950000	18	ACYPI005250-PA NIF3-like protein 1	ACYPI005250-PANIF3-likeprotein1	ACYPI005250-PANIF3-likeprotein1	1358
19179000	28281000	0	23916000	27635000	29547000	0	0	35117000	27898000				7	7	7	10.8	10.8	10.8	116.91	0	24.381	293160000	32	ACYPI005259-PA AP-3 complex subunit beta-2	ACYPI005259-PAAP-3complexsubunitbeta-2	ACYPI005259-PAAP-3complexsubunitbeta-2	1359
865640000	939780000	817100000	900080000	1056300000	931130000	885650000	906710000	999900000	923880000				6	6	6	59.8	59.8	59.8	14.709	0	323.31	14095000000	98	ACYPI005270-PA NHP2-like protein 1 homolog	ACYPI005270-PANHP2-likeprotein1homolog	ACYPI005270-PANHP2-likeprotein1homolog	1361
216470000	191230000	161310000	172240000	138510000	122080000	115320000	0	117260000	144050000				17	17	17	17.7	17.7	17.7	121.43	0	115.15	2358300000	114	ACYPI005280-PA Importin-4	ACYPI005280-PAImportin-4	ACYPI005280-PAImportin-4	1362
1052900000	1241400000	1155300000	1087300000	1130400000	828360000	1115500000	1286600000	832190000	962240000				13	13	13	60.1	60.1	60.1	39.399	0	323.31	17628000000	222	ACYPI005282-PA Pyruvate dehydrogenase E1 component subunit beta	ACYPI005282-PAPyruvatedehydrogenaseE1componentsubunitbeta;ACYPI082695-PAPyruvatedehydrogenaseE1componentsubunitbeta	ACYPI005282-PAPyruvatedehydrogenaseE1componentsubunitbeta	1363
0	0	0	0	0	0	17957000	0	19526000	21988000				5	5	5	5.5	5.5	5.5	229.52	0	15.605	108620000	15	ACYPI005292-PA CD109 antigen-like	ACYPI005292-PACD109antigen-like	ACYPI005292-PACD109antigen-like	1365
302770000	286500000	303000000	298360000	260720000	409240000	376740000	385870000	379370000	296800000				15	15	15	27.4	27.4	27.4	87.818	0	168.37	5099100000	126	ACYPI005296-PA glycogenin	ACYPI005296-PAglycogenin	ACYPI005296-PAglycogenin	1367
29798000	0	28920000	0	33808000	0	30466000	0	35102000	29471000				11	11	11	35	35	35	45.649	0	32.77	420920000	40	ACYPI005300-PA Tryptophanyl-tRNA synthetase	ACYPI005300-PATryptophanyl-tRNAsynthetase	ACYPI005300-PATryptophanyl-tRNAsynthetase	1368
0	0	23329000	22726000	19780000	12404000	17990000	21644000	0	31950000				5	5	5	15.9	15.9	15.9	48.032	0	40.797	300290000	34	ACYPI005303-PA Enhancer of mRNA-decapping protein 3	ACYPI005303-PAEnhancerofmRNA-decappingprotein3	ACYPI005303-PAEnhancerofmRNA-decappingprotein3	1369
0	0	20468000	0	0	21510000	0	0	24833000	16514000				4	4	4	12.3	12.3	12.3	35.455	0	8.4225	170550000	25	ACYPI005314-PA mitochondrial sideroflexin tricarboxylate transporter	ACYPI005314-PAmitochondrialsideroflexintricarboxylatetransporter	ACYPI005314-PAmitochondrialsideroflexintricarboxylatetransporter	1370
243750000	296300000	231430000	223150000	247250000	155840000	300830000	344310000	255250000	262300000				9	9	9	42.3	42.3	42.3	22.286	0	186.14	3569500000	128	ACYPI005324-PA NADH dehydrogenase	ACYPI005324-PANADHdehydrogenase;ACYPI086102-PAuncharacterizedprotein	ACYPI005324-PANADHdehydrogenase	1374
0	30477000	0	26038000	36328000	0	56811000	0	0	61084000				4	4	4	21.7	21.7	21.7	30.654	0	24.298	537450000	29	ACYPI005325-PA thioredoxin domain-containing protein 1 precursor	ACYPI005325-PAthioredoxindomain-containingprotein1precursor	ACYPI005325-PAthioredoxindomain-containingprotein1precursor	1375
0	137910000	378980000	153090000	0	322660000	0	0	137470000	0				1	1	1	1.7	1.7	1.7	138.94	0.0065225	2.674	5370000000	33	ACYPI005327-PA Enzymatic polyprotein	ACYPI005327-PAEnzymaticpolyprotein	ACYPI005327-PAEnzymaticpolyprotein	1376
0	0	0	0	0	25139000	0	0	27780000	0				3	3	3	5	5	5	91.295	0	8.8481	193140000	18	ACYPI005329-PA carnitine O-palmitoyltransferase 1 liver isoform-like transcript variant 2	ACYPI005329-PAcarnitineO-palmitoyltransferase1liverisoform-liketranscriptvariant2	ACYPI005329-PAcarnitineO-palmitoyltransferase1liverisoform-liketranscriptvariant2	1377
133430000	148920000	150780000	97229000	116500000	138870000	167620000	159250000	196760000	129210000				4	2	2	31.2	18.8	18.8	13.535	0	34.332	2104300000	45	ACYPI005340-PA Histone H2A type 2-C	ACYPI005340-PAHistoneH2Atype2-C	ACYPI005340-PAHistoneH2Atype2-C	1380
139170000	98308000	106960000	97743000	136500000	55485000	59273000	78611000	0	112760000				11	11	6	47.4	47.4	31.9	29.635	0	93.756	1530900000	63	ACYPI005345-PA Proteasome subunit MECL1	ACYPI005345-PAProteasomesubunitMECL1	ACYPI005345-PAProteasomesubunitMECL1	1381
0	0	0	33906000	37834000	0	0	0	0	38240000				5	5	5	6.2	6.2	6.2	106.02	0	30.855	343240000	29	ACYPI005355-PA uncharacterized protein	ACYPI005355-PAuncharacterizedprotein	ACYPI005355-PAuncharacterizedprotein	1383
495850000	449800000	448540000	415120000	460640000	498090000	411910000	510940000	451790000	435160000				17	17	17	53.3	53.3	53.3	41.319	0	323.31	6955900000	223	ACYPI005363-PA Ref_XM_001952836 PREDICTED_ similar to AGAP004886-PA	ACYPI005363-PARef_XM_001952836PREDICTED_similartoAGAP004886-PA	ACYPI005363-PARef_XM_001952836PREDICTED_similartoAGAP004886-PA	1385
48519000	56366000	50525000	54032000	41941000	38976000	0	60881000	0	50937000				12	12	12	26.7	26.7	26.7	96.341	0	84.173	664910000	42	ACYPI005368-PA Protein groucho	ACYPI005368-PAProteingroucho	ACYPI005368-PAProteingroucho	1386
255020000	228620000	260740000	221100000	247720000	273160000	273840000	298200000	274210000	243930000				6	6	3	44.9	44.9	23.9	15.229	0	99.459	3961100000	87	ACYPI005373-PA uncharacterized protein	ACYPI005373-PAuncharacterizedprotein	ACYPI005373-PAuncharacterizedprotein	1387
28798000	0	0	13409000	0	39144000	41801000	37169000	45149000	36069000				7	7	7	18.5	18.5	18.5	50.922	0	46.16	375480000	44	ACYPI005382-PA hypothetical protein LOC100164360	ACYPI005382-PAhypotheticalproteinLOC100164360	ACYPI005382-PAhypotheticalproteinLOC100164360	1391
3016300000	2962100000	2960800000	2742500000	2114700000	4372000000	3403100000	3492800000	4024200000	2790200000				11	10	9	62.1	62.1	62.1	15.03	0	323.31	48194000000	246	ACYPI005387-PA Cuticle protein	ACYPI005387-PACuticleprotein	ACYPI005387-PACuticleprotein	1394
1445900000	1300700000	1155900000	1257600000	1520400000	1125300000	992650000	1093200000	865690000	1099000000				18	18	18	69	69	69	20.545	0	250.37	18439000000	280	ACYPI005394-PA Muscle-specific protein 20	ACYPI005394-PAMuscle-specificprotein20	ACYPI005394-PAMuscle-specificprotein20	1396
389200000	408920000	408200000	372580000	390770000	254990000	275910000	225810000	181910000	266230000				13	13	13	70.8	70.8	70.8	24.494	0	181.48	5076900000	145	ACYPI005402-PA Peptide methionine sulfoxide reductase MsrA	ACYPI005402-PAPeptidemethioninesulfoxidereductaseMsrA	ACYPI005402-PAPeptidemethioninesulfoxidereductaseMsrA	1398
38990000	54613000	52888000	37962000	51620000	23380000	43330000	65615000	0	56312000				9	9	9	25.8	25.8	25.8	44.888	0	47.62	735130000	51	ACYPI005408-PA dynactin subunit 2	ACYPI005408-PAdynactinsubunit2	ACYPI005408-PAdynactinsubunit2	1399
0	81229000	44876000	74226000	63900000	65155000	70888000	62417000	49716000	73157000				9	9	9	31.7	31.7	31.7	44.914	0	43.287	1055000000	75	ACYPI005411-PA fibulin 1 and	ACYPI005411-PAfibulin1and	ACYPI005411-PAfibulin1and	1400
0	82570000	0	44579000	73706000	0	81035000	63186000	88738000	84142000				11	11	11	23.4	23.4	23.4	85.398	0	54.705	977210000	65	ACYPI005429-PA metalloprotease m41 ftsh	ACYPI005429-PAmetalloproteasem41ftsh	ACYPI005429-PAmetalloproteasem41ftsh	1402
53365000	44790000	37946000	36224000	47353000	51205000	73970000	41158000	65667000	70547000				11	11	11	59.2	59.2	59.2	23.575	0	79.472	815580000	65	ACYPI005434-PA ras-related protein Rab-2A-like	ACYPI005434-PAras-relatedproteinRab-2A-like	ACYPI005434-PAras-relatedproteinRab-2A-like	1403
200630000	178170000	195260000	194160000	188830000	225950000	178980000	211020000	211560000	160590000				21	21	21	25.1	25.1	25.1	135.81	0	142.35	3000900000	159	ACYPI005438-PA la-related protein 1-like	ACYPI005438-PAla-relatedprotein1-like	ACYPI005438-PAla-relatedprotein1-like	1404
230010000	182940000	131840000	160880000	206640000	167230000	149910000	176800000	161380000	140480000				7	7	7	25.1	25.1	25.1	22.282	0	280.67	2449700000	70	ACYPI005442-PA 28 kda heat- and acid-stable phosphoprotein pdgf-associated protein	ACYPI005442-PA28kdaheat-andacid-stablephosphoproteinpdgf-associatedprotein;ACYPI080248-PAuncharacterizedprotein	ACYPI005442-PA28kdaheat-andacid-stablephosphoproteinpdgf-associatedprotein	1405
0	34434000	51791000	0	0	36390000	28995000	0	0	25371000				4	4	4	18.6	18.6	18.6	28.289	0	16.104	393800000	25	ACYPI005456-PA phosphomannomutase-like transcript variant 2	ACYPI005456-PAphosphomannomutase-liketranscriptvariant2	ACYPI005456-PAphosphomannomutase-liketranscriptvariant2	1407
551370000	651340000	264830000	170610000	0	322750000	318010000	730990000	131960000	446890000				26	26	26	46.7	46.7	46.7	78.534	0	218.45	5360900000	185	ACYPI005463-PA chorion peroxidase precursor	ACYPI005463-PAchorionperoxidaseprecursor	ACYPI005463-PAchorionperoxidaseprecursor	1408
737030000	557430000	564570000	559940000	599390000	607350000	606830000	682770000	573570000	568300000				16	16	16	39.6	39.6	39.6	37.28	0	258.71	9041200000	207	ACYPI005467-PA Ref_XM_001946702 PREDICTED_ similar to CG5174 CG5174-PA	ACYPI005467-PARef_XM_001946702PREDICTED_similartoCG5174CG5174-PA	ACYPI005467-PARef_XM_001946702PREDICTED_similartoCG5174CG5174-PA	1409
32614000	42876000	44553000	50983000	36837000	44943000	41335000	40930000	38546000	21554000				4	2	2	9.5	3.7	3.7	42.528	0	25.408	628590000	34	ACYPI005469-PA Ref_XM_001944757 PREDICTED_ similar to CG9149 CG9149-PA	ACYPI005469-PARef_XM_001944757PREDICTED_similartoCG9149CG9149-PA	ACYPI005469-PARef_XM_001944757PREDICTED_similartoCG9149CG9149-PA	1410
23948000	29290000	26244000	34180000	27450000	0	0	38243000	0	33309000				5	5	5	37.3	37.3	37.3	30.187	0	47.049	347360000	32	ACYPI005481-PA synaptosomal-associated protein 29-like	ACYPI005481-PAsynaptosomal-associatedprotein29-like	ACYPI005481-PAsynaptosomal-associatedprotein29-like	1412
15077000	11493000	17987000	0	15431000	16416000	16792000	23358000	21483000	20844000				7	7	7	17	17	17	57.807	0	29.694	255050000	47	ACYPI005482-PA SWI/SNF-related matrix-associated actin-dependent regulator of chromatin subfamily D member 2	ACYPI005482-PASWI/SNF-relatedmatrix-associatedactin-dependentregulatorofchromatinsubfamilyDmember2	ACYPI005482-PASWI/SNF-relatedmatrix-associatedactin-dependentregulatorofchromatinsubfamilyDmember2	1413
91015000	84466000	103390000	89214000	127000000	76988000	68785000	110950000	117500000	86435000				8	8	8	39.7	39.7	39.7	26.296	0	31.511	1481100000	83	ACYPI005495-PA cleavage and polyadenylation specificity factor subunit 5-like transcript variant 1	ACYPI005495-PAcleavageandpolyadenylationspecificityfactorsubunit5-liketranscriptvariant1;ACYPI010239-PAcleavageandpolyadenylationspecificityfactorsubunit5-like	ACYPI005495-PAcleavageandpolyadenylationspecificityfactorsubunit5-liketranscriptvariant1	1414
15416000	16465000	13008000	0	0	0	15350000	0	0	17971000				5	5	5	10.2	10.2	10.2	67.529	0	15.143	226130000	28	ACYPI005498-PA division abnormally delayed protein-like	ACYPI005498-PAdivisionabnormallydelayedprotein-like	ACYPI005498-PAdivisionabnormallydelayedprotein-like	1415
58916000	67596000	82980000	48665000	65495000	77078000	78553000	88219000	97832000	79923000				13	13	13	29.4	29.4	29.4	53.59	0	63.917	1089100000	67	ACYPI005499-PA phosphatidylinositol-5-phosphate 4-kinase type-2 beta-like transcript variant 2	ACYPI005499-PAphosphatidylinositol-5-phosphate4-kinasetype-2beta-liketranscriptvariant2	ACYPI005499-PAphosphatidylinositol-5-phosphate4-kinasetype-2beta-liketranscriptvariant2	1416
71091000	88316000	93210000	88436000	77802000	85874000	86127000	103340000	130600000	94860000				11	11	11	48.3	48.3	48.3	32.691	0	126.96	1386200000	93	ACYPI005512-PA Transcription elongation factor S-II	ACYPI005512-PATranscriptionelongationfactorS-II	ACYPI005512-PATranscriptionelongationfactorS-II	1418
0	22418000	17413000	24560000	28253000	0	0	0	0	0				3	3	3	31.7	31.7	31.7	16.482	0	16.29	259770000	20	ACYPI005516-PA CG5869	ACYPI005516-PACG5869	ACYPI005516-PACG5869	1419
33123000	29016000	29587000	34070000	24204000	25495000	25192000	22525000	37211000	31154000				9	9	9	65.2	65.2	65.2	20.616	0	27.28	428210000	43	ACYPI005521-PA Programmed cell death protein 6	ACYPI005521-PAProgrammedcelldeathprotein6	ACYPI005521-PAProgrammedcelldeathprotein6	1420
411590000	401570000	496800000	394360000	434670000	440090000	400740000	467720000	420790000	408830000				13	13	13	42.5	42.5	42.5	55.998	0	184.46	6710300000	123	ACYPI005525-PA Pre-mRNA-processing factor 19	ACYPI005525-PAPre-mRNA-processingfactor19	ACYPI005525-PAPre-mRNA-processingfactor19	1422
57160000	63759000	48469000	34929000	46384000	0	0	0	0	0				15	14	14	20.2	19.3	19.3	101.77	0	35.23	424380000	36	ACYPI005534-PA 10-formyltetrahydrofolate dehydrogenase-like	ACYPI005534-PA10-formyltetrahydrofolatedehydrogenase-like;ACYPI070828-PAPhenylacetaldehydedehydrogenase	ACYPI005534-PA10-formyltetrahydrofolatedehydrogenase-like	1425
16891000	0	0	0	0	0	0	0	0	23172000				6	6	6	15.6	15.6	15.6	48.885	0	20.764	247230000	36	ACYPI005536-PA Ref_XM_001952193 PREDICTED_ similar to COP9 constitutive photomorphogenic homolog subunit 3	ACYPI005536-PARef_XM_001952193PREDICTED_similartoCOP9constitutivephotomorphogenichomologsubunit3	ACYPI005536-PARef_XM_001952193PREDICTED_similartoCOP9constitutivephotomorphogenichomologsubunit3	1426
28872000	27904000	34324000	0	34888000	50542000	30889000	39141000	43546000	0				5	5	5	8.3	8.3	8.3	59.313	0	52.877	457790000	36	ACYPI005538-PA Ref_XM_001946332 PREDICTED_ similar to g-protein coupled receptor	ACYPI005538-PARef_XM_001946332PREDICTED_similartog-proteincoupledreceptor	ACYPI005538-PARef_XM_001946332PREDICTED_similartog-proteincoupledreceptor	1427
15211000000	20120000000	21755000000	24294000000	19827000000	16456000000	19969000000	18118000000	18298000000	22181000000				43	22	2	43.6	36.5	9.9	63.021	0	323.31	312170000000	466	ACYPI005547-PA uncharacterized protein	ACYPI005547-PAuncharacterizedprotein	ACYPI005547-PAuncharacterizedprotein	1430
347790000	290340000	332110000	330940000	320940000	311670000	353350000	299590000	278620000	286500000				19	19	19	53	53	53	49.49	0	252.58	4986100000	164	ACYPI005557-PA eukaryotic peptide chain release factor subunit 1-like	ACYPI005557-PAeukaryoticpeptidechainreleasefactorsubunit1-like	ACYPI005557-PAeukaryoticpeptidechainreleasefactorsubunit1-like	1431
0	0	0	0	0	0	6800400	0	9336000	6735300				1	1	1	10.1	10.1	10.1	18.796	0	6.4218	85339000	20	ACYPI005561-PA Ref_XM_001951518 PREDICTED_ similar to CG14184 CG14184-PA	ACYPI005561-PARef_XM_001951518PREDICTED_similartoCG14184CG14184-PA	ACYPI005561-PARef_XM_001951518PREDICTED_similartoCG14184CG14184-PA	1433
0	71502000	93302000	57081000	55007000	78654000	65646000	84357000	65784000	67493000				2	2	2	17.4	17.4	17.4	18.165	0	23.94	932760000	37	ACYPI005577-PA hypothetical protein LOC100164577 transcript variant 2	ACYPI005577-PAhypotheticalproteinLOC100164577transcriptvariant2	ACYPI005577-PAhypotheticalproteinLOC100164577transcriptvariant2	1434
304780000	342810000	269550000	261760000	298550000	180420000	318640000	371060000	304400000	269210000				16	16	16	32	32	32	55.112	0	204.59	4390200000	190	ACYPI005585-PA 4-aminobutyrate aminotransferase mitochondrial-like	ACYPI005585-PA4-aminobutyrateaminotransferasemitochondrial-like	ACYPI005585-PA4-aminobutyrateaminotransferasemitochondrial-like	1437
73304000	87699000	0	79928000	120060000	96845000	92316000	107350000	115390000	74213000				6	6	6	36.7	36.7	36.7	12.816	0	94.072	1329900000	58	ACYPI005587-PA Ref_XM_001945124 PREDICTED_ similar to tubulin-specific chaperone A	ACYPI005587-PARef_XM_001945124PREDICTED_similartotubulin-specificchaperoneA	ACYPI005587-PARef_XM_001945124PREDICTED_similartotubulin-specificchaperoneA	1438
0	0	27584000	0	0	0	0	0	0	24538000				4	4	4	10.4	10.4	10.4	50.102	0	9.0647	140790000	7	ACYPI005591-PA Cuticular protein 49Aa CG30045-PB	ACYPI005591-PACuticularprotein49AaCG30045-PB	ACYPI005591-PACuticularprotein49AaCG30045-PB	1439
4550500000	4890800000	4620900000	4740700000	5117500000	4239400000	4720300000	4528500000	4255200000	4858600000				33	33	33	68.2	68.2	68.2	55.315	0	323.31	74359000000	615	ACYPI005594-PA protein disulfide-isomerase a3 precursor	ACYPI005594-PAproteindisulfide-isomerasea3precursor	ACYPI005594-PAproteindisulfide-isomerasea3precursor	1440
0	17993000	0	32535000	0	0	0	21375000	0	33821000				5	5	5	34.8	34.8	34.8	26.223	0	61.081	278950000	24	ACYPI005600-PA UPF0559 protein v1g247787	ACYPI005600-PAUPF0559proteinv1g247787	ACYPI005600-PAUPF0559proteinv1g247787	1441
0	0	0	24698000	34122000	0	0	0	0	0				6	6	6	20	20	20	48.881	0	13.875	243780000	16	ACYPI005607-PA dolichyl-diphosphooligosaccharide--protein glycosyltransferase 48 kDa subunit-like	ACYPI005607-PAdolichyl-diphosphooligosaccharide--proteinglycosyltransferase48kDasubunit-like	ACYPI005607-PAdolichyl-diphosphooligosaccharide--proteinglycosyltransferase48kDasubunit-like	1442
51876000	36771000	40547000	37447000	45300000	31944000	35119000	0	35656000	39677000				4	4	4	18	18	18	25.1	0	49.678	619860000	46	ACYPI005620-PA glutathione S-transferase D4-like	ACYPI005620-PAglutathioneS-transferaseD4-like	ACYPI005620-PAglutathioneS-transferaseD4-like	1447
0	0	0	58616000	49003000	51811000	0	0	59713000	51071000				3	2	2	4.1	2.7	2.7	75.854	0	11.595	710610000	29	ACYPI005629-PA Dynamin-1-like protein	ACYPI005629-PADynamin-1-likeprotein	ACYPI005629-PADynamin-1-likeprotein	1449
0	172160000	185480000	150680000	175330000	308050000	293520000	273070000	347620000	210620000				4	4	4	39	39	39	11.898	0	234.54	3012200000	62	ACYPI005630-PA T10H9.4	ACYPI005630-PAT10H9.4	ACYPI005630-PAT10H9.4	1450
0	0	0	0	0	38118000	0	51170000	0	0				8	8	8	13.4	13.4	13.4	91.228	0	23.293	468140000	27	ACYPI005631-PA hypothetical protein LOC100164637	ACYPI005631-PAhypotheticalproteinLOC100164637	ACYPI005631-PAhypotheticalproteinLOC100164637	1451
38543000	24951000	0	0	0	23059000	33709000	43878000	25536000	19895000				7	7	7	24.4	24.4	24.4	37.433	0	52.622	465770000	36	ACYPI005632-PA sulfotransferase sult	ACYPI005632-PAsulfotransferasesult	ACYPI005632-PAsulfotransferasesult	1452
9661000000	11101000000	10287000000	10066000000	10823000000	6742200000	11732000000	12991000000	10370000000	8920000000				55	55	52	73.7	73.7	71.7	59.794	0	323.31	154460000000	910	ACYPI005638-PA ATP synthase subunit alpha	ACYPI005638-PAATPsynthasesubunitalpha;ACYPI008330-PARef_XM_001945459PREDICTED_similartoF57G4.9;ACYPI53518-PAuncharacterizedprotein	ACYPI005638-PAATPsynthasesubunitalpha	1455
29747000	0	0	0	21788000	0	0	0	0	0				4	4	4	9.9	9.9	9.9	51.753	0	11.26	146190000	15	ACYPI005640-PA uncharacterized protein	ACYPI005640-PAuncharacterizedprotein	ACYPI005640-PAuncharacterizedprotein	1456
36080000	42635000	30076000	31034000	35382000	33986000	0	32473000	42719000	0				14	14	14	26.3	26.3	26.3	90.602	0	70.439	496610000	47	ACYPI005644-PA DNA replication licensing factor MCM3	ACYPI005644-PADNAreplicationlicensingfactorMCM3	ACYPI005644-PADNAreplicationlicensingfactorMCM3	1457
1535500000	1398400000	1573000000	1662200000	1446200000	1841800000	1422000000	1574300000	1495600000	1436800000				13	13	13	29.4	29.4	29.4	48.782	0	264.15	24577000000	210	ACYPI005647-PA Elongation factor 1-gamma	ACYPI005647-PAElongationfactor1-gamma	ACYPI005647-PAElongationfactor1-gamma	1458
221970000	269740000	188480000	209020000	335080000	61803000	184580000	118940000	97220000	199550000				5	5	5	35.6	35.6	35.6	24.98	0	31.129	2969300000	72	ACYPI005655-PA Superoxide dismutase [Mn]	ACYPI005655-PASuperoxidedismutase[Mn]	ACYPI005655-PASuperoxidedismutase[Mn]	1461
99504000	72176000	56323000	66089000	75764000	55211000	102590000	75077000	71772000	74329000				15	15	15	27	27	27	85.067	0	77.202	1138500000	76	ACYPI005659-PA LETM1 and EF-hand domain-containing protein anon-60Da mitochondrial-like	ACYPI005659-PALETM1andEF-handdomain-containingproteinanon-60Damitochondrial-like	ACYPI005659-PALETM1andEF-handdomain-containingproteinanon-60Damitochondrial-like	1462
748460000	684650000	832850000	729400000	729100000	726230000	707870000	761260000	803360000	697080000				22	22	22	72.4	72.4	72.4	30.665	0	299.12	11474000000	264	ACYPI005674-PA proteasome subunit alpha type-1-like	ACYPI005674-PAproteasomesubunitalphatype-1-like;ACYPI084791-PAuncharacterizedprotein	ACYPI005674-PAproteasomesubunitalphatype-1-like	1465
77611000	90456000	69105000	84725000	86258000	96069000	96208000	92708000	109520000	103120000				9	9	9	55.5	55.5	55.5	16.459	0	61.725	1399900000	71	ACYPI005677-PA endothelial differentiation-related factor 1	ACYPI005677-PAendothelialdifferentiation-relatedfactor1	ACYPI005677-PAendothelialdifferentiation-relatedfactor1	1466
52838000	78454000	70399000	67139000	56121000	70305000	71905000	100420000	75514000	61464000				13	13	13	24.3	24.3	24.3	71.764	0	58.144	1069300000	85	ACYPI005683-PA DNA-binding protein of the nucleobindin family	ACYPI005683-PADNA-bindingproteinofthenucleobindinfamily	ACYPI005683-PADNA-bindingproteinofthenucleobindinfamily	1467
788490000	717480000	813300000	807010000	827540000	714070000	586820000	666360000	735790000	624310000				12	12	10	39.7	39.7	39.7	36.773	0	99.173	11613000000	159	ACYPI005685-PA aldo-keto reductase	ACYPI005685-PAaldo-ketoreductase;ACYPI006694-PAaldo-ketoreductase	ACYPI005685-PAaldo-ketoreductase	1469
205260000	194900000	160580000	217760000	208000000	188920000	194600000	146230000	208790000	219250000				25	25	25	41	41	41	107.1	0	207.45	3227300000	164	ACYPI005687-PA coatomer subunit beta-like	ACYPI005687-PAcoatomersubunitbeta-like;ACYPI088826-PACoatomersubunitbeta	ACYPI005687-PAcoatomersubunitbeta-like	1470
0	45629000	47678000	0	35677000	27862000	0	0	0	52627000				6	6	6	20.5	20.5	20.5	64.9	0	74.289	507380000	31	ACYPI005689-PA WD repeat-containing protein 26-like	ACYPI005689-PAWDrepeat-containingprotein26-like	ACYPI005689-PAWDrepeat-containingprotein26-like	1471
0	44532000	42786000	39765000	48626000	40825000	38719000	0	56665000	46690000				6	6	6	32.3	32.3	32.3	42.247	0	40.752	550470000	38	ACYPI005698-PA TAR DNA binding protein	ACYPI005698-PATARDNAbindingprotein	ACYPI005698-PATARDNAbindingprotein	1473
24618000	20541000	26263000	38906000	30496000	0	20797000	0	31189000	23746000				5	5	5	15.1	15.1	15.1	55.718	0	37.295	421500000	40	ACYPI005711-PA STE20/SPS1-related proline-alanine-rich protein kinase-like	ACYPI005711-PASTE20/SPS1-relatedproline-alanine-richproteinkinase-like	ACYPI005711-PASTE20/SPS1-relatedproline-alanine-richproteinkinase-like	1477
8295400000	8216700000	7616700000	8204000000	7720700000	9556200000	7433600000	6753100000	7591300000	6556000000				157	157	157	70.1	70.1	70.1	267.52	0	323.31	124630000000	2090	ACYPI005729-PA Acetyl-CoA carboxylase 1	ACYPI005729-PAAcetyl-CoAcarboxylase1	ACYPI005729-PAAcetyl-CoAcarboxylase1	1479
753030000	756530000	1010400000	1005600000	618390000	1276700000	1076700000	886710000	952680000	789650000				22	22	22	38.5	38.5	38.5	76.115	0	323.31	14903000000	252	ACYPI005746-PA long-chain-fatty-acid--coa ligase	ACYPI005746-PAlong-chain-fatty-acid--coaligase	ACYPI005746-PAlong-chain-fatty-acid--coaligase	1481
1297200000	1299600000	1429400000	1258100000	1618200000	1823500000	1412500000	1881300000	1676200000	1354100000				9	9	9	83.1	83.1	83.1	9.0692	0	323.31	22763000000	168	ACYPI085938-PA 40S ribosomal protein S21;ACYPI005755-PA 40S ribosomal protein S21-like	ACYPI085938-PA40SribosomalproteinS21;ACYPI005755-PA40SribosomalproteinS21-like	ACYPI085938-PA40SribosomalproteinS21;ACYPI005755-PA40SribosomalproteinS21-like	1483
0	0	0	0	0	0	55432000	125100000	76011000	0				6	6	6	21.6	21.6	21.6	40.869	0	60.151	1075500000	39	ACYPI005771-PA uncharacterized protein	ACYPI005771-PAuncharacterizedprotein	ACYPI005771-PAuncharacterizedprotein	1485
32645000	48121000	0	26549000	37734000	43258000	37595000	57969000	61534000	32321000				4	4	4	9.6	9.6	9.6	49.529	0	15.416	590050000	42	ACYPI005779-PA hypothetical protein LOC100164792	ACYPI005779-PAhypotheticalproteinLOC100164792;ACYPI009543-PAhypotheticalproteinLOC100168878	ACYPI005779-PAhypotheticalproteinLOC100164792	1487
0	34562000	0	45402000	44970000	0	42223000	0	33715000	43035000				4	4	4	37.3	37.3	37.3	12.838	0	16.788	467080000	26	ACYPI005781-PA uncharacterized protein	ACYPI005781-PAuncharacterizedprotein	ACYPI005781-PAuncharacterizedprotein	1488
507150000	568090000	503100000	468240000	469220000	543110000	601820000	510430000	649270000	609410000				23	23	23	40.3	40.3	40.3	68.076	0	303.21	8623100000	324	ACYPI005787-PA NOP58 ribonucleoprotein homolog	ACYPI005787-PANOP58ribonucleoproteinhomolog	ACYPI005787-PANOP58ribonucleoproteinhomolog	1490
36243000	38727000	46238000	33926000	45087000	0	0	0	27217000	0				6	6	6	24.3	24.3	24.3	45.56	0	28.6	430540000	32	ACYPI005793-PA 2-oxoisovalerate dehydrogenase subunit alpha mitochondrial-like	ACYPI005793-PA2-oxoisovaleratedehydrogenasesubunitalphamitochondrial-like	ACYPI005793-PA2-oxoisovaleratedehydrogenasesubunitalphamitochondrial-like	1491
14578000000	13481000000	15124000000	16231000000	17076000000	18423000000	13992000000	15075000000	14757000000	12429000000				37	37	37	60.9	60.9	60.9	52.009	0	323.31	241590000000	814	ACYPI005806-PA Beta-enolase	ACYPI005806-PABeta-enolase	ACYPI005806-PABeta-enolase	1492
0	0	46670000	57310000	41683000	61708000	69361000	59804000	58167000	0				5	5	5	17.8	17.8	17.8	40.579	0	35.545	885670000	35	ACYPI005824-PA Alcohol dehydrogenase class 4 mu/sigma chain	ACYPI005824-PAAlcoholdehydrogenaseclass4mu/sigmachain	ACYPI005824-PAAlcoholdehydrogenaseclass4mu/sigmachain	1494
59008000	65291000	62934000	60286000	73434000	51198000	41392000	58774000	53882000	52846000				7	7	4	19.6	19.6	12.5	53.467	0	43.322	882000000	40	ACYPI005826-PA kynurenine--oxoglutarate transaminase 3-like	ACYPI005826-PAkynurenine--oxoglutaratetransaminase3-like	ACYPI005826-PAkynurenine--oxoglutaratetransaminase3-like	1495
248460000	272220000	322240000	249240000	270230000	345760000	307130000	293020000	364670000	311850000				40	38	38	55.3	54.3	54.3	109.79	0	218.7	4682400000	279	ACYPI005839-PA 116 kDa U5 small nuclear ribonucleoprotein component	ACYPI005839-PA116kDaU5smallnuclearribonucleoproteincomponent	ACYPI005839-PA116kDaU5smallnuclearribonucleoproteincomponent	1497
354730000	280290000	304410000	290650000	291060000	261680000	287210000	230220000	268660000	257380000				23	23	23	19.1	19.1	19.1	179.74	0	176.87	4493100000	207	ACYPI005848-PA hypothetical protein LOC100164864	ACYPI005848-PAhypotheticalproteinLOC100164864;ACYPI070539-PAsec24bprotein	ACYPI005848-PAhypotheticalproteinLOC100164864	1498
0	0	0	0	0	15989000	0	0	18996000	0				7	7	7	2.3	2.3	2.3	469.51	0	23.404	112400000	25	ACYPI005853-PA hypothetical protein LOC100164870	ACYPI005853-PAhypotheticalproteinLOC100164870	ACYPI005853-PAhypotheticalproteinLOC100164870	1499
0	0	0	24972000	27055000	0	0	0	0	0				4	4	4	22.8	22.8	22.8	28.734	0	10.257	126330000	10	ACYPI005854-PA Ref_XM_001949484 PREDICTED_ similar to AGAP000598-PA	ACYPI005854-PARef_XM_001949484PREDICTED_similartoAGAP000598-PA	ACYPI005854-PARef_XM_001949484PREDICTED_similartoAGAP000598-PA	1500
0	21532000	0	0	29968000	0	0	0	0	18091000				3	2	2	6.8	4.9	4.9	65.57	0	16.425	236240000	18	ACYPI005855-PA Ref_XM_001944862 PREDICTED_ similar to AGAP006818-PA	ACYPI005855-PARef_XM_001944862PREDICTED_similartoAGAP006818-PA	ACYPI005855-PARef_XM_001944862PREDICTED_similartoAGAP006818-PA	1501
0	16405000	0	22634000	24151000	0	0	0	0	0				3	3	3	15.6	15.6	15.6	34.709	0	9.4374	175010000	11	ACYPI005864-PA coatomer subunit epsilon-like	ACYPI005864-PAcoatomersubunitepsilon-like	ACYPI005864-PAcoatomersubunitepsilon-like	1503
549690000	569820000	454400000	435900000	504260000	356620000	463870000	477180000	458770000	419090000				15	15	15	41.6	41.6	41.6	59.066	0	244.25	7062900000	204	ACYPI005880-PA alanine aminotransferase 2-like	ACYPI005880-PAalanineaminotransferase2-like	ACYPI005880-PAalanineaminotransferase2-like	1507
72370000	65518000	81545000	64686000	81968000	63845000	0	0	49884000	62724000				7	7	7	38.4	38.4	38.4	41.134	0	121.17	966010000	49	ACYPI005882-PA Zinc binding dehydrogenase	ACYPI005882-PAZincbindingdehydrogenase	ACYPI005882-PAZincbindingdehydrogenase	1508
1294400000	1495300000	1281800000	1128400000	1284000000	1768800000	1704800000	2014500000	2168300000	1899300000				19	19	19	19.9	19.9	19.9	48.102	0	323.31	23158000000	240	ACYPI005885-PA Ref_XM_001947405 PREDICTED_ similar to troponin I	ACYPI005885-PARef_XM_001947405PREDICTED_similartotroponinI	ACYPI005885-PARef_XM_001947405PREDICTED_similartotroponinI	1509
345890000	250840000	390750000	361330000	290430000	307350000	213730000	290640000	303630000	222800000				10	10	10	33.7	33.7	33.7	56.085	0	119.04	4925300000	106	ACYPI005899-PA importin subunit alpha-3-like	ACYPI005899-PAimportinsubunitalpha-3-like;ACYPI083997-PAimportinalpha-3subunit;ACYPI070661-PAuncharacterizedprotein	ACYPI005899-PAimportinsubunitalpha-3-like	1512
2026400000	1981100000	2049100000	2029700000	2019100000	2258300000	2172900000	2385700000	2284600000	2293600000				21	21	21	56.6	56.6	56.6	46.804	0	323.31	32248000000	373	ACYPI005914-PA heterogeneous nuclear ribonucleoprotein 27C-like transcript variant 1	ACYPI005914-PAheterogeneousnuclearribonucleoprotein27C-liketranscriptvariant1	ACYPI005914-PAheterogeneousnuclearribonucleoprotein27C-liketranscriptvariant1	1513
162650000	194740000	145510000	163550000	151740000	128730000	147170000	196330000	158730000	130640000				15	15	15	14.7	14.7	14.7	182.2	0	229.29	2365700000	118	ACYPI005919-PA hypothetical protein LOC100164941	ACYPI005919-PAhypotheticalproteinLOC100164941	ACYPI005919-PAhypotheticalproteinLOC100164941	1515
0	0	0	12424000	0	0	0	0	21849000	16669000				7	7	7	13.1	13.1	13.1	74.693	0	17.676	156200000	22	ACYPI005936-PA tRNA pseudouridine synthase D	ACYPI005936-PAtRNApseudouridinesynthaseD	ACYPI005936-PAtRNApseudouridinesynthaseD	1517
167250000	149240000	145680000	143130000	132760000	134740000	143260000	160220000	159130000	129840000				12	12	12	55.3	55.3	55.3	34.087	0	84.998	2364000000	98	ACYPI005939-PA pyridoxine-5-phosphate oxidase-like transcript variant 1	ACYPI005939-PApyridoxine-5'-phosphateoxidase-liketranscriptvariant1	ACYPI005939-PApyridoxine-5'-phosphateoxidase-liketranscriptvariant1	1518
3545200000	3580400000	3748400000	3916200000	5121200000	3391900000	3572100000	3183300000	3640500000	3438200000				28	28	28	82.5	82.5	82.5	25.017	0	323.31	57448000000	401	ACYPI005949-PA 40S ribosomal protein S3	ACYPI005949-PA40SribosomalproteinS3	ACYPI005949-PA40SribosomalproteinS3	1519
893510000	1044300000	690540000	797490000	911900000	648920000	902980000	699970000	644850000	1011200000				5	5	5	16.5	16.5	16.5	38.046	0	99.184	12612000000	113	ACYPI005957-PA cathepsin B-like;ACYPI089528-PA Cathepsin B-S	ACYPI005957-PAcathepsinB-like;ACYPI089528-PACathepsinB-S	ACYPI005957-PAcathepsinB-like;ACYPI089528-PACathepsinB-S	1521
72517000	104100000	86796000	90119000	107570000	85493000	127530000	106800000	103610000	97257000				3	3	3	22	22	22	9.9016	0	10.098	1495700000	44	ACYPI063346-PA 9.2 kDa midgut protein;ACYPI008706-PA 9.2 kDa midgut protein;ACYPI005971-PA uncharacterized protein;ACYPI086436-PA hypothetical protein LOC100159400 transcript variant 1;ACYPI004764-PA CG30415	ACYPI063346-PA9.2kDamidgutprotein;ACYPI008706-PA9.2kDamidgutprotein;ACYPI005971-PAuncharacterizedprotein;ACYPI086436-PAhypotheticalproteinLOC100159400transcriptvariant1;ACYPI004764-PACG30415	ACYPI063346-PA9.2kDamidgutprotein;ACYPI008706-PA9.2kDamidgutprotein;ACYPI005971-PAuncharacterizedprotein;ACYPI086436-PAhypotheticalproteinLOC100159400transcriptvariant1;ACYPI004764-PACG30415	1523
49993000	17560000	0	0	19370000	0	0	0	0	0				8	8	8	66.2	66.2	66.2	15.045	0	163.04	156490000	21	ACYPI005992-PA calbindin-32	ACYPI005992-PAcalbindin-32	ACYPI005992-PAcalbindin-32	1526
231170000	292510000	357200000	347200000	301670000	242350000	223890000	235120000	249800000	261330000				8	8	8	41.1	41.1	41.1	19.77	0	76.578	4202100000	89	ACYPI006002-PA protein DJ-1-like	ACYPI006002-PAproteinDJ-1-like	ACYPI006002-PAproteinDJ-1-like	1527
1040900000	1078300000	1234400000	1192800000	1132300000	1080500000	1057600000	1042600000	1142500000	1069900000				43	43	43	53	53	53	117.04	0	323.31	17291000000	451	ACYPI006009-PA ubiquitin-like modifier-activating enzyme 1-like	ACYPI006009-PAubiquitin-likemodifier-activatingenzyme1-like	ACYPI006009-PAubiquitin-likemodifier-activatingenzyme1-like	1529
0	36312000	38595000	39688000	35703000	18072000	33889000	0	27357000	29124000				4	4	4	10	10	10	52.869	0	9.0795	517660000	28	ACYPI006025-PA acyltransferase	ACYPI006025-PAacyltransferase	ACYPI006025-PAacyltransferase	1531
162650000	112850000	0	114950000	159210000	69188000	0	0	0	131380000				5	5	5	32.3	32.3	32.3	27.194	0	95.49	1492300000	38	ACYPI006031-PA uncharacterized protein	ACYPI006031-PAuncharacterizedprotein	ACYPI006031-PAuncharacterizedprotein	1532
1403300000	1090100000	941940000	1274800000	1329100000	1026400000	836670000	826780000	996170000	915080000				41	5	5	81	17.5	17.5	37.272	0	323.31	17902000000	121	ACYPI006035-PA actin-87E-like	ACYPI006035-PAactin-87E-like	ACYPI006035-PAactin-87E-like	1533
274300000	259090000	241470000	286250000	298910000	195500000	229720000	230610000	232780000	234120000				7	7	7	61.5	61.5	61.5	14.645	0	44.971	3795300000	85	ACYPI006036-PA CG10174 protein	ACYPI006036-PACG10174protein	ACYPI006036-PACG10174protein	1534
0	0	0	0	15407000	17678000	0	0	0	17197000				3	3	3	8.1	8.1	8.1	55.7	0	12.034	141900000	13	ACYPI006037-PA Zinc transporter 7	ACYPI006037-PAZinctransporter7	ACYPI006037-PAZinctransporter7	1535
5103400000	2694700000	2390300000	2936700000	3947300000	1911800000	2372900000	1943500000	1640500000	3046800000				15	15	15	58	58	58	23.365	0	285.95	42927000000	242	ACYPI006043-PA Myosin regulatory light chain 2	ACYPI006043-PAMyosinregulatorylightchain2	ACYPI006043-PAMyosinregulatorylightchain2	1536
108400000	79942000	89801000	100500000	117910000	78777000	79466000	68081000	85488000	84976000				13	13	13	28	28	28	56.227	0	70.465	1447900000	73	ACYPI006051-PA Selenium-binding protein	ACYPI006051-PASelenium-bindingprotein	ACYPI006051-PASelenium-bindingprotein	1537
117170000	55569000	67927000	84097000	91174000	0	0	0	0	0				14	13	13	28	26.6	26.6	70.004	0	63.838	623910000	36	ACYPI006059-PA NAD-dependent malic enzyme	ACYPI006059-PANAD-dependentmalicenzyme	ACYPI006059-PANAD-dependentmalicenzyme	1540
225410000	199810000	151070000	202260000	218460000	166650000	169350000	157950000	143080000	139490000				12	12	11	55.6	55.6	49.6	39.828	0	219.64	2900600000	100	ACYPI006069-PA methylthioribose-1-phosphate isomerase-like	ACYPI006069-PAmethylthioribose-1-phosphateisomerase-like	ACYPI006069-PAmethylthioribose-1-phosphateisomerase-like	1541
501550000	628830000	338700000	283190000	448450000	790140000	1088400000	580800000	1039200000	1029200000				15	15	15	43.6	43.6	43.6	23.578	0	187.73	10159000000	214	ACYPI006075-PA 60S ribosomal protein L19	ACYPI006075-PA60SribosomalproteinL19	ACYPI006075-PA60SribosomalproteinL19	1542
691260000	673010000	788140000	739440000	662540000	765750000	641630000	668940000	667350000	713930000				22	22	22	73.9	73.9	73.9	26.114	0	323.31	11159000000	221	ACYPI006090-PA Ref_XM_001952082 PREDICTED_ similar to putative vacuolar ATP synthase subunit E	ACYPI006090-PARef_XM_001952082PREDICTED_similartoputativevacuolarATPsynthasesubunitE	ACYPI006090-PARef_XM_001952082PREDICTED_similartoputativevacuolarATPsynthasesubunitE	1546
0	18048000	0	14225000	0	0	15575000	0	25624000	36468000				2	2	2	6	6	6	43.996	0	7.7508	207420000	22	ACYPI006100-PA hypothetical protein LOC100165137	ACYPI006100-PAhypotheticalproteinLOC100165137	ACYPI006100-PAhypotheticalproteinLOC100165137	1549
339680000	443900000	319280000	315350000	343900000	539070000	641250000	455010000	681080000	588620000				39	39	39	37.4	37.4	37.4	133.6	0	323.31	7035200000	284	ACYPI006101-PA Plasma membrane calcium-transporting ATPase 1	ACYPI006101-PAPlasmamembranecalcium-transportingATPase1;ACYPI007260-PAplasmamembranecalcium-transportingATPase3-like	ACYPI006101-PAPlasmamembranecalcium-transportingATPase1	1550
216340000	208350000	214630000	210230000	187530000	219090000	192130000	207760000	207310000	209040000				14	14	14	46.2	46.2	46.2	38.123	0	108.99	3200300000	129	ACYPI006103-PA heat shock protein	ACYPI006103-PAheatshockprotein	ACYPI006103-PAheatshockprotein	1551
53150000	67668000	0	54019000	46056000	39925000	38137000	48346000	47392000	41524000				10	10	10	23.1	23.1	23.1	59.53	0	113.2	762590000	46	ACYPI006105-PA Inositol-3-phosphate synthase 1	ACYPI006105-PAInositol-3-phosphatesynthase1	ACYPI006105-PAInositol-3-phosphatesynthase1	1552
0	47633000	37776000	0	47043000	0	0	0	0	0				2	2	2	27.8	27.8	27.8	14.251	0	7.3566	411190000	21	ACYPI006120-PA Rbp1-like RNA-binding protein PB	ACYPI006120-PARbp1-likeRNA-bindingproteinPB	ACYPI006120-PARbp1-likeRNA-bindingproteinPB	1554
35483000	29571000	34542000	36477000	43025000	37646000	28649000	0	37377000	41188000				10	10	10	34.5	34.5	34.5	52.418	0	32.703	486210000	41	ACYPI006124-PA DnaJ-like protein subfamily C member 3	ACYPI006124-PADnaJ-likeproteinsubfamilyCmember3	ACYPI006124-PADnaJ-likeproteinsubfamilyCmember3	1555
244960000	306550000	323340000	315220000	274420000	422620000	299720000	455050000	458210000	430200000				18	18	18	43.8	43.8	43.8	45.408	0	160.7	5513800000	203	ACYPI006133-PA adenylyl cyclase-associated protein 1-like transcript variant 1	ACYPI006133-PAadenylylcyclase-associatedprotein1-liketranscriptvariant1	ACYPI006133-PAadenylylcyclase-associatedprotein1-liketranscriptvariant1	1557
208360000	165590000	201750000	172900000	195720000	171200000	165500000	184030000	196410000	224300000				14	14	14	25.4	25.4	25.4	71.942	0	76.914	2902700000	106	ACYPI006138-PA SUMO-activating enzyme subunit 2	ACYPI006138-PASUMO-activatingenzymesubunit2	ACYPI006138-PASUMO-activatingenzymesubunit2	1558
127160000	174500000	171690000	147700000	139630000	170180000	126430000	130530000	143390000	135300000				13	13	13	32.7	32.7	32.7	49.557	0	210.78	2309400000	116	ACYPI006141-PA Eukaryotic translation initiation factor	ACYPI006141-PAEukaryotictranslationinitiationfactor	ACYPI006141-PAEukaryotictranslationinitiationfactor	1559
0	39594000	0	0	0	45736000	43053000	29160000	40302000	29786000				3	3	3	16.3	16.3	16.3	25.999	0	15.274	416700000	27	ACYPI006146-PA Tetraspanin F139	ACYPI006146-PATetraspaninF139	ACYPI006146-PATetraspaninF139	1561
182480000	158280000	173300000	183690000	184900000	179740000	154840000	154880000	180460000	145880000				12	12	12	26.3	26.3	26.3	67.816	0	215.39	2670200000	97	ACYPI006150-PA Ref_XM_001951028 PREDICTED_ similar to replication protein A 70 kDa DNA-binding subunit	ACYPI006150-PARef_XM_001951028PREDICTED_similartoreplicationproteinA70kDaDNA-bindingsubunit	ACYPI006150-PARef_XM_001951028PREDICTED_similartoreplicationproteinA70kDaDNA-bindingsubunit	1564
86412000	77476000	103510000	67402000	95282000	60614000	88136000	42311000	92604000	92788000				4	4	4	34.5	34.5	34.5	13.054	0	15.008	1331500000	34	ACYPI006158-PA transcription elongation factor b polypeptide	ACYPI006158-PAtranscriptionelongationfactorbpolypeptide	ACYPI006158-PAtranscriptionelongationfactorbpolypeptide	1565
0	0	22796000	15940000	0	0	28978000	0	0	0				3	3	3	28.3	28.3	28.3	14.039	0	25.587	243210000	18	ACYPI006161-PA NADH dehydrogenase [ubiquinone] 1 beta subcomplex subunit 4-like	ACYPI006161-PANADHdehydrogenase[ubiquinone]1betasubcomplexsubunit4-like	ACYPI006161-PANADHdehydrogenase[ubiquinone]1betasubcomplexsubunit4-like	1566
761010000	777390000	717480000	758840000	827230000	623990000	594760000	606410000	677470000	750920000				29	29	28	70.3	70.3	67.4	45.958	0	323.31	11841000000	275	ACYPI006163-PA 26S protease regulatory subunit 8	ACYPI006163-PA26Sproteaseregulatorysubunit8	ACYPI006163-PA26Sproteaseregulatorysubunit8	1567
941100000	825250000	689000000	710010000	839060000	689710000	786360000	737440000	610110000	811830000				41	40	40	56.3	55.4	55.4	96.112	0	323.31	12089000000	354	ACYPI006164-PA alphaalpha-trehalose-phosphate synthase [UDP-forming] A-like transcript variant 1	ACYPI006164-PAalphaalpha-trehalose-phosphatesynthase[UDP-forming]A-liketranscriptvariant1	ACYPI006164-PAalphaalpha-trehalose-phosphatesynthase[UDP-forming]A-liketranscriptvariant1	1568
148430000	137780000	210670000	144860000	177980000	197950000	203080000	123360000	223420000	239000000				9	9	9	43	43	43	28.072	0	141.55	2631400000	75	ACYPI006176-PA Aly	ACYPI006176-PAAly	ACYPI006176-PAAly	1569
313690000	325330000	316040000	333460000	341740000	353240000	295660000	354820000	327070000	339190000				29	29	29	50.4	50.4	50.4	79.303	0	193.1	5278600000	237	ACYPI006177-PA GMP synthase [glutamine-hydrolyzing]	ACYPI006177-PAGMPsynthase[glutamine-hydrolyzing]	ACYPI006177-PAGMPsynthase[glutamine-hydrolyzing]	1570
32775000	0	0	33288000	46484000	32171000	0	0	49639000	46460000				6	6	6	17.9	17.9	17.9	69.622	0	73.481	503770000	37	ACYPI006185-PA Pescadillo homolog	ACYPI006185-PAPescadillohomolog	ACYPI006185-PAPescadillohomolog	1571
953140000	805320000	963110000	925510000	1012300000	1049000000	905390000	1121400000	1061100000	825790000				8	8	8	24.1	24.1	24.1	34.394	0	63.07	14984000000	107	ACYPI006186-PA Elongation factor 1-delta	ACYPI006186-PAElongationfactor1-delta	ACYPI006186-PAElongationfactor1-delta	1572
276800000	269330000	296100000	337950000	346880000	239570000	181710000	209710000	206090000	154300000				16	16	16	52.8	52.8	52.8	43.552	0	300.57	4156000000	125	ACYPI006188-PA uncharacterized protein	ACYPI006188-PAuncharacterizedprotein	ACYPI006188-PAuncharacterizedprotein	1573
75383000	72815000	0	0	0	0	0	0	0	0				3	3	3	16	16	16	17.633	0	23.514	884640000	22	ACYPI006206-PA AT12494p	ACYPI006206-PAAT12494p	ACYPI006206-PAAT12494p	1577
0	0	0	0	0	22549000	26144000	0	0	0				4	4	4	7.4	7.4	7.4	89.509	0	20.327	160270000	19	ACYPI006207-PA CG9990	ACYPI006207-PACG9990	ACYPI006207-PACG9990	1578
124120000	171640000	182240000	211260000	180640000	266440000	143950000	200240000	176420000	169810000				14	14	14	47.9	47.9	47.9	45.812	0	203.18	2940100000	124	ACYPI006213-PA Aspartate aminotransferase	ACYPI006213-PAAspartateaminotransferase	ACYPI006213-PAAspartateaminotransferase	1579
64236000	0	49851000	0	0	69547000	0	76447000	63154000	0				7	7	7	16.1	16.1	16.1	50.344	0	48.927	659440000	29	ACYPI006227-PA Alanine--glyoxylate aminotransferase 2-like 2	ACYPI006227-PAAlanine--glyoxylateaminotransferase2-like2;ACYPI083824-PAuncharacterizedprotein	ACYPI006227-PAAlanine--glyoxylateaminotransferase2-like2	1582
156580000	0	0	49499000	68674000	0	0	0	0	0				10	10	10	51.8	51.8	51.8	30.895	0	42.492	1163400000	40	ACYPI006238-PA Eukaryotic translation initiation factor 3 subunit F-1	ACYPI006238-PAEukaryotictranslationinitiationfactor3subunitF-1	ACYPI006238-PAEukaryotictranslationinitiationfactor3subunitF-1	1583
391660000	402040000	392970000	382470000	382160000	396060000	403780000	371580000	437070000	386580000				38	38	38	33.1	33.1	33.1	184.63	0	323.31	6139000000	284	ACYPI006240-PA Bifunctional aminoacyl-tRNA synthetase;ACYPI001264-PA bifunctional aminoacyl-tRNA synthetase-like	ACYPI006240-PABifunctionalaminoacyl-tRNAsynthetase;ACYPI001264-PAbifunctionalaminoacyl-tRNAsynthetase-like	ACYPI006240-PABifunctionalaminoacyl-tRNAsynthetase;ACYPI001264-PAbifunctionalaminoacyl-tRNAsynthetase-like	1584
568360000	463140000	463220000	581540000	580820000	441060000	392560000	443530000	328120000	467820000				15	15	15	89.8	89.8	89.8	27.148	0	294.42	7698700000	180	ACYPI006248-PA 6-phosphogluconolactonase	ACYPI006248-PA6-phosphogluconolactonase	ACYPI006248-PA6-phosphogluconolactonase	1587
1024300000	1187100000	1449600000	1675700000	1819800000	1378700000	1694300000	2001200000	2667300000	1434900000				14	14	14	47.8	47.8	47.8	29.567	0	183.42	22789000000	200	ACYPI006250-PA Pupal cuticle protein Edg-78E	ACYPI006250-PAPupalcuticleproteinEdg-78E	ACYPI006250-PAPupalcuticleproteinEdg-78E	1588
0	48499000	0	65777000	38640000	0	55487000	0	41492000	53867000				8	8	8	44.4	44.4	44.4	42.315	0	66.324	572010000	50	ACYPI006251-PA POTE ankyrin domain family member E	ACYPI006251-PAPOTEankyrindomainfamilymemberE	ACYPI006251-PAPOTEankyrindomainfamilymemberE	1589
908480000	984340000	1071000000	978000000	1065600000	1043400000	949750000	1079800000	1065600000	944100000				23	23	23	52.7	52.7	52.7	61.879	0	323.31	15305000000	279	ACYPI006260-PA hypothetical protein LOC100165303	ACYPI006260-PAhypotheticalproteinLOC100165303	ACYPI006260-PAhypotheticalproteinLOC100165303	1590
76286000	61102000	69335000	65775000	71285000	62156000	58928000	59843000	56330000	76489000				20	20	20	20.5	20.5	20.5	131.56	0	90.352	1072800000	82	ACYPI006262-PA transcription elongation regulator 1-like	ACYPI006262-PAtranscriptionelongationregulator1-like	ACYPI006262-PAtranscriptionelongationregulator1-like	1592
877000000	952040000	924820000	936960000	968570000	1131900000	1055200000	800900000	1131200000	1246900000				50	50	50	49.6	49.6	49.6	119.21	0	323.31	15916000000	589	ACYPI006266-PA eukaryotic translation initiation factor 3 subunit	ACYPI006266-PAeukaryotictranslationinitiationfactor3subunit	ACYPI006266-PAeukaryotictranslationinitiationfactor3subunit	1595
0	53507000	50761000	47558000	0	68611000	75771000	85636000	65280000	52983000				7	7	7	44.2	44.2	44.2	42.125	0	64.627	835030000	38	ACYPI006268-PA AGAP001154-PA	ACYPI006268-PAAGAP001154-PA	ACYPI006268-PAAGAP001154-PA	1596
1286800000	1962700000	1277100000	1064700000	1790400000	2097700000	2717500000	1714900000	2599800000	2403100000				19	19	19	64.6	64.6	64.6	25.675	0	321.53	29491000000	306	ACYPI006272-PA 60S ribosomal protein L13	ACYPI006272-PA60SribosomalproteinL13	ACYPI006272-PA60SribosomalproteinL13	1597
28873000	35284000	0	30263000	0	0	0	0	30729000	24436000				4	4	4	16.6	16.6	16.6	40.753	0	19.91	380450000	31	ACYPI006277-PA 3-methyl-2-oxobutanoate dehydrogenase lipoamide	ACYPI006277-PA3-methyl-2-oxobutanoatedehydrogenaselipoamide	ACYPI006277-PA3-methyl-2-oxobutanoatedehydrogenaselipoamide	1598
403570000	396740000	364000000	419790000	423460000	343770000	324540000	370750000	362940000	436320000				19	19	19	47.6	47.6	47.6	40.855	0	307.86	5773700000	148	ACYPI006288-PA Ribose-phosphate pyrophosphokinase 1;ACYPI006561-PA Ribose-phosphate pyrophosphokinase 1	ACYPI006288-PARibose-phosphatepyrophosphokinase1;ACYPI006561-PARibose-phosphatepyrophosphokinase1	ACYPI006288-PARibose-phosphatepyrophosphokinase1;ACYPI006561-PARibose-phosphatepyrophosphokinase1	1600
0	0	61042000	45412000	0	0	45649000	42727000	0	52933000				4	4	4	27.1	27.1	27.1	9.8733	0	23.768	605320000	28	ACYPI006292-PA hypothetical LOC100165336	ACYPI006292-PAhypotheticalLOC100165336;REV__ACYPI072146-PAhypotheticalproteinLOC100570890;REV__ACYPI064953-PAhypotheticalproteinLOC100573640	ACYPI006292-PAhypotheticalLOC100165336	1601
80207000	77828000	61581000	86245000	93945000	70602000	91022000	60432000	78874000	99104000				32	32	29	8.8	8.8	8.2	561.32	0	104.72	1314200000	85	ACYPI006305-PA hypothetical protein LOC100167295	ACYPI006305-PAhypotheticalproteinLOC100167295;ACYPI34691-PAGLEAN_14691	ACYPI006305-PAhypotheticalproteinLOC100167295	1602
335340000	325300000	300370000	391010000	380790000	312640000	295230000	341260000	256140000	348840000				15	15	15	41.1	41.1	41.1	43.625	0	166.78	5245700000	144	ACYPI006313-PA Paramyosin	ACYPI006313-PAParamyosin	ACYPI006313-PAParamyosin	1603
194510000	204590000	238470000	240160000	236170000	310080000	231970000	170730000	241100000	187400000				13	13	13	31.1	31.1	31.1	78.716	0	219.08	3759600000	141	ACYPI006314-PA hemocyte protein-glutamine gamma-glutamyltransferase	ACYPI006314-PAhemocyteprotein-glutaminegamma-glutamyltransferase	ACYPI006314-PAhemocyteprotein-glutaminegamma-glutamyltransferase	1604
140910000	81950000	132220000	100180000	101100000	161950000	144370000	179170000	216930000	114730000				7	5	5	46.1	46.1	46.1	16.661	0	81.529	1883200000	61	ACYPI006320-PA RE47308p	ACYPI006320-PARE47308p	ACYPI006320-PARE47308p	1605
235680000	143540000	151770000	212580000	235680000	141760000	99880000	88233000	78138000	158220000				14	14	14	30.6	30.6	30.6	50.023	0	113.01	2423800000	117	ACYPI006323-PA la protein homolog	ACYPI006323-PAlaproteinhomolog	ACYPI006323-PAlaproteinhomolog	1606
335890000	283860000	312770000	377480000	344830000	269360000	265670000	297190000	258230000	268730000				10	10	10	56.2	56.2	56.2	26.16	0	75.705	4845600000	103	ACYPI006329-PA Ubiquitin carboxyl-terminal hydrolase	ACYPI006329-PAUbiquitincarboxyl-terminalhydrolase	ACYPI006329-PAUbiquitincarboxyl-terminalhydrolase	1608
9306400	0	0	0	0	7127200	0	0	8353400	0				3	3	3	11	11	11	60.452	0	8.4874	62884000	24	ACYPI006331-PA uncharacterized protein	ACYPI006331-PAuncharacterizedprotein	ACYPI006331-PAuncharacterizedprotein	1609
70310000	63654000	97488000	77481000	73401000	88206000	0	82623000	110080000	69851000				4	4	4	15.1	15.1	15.1	38.199	0	54.047	1168100000	40	ACYPI006340-PA MYG1 protein-like	ACYPI006340-PAMYG1protein-like	ACYPI006340-PAMYG1protein-like	1610
404840000	317350000	329720000	316870000	370090000	234710000	247910000	271280000	302830000	279120000				9	9	9	54.3	54.3	54.3	17.255	0	45.272	4799700000	106	ACYPI006341-PA ubiquitin-conjugating enzyme E2 N-like transcript variant 1	ACYPI006341-PAubiquitin-conjugatingenzymeE2N-liketranscriptvariant1;ACYPI002856-PAUbiquitincarrierprotein;ACYPI004996-PAUbiquitincarrierprotein	ACYPI006341-PAubiquitin-conjugatingenzymeE2N-liketranscriptvariant1	1611
556860000	398110000	290560000	244540000	346580000	590080000	708450000	452070000	734380000	716020000				20	20	20	65.2	65.2	65.2	15.79	0	243.96	7274600000	213	ACYPI006342-PA Ribosomal protein L28-like protein	ACYPI006342-PARibosomalproteinL28-likeprotein	ACYPI006342-PARibosomalproteinL28-likeprotein	1612
0	133830000	127960000	0	145460000	112190000	129250000	147820000	105820000	85831000				5	5	5	28	28	28	25.471	0	121.4	1676700000	56	ACYPI006352-PA Ref_XM_001952569 PREDICTED_ similar to LD16191p	ACYPI006352-PARef_XM_001952569PREDICTED_similartoLD16191p	ACYPI006352-PARef_XM_001952569PREDICTED_similartoLD16191p	1614
829230000	721070000	902630000	1110600000	759600000	911330000	710580000	827480000	705590000	702110000				40	40	40	60.6	60.6	60.6	75.368	0	323.31	14030000000	354	ACYPI006364-PA dead box atp-dependent rna helicase	ACYPI006364-PAdeadboxatp-dependentrnahelicase	ACYPI006364-PAdeadboxatp-dependentrnahelicase	1619
0	11079000	12053000	0	0	0	0	0	0	0				3	3	3	12.6	12.6	12.6	40.128	0	7.1302	117240000	20	ACYPI006381-PA nucleoporin Nup43-like	ACYPI006381-PAnucleoporinNup43-like	ACYPI006381-PAnucleoporinNup43-like	1624
218390000	173510000	194590000	179250000	175700000	217060000	175560000	217630000	238080000	173470000				17	17	17	46.6	46.6	46.6	37.61	0	103.2	2912600000	150	ACYPI006383-PA nuclear migration protein nudC-like	ACYPI006383-PAnuclearmigrationproteinnudC-like	ACYPI006383-PAnuclearmigrationproteinnudC-like	1625
0	0	20583000	0	0	26464000	0	0	0	23605000				7	7	7	21.7	21.7	21.7	62.779	0	22.457	283650000	28	ACYPI006395-PA 2-hydroxyphytanoyl-coa lyase	ACYPI006395-PA2-hydroxyphytanoyl-coalyase	ACYPI006395-PA2-hydroxyphytanoyl-coalyase	1626
0	19511000	20090000	15676000	21295000	23500000	19934000	0	0	18546000				7	7	7	15.1	15.1	15.1	69.888	0	23.204	310870000	21	ACYPI006404-PA Ref_XM_001952239 PREDICTED_ similar to DEAD box ATP-dependent RNA helicase	ACYPI006404-PARef_XM_001952239PREDICTED_similartoDEADboxATP-dependentRNAhelicase	ACYPI006404-PARef_XM_001952239PREDICTED_similartoDEADboxATP-dependentRNAhelicase	1629
52644000	47396000	35121000	31985000	51149000	46387000	46734000	0	41387000	38656000				13	13	13	17.7	17.7	17.7	96.185	0	46.429	547700000	56	ACYPI006405-PA rRNA methyltransferase 3	ACYPI006405-PArRNAmethyltransferase3	ACYPI006405-PArRNAmethyltransferase3	1630
67124000	70174000	69619000	93666000	97604000	63317000	89117000	99669000	98065000	84750000				6	6	6	19.5	19.5	19.5	29.337	0	53.622	1308000000	43	ACYPI006407-PA RNA-binding protein 38-like	ACYPI006407-PARNA-bindingprotein38-like	ACYPI006407-PARNA-bindingprotein38-like	1631
0	105560000	62065000	72186000	85280000	106900000	142410000	81325000	133150000	146300000				4	4	4	31.7	31.7	31.7	14.474	0	111.82	1448900000	43	ACYPI006417-PA uncharacterized protein	ACYPI006417-PAuncharacterizedprotein	ACYPI006417-PAuncharacterizedprotein	1634
0	0	23565000	22368000	0	0	25910000	25299000	0	21465000				4	4	4	10.4	10.4	10.4	63.804	0	24.512	269340000	28	ACYPI006426-PA eh-domain-containing protein	ACYPI006426-PAeh-domain-containingprotein	ACYPI006426-PAeh-domain-containingprotein	1637
408240000	391170000	406350000	468560000	416890000	378270000	398180000	371490000	430610000	361120000				13	13	13	56.3	56.3	56.3	32.257	0	165.9	6273800000	150	ACYPI006428-PA Glyoxalase domain-containing protein 4	ACYPI006428-PAGlyoxalasedomain-containingprotein4	ACYPI006428-PAGlyoxalasedomain-containingprotein4	1638
131040000	118730000	123550000	117700000	121790000	166970000	163450000	114290000	166500000	139140000				23	23	23	29.5	29.5	29.5	142.81	0	151.47	2165100000	134	ACYPI006430-PA isoleucyl trna synthetase	ACYPI006430-PAisoleucyltrnasynthetase	ACYPI006430-PAisoleucyltrnasynthetase	1639
340590000	323900000	312690000	368990000	379450000	269580000	257470000	248230000	248270000	280240000				14	14	14	56.5	56.5	56.5	27.427	0	220.97	4860900000	117	ACYPI006441-PA Proteasome subunit alpha type-6	ACYPI006441-PAProteasomesubunitalphatype-6	ACYPI006441-PAProteasomesubunitalphatype-6	1642
175400000	171040000	155560000	167270000	173550000	192790000	179000000	194640000	142600000	161660000				5	5	5	62.5	62.5	62.5	17.806	0	119.34	2639300000	65	ACYPI006445-PA polyA-binding protein interacting protein 2 transcript variant 1	ACYPI006445-PApolyA-bindingproteininteractingprotein2transcriptvariant1	ACYPI006445-PApolyA-bindingproteininteractingprotein2transcriptvariant1	1643
19993000	0	42215000	0	22617000	0	0	0	0	23639000				3	3	3	13.7	13.7	13.7	34.301	0	26.268	240500000	23	ACYPI006453-PA Ref_XM_001946924 PREDICTED_ similar to thymidylate synthase	ACYPI006453-PARef_XM_001946924PREDICTED_similartothymidylatesynthase	ACYPI006453-PARef_XM_001946924PREDICTED_similartothymidylatesynthase	1645
0	30654000	0	35075000	31940000	0	52098000	0	49818000	53541000				7	7	7	26	26	26	37.176	0	31.576	575000000	33	ACYPI006475-PA Sodium/potassium-transporting ATPase subunit beta-2	ACYPI006475-PASodium/potassium-transportingATPasesubunitbeta-2	ACYPI006475-PASodium/potassium-transportingATPasesubunitbeta-2	1648
184000000	101770000	84510000	104930000	140220000	162550000	137480000	102290000	152210000	161880000				10	10	10	25.4	25.4	25.4	49.349	0	140.35	1972700000	118	ACYPI006482-PA Protein extra bases	ACYPI006482-PAProteinextrabases	ACYPI006482-PAProteinextrabases	1649
53539000	0	0	0	33754000	0	0	0	0	0				5	5	4	18.6	18.6	15.5	41.701	0	32.333	162190000	8	ACYPI006500-PA Ribonucleoside-diphosphate reductase subunit M2	ACYPI006500-PARibonucleoside-diphosphatereductasesubunitM2	ACYPI006500-PARibonucleoside-diphosphatereductasesubunitM2	1653
180660000	173110000	192850000	186320000	169890000	172770000	147810000	177900000	138060000	140520000				18	18	17	56.2	56.2	51.6	54.019	0	173.16	2769500000	114	ACYPI006507-PA peroxisomal N	ACYPI006507-PAperoxisomalN	ACYPI006507-PAperoxisomalN	1655
55724000	57552000	52295000	44979000	52502000	40226000	51080000	67473000	57356000	54573000				5	5	5	14.4	14.4	14.4	41.107	0	22.475	793060000	72	ACYPI006518-PA crotonobetainyl-coa-hydratase	ACYPI006518-PAcrotonobetainyl-coa-hydratase	ACYPI006518-PAcrotonobetainyl-coa-hydratase	1656
0	56228000	0	0	0	0	0	53270000	0	72541000				5	5	4	18.4	18.4	18.4	31.889	0	36.673	338740000	18	ACYPI006519-PA hypothetical protein LOC100165583	ACYPI006519-PAhypotheticalproteinLOC100165583	ACYPI006519-PAhypotheticalproteinLOC100165583	1657
57357000	54580000	61461000	118050000	56449000	60412000	64149000	56730000	61871000	58548000				7	7	7	46.9	46.9	46.9	19.044	0	86.371	1088000000	78	ACYPI006544-PA Ref_XM_001952396 PREDICTED_ similar to sorting nexin	ACYPI006544-PARef_XM_001952396PREDICTED_similartosortingnexin	ACYPI006544-PARef_XM_001952396PREDICTED_similartosortingnexin	1663
394690000	333830000	371800000	311290000	292170000	338330000	373950000	266300000	297090000	375480000				25	25	25	71.3	71.3	71.3	44.245	0	195.99	5357000000	210	ACYPI006545-PA v-type proton ATPase subunit C-like	ACYPI006545-PAv-typeprotonATPasesubunitC-like	ACYPI006545-PAv-typeprotonATPasesubunitC-like	1664
74358000	86462000	77840000	75109000	51313000	83767000	100720000	71750000	111080000	99920000				21	21	21	25.2	25.2	25.2	123.31	0	122.91	1369200000	90	ACYPI006557-PA exportin 1	ACYPI006557-PAexportin1	ACYPI006557-PAexportin1	1666
54905000	50830000	48528000	53217000	55303000	51915000	45385000	43967000	45451000	46366000				7	7	6	12	12	8.7	81.75	0	56.882	760850000	46	ACYPI006576-PA FACT complex subunit SSRP1;ACYPI007174-PA structure specific recognition protein-like	ACYPI006576-PAFACTcomplexsubunitSSRP1;ACYPI007174-PAstructurespecificrecognitionprotein-like	ACYPI006576-PAFACTcomplexsubunitSSRP1;ACYPI007174-PAstructurespecificrecognitionprotein-like	1668
0	0	0	15688000	14428000	0	0	0	0	14109000				4	4	4	15.5	15.5	15.5	29.702	0	36.817	156340000	22	ACYPI006577-PA cGMP-dependent protein kinase	ACYPI006577-PAcGMP-dependentproteinkinase	ACYPI006577-PAcGMP-dependentproteinkinase	1669
26726000	0	0	0	23294000	0	0	0	0	0				8	8	8	13.9	13.9	13.9	91.94	0	35.265	179970000	17	ACYPI006583-PA Nuclear pore complex protein Nup93	ACYPI006583-PANuclearporecomplexproteinNup93	ACYPI006583-PANuclearporecomplexproteinNup93	1670
922400000	860990000	719640000	748440000	1056100000	408990000	774940000	715320000	656970000	704280000				41	41	41	64.3	64.3	64.3	82.103	0	323.31	11571000000	404	ACYPI006589-PA Trifunctional enzyme subunit alpha	ACYPI006589-PATrifunctionalenzymesubunitalpha	ACYPI006589-PATrifunctionalenzymesubunitalpha	1672
0	0	0	0	13389000	0	0	0	25127000	0				3	3	3	5.7	5.7	5.7	70.728	0	13.46	120730000	12	ACYPI006590-PA e3 SUMO-protein ligase PIAS2-like transcript variant 4	ACYPI006590-PAe3SUMO-proteinligasePIAS2-liketranscriptvariant4;ACYPI005767-PAsuppressorofvariegation	ACYPI006590-PAe3SUMO-proteinligasePIAS2-liketranscriptvariant4	1673
131330000	132540000	99366000	106160000	96408000	84940000	81291000	101840000	98787000	99376000				14	14	14	15.4	15.4	15.4	143.62	0	85.725	1613700000	103	ACYPI006593-PA ndg	ACYPI006593-PAndg	ACYPI006593-PAndg	1674
40923000	58218000	89950000	69144000	70319000	74493000	65793000	64274000	94827000	83866000				12	12	12	40.1	40.1	40.1	41.967	0	100.02	1185000000	67	ACYPI006600-PA uncharacterized protein	ACYPI006600-PAuncharacterizedprotein	ACYPI006600-PAuncharacterizedprotein	1675
830570000	914690000	982360000	862260000	973940000	969900000	790240000	946270000	824650000	739270000				12	12	10	41.6	41.6	36.5	37.388	0	92.499	14009000000	161	ACYPI006609-PA inorganic pyrophosphatase-like transcript variant 2;ACYPI068654-PA inorganic pyrophosphatase-like	ACYPI006609-PAinorganicpyrophosphatase-liketranscriptvariant2;ACYPI068654-PAinorganicpyrophosphatase-like	ACYPI006609-PAinorganicpyrophosphatase-liketranscriptvariant2;ACYPI068654-PAinorganicpyrophosphatase-like	1676
26445000	24883000	25494000	27953000	39747000	0	0	0	0	0				4	4	4	19.7	19.7	19.7	33.979	0	10.604	367050000	24	ACYPI006611-PA Ubiquitin fusion degradation protein 1-like protein;ACYPI007595-PA Ubiquitin fusion degradation protein 1 homolog	ACYPI006611-PAUbiquitinfusiondegradationprotein1-likeprotein;ACYPI007595-PAUbiquitinfusiondegradationprotein1homolog	ACYPI006611-PAUbiquitinfusiondegradationprotein1-likeprotein;ACYPI007595-PAUbiquitinfusiondegradationprotein1homolog	1677
311040000	354290000	307500000	366390000	455120000	163320000	337760000	334220000	365920000	312870000				22	22	22	58.3	58.3	58.3	53.521	0	196.84	5002100000	230	ACYPI006613-PA Elongation factor Tu	ACYPI006613-PAElongationfactorTu;ACYPI001387-PAelongationfactorTumitochondrial-like	ACYPI006613-PAElongationfactorTu	1678
245860000	228310000	244990000	255370000	219930000	211640000	163710000	206940000	182760000	212540000				15	15	15	38.7	38.7	38.7	47.769	0	96.265	3408400000	157	ACYPI006616-PA Adenylosuccinate synthetase	ACYPI006616-PAAdenylosuccinatesynthetase	ACYPI006616-PAAdenylosuccinatesynthetase	1680
17784000	0	20580000	24003000	18907000	21374000	22107000	19750000	26040000	0				8	8	8	12.4	12.4	12.4	103.22	0	30.296	286140000	47	ACYPI006617-PA unc-115	ACYPI006617-PAunc-115	ACYPI006617-PAunc-115	1681
14813000	0	0	0	15854000	0	0	0	0	14315000				4	4	4	10.9	10.9	10.9	51.975	0	10.914	113300000	14	ACYPI006626-PA Coiled-coil domain-containing protein 47	ACYPI006626-PACoiled-coildomain-containingprotein47	ACYPI006626-PACoiled-coildomain-containingprotein47	1682
0	0	0	0	82059000	0	0	230790000	0	0				3	3	3	9.8	9.8	9.8	52.822	0	13.684	513070000	17	ACYPI006649-PA NAD kinase	ACYPI006649-PANADkinase	ACYPI006649-PANADkinase	1684
29369000	38370000	33385000	40839000	38149000	26723000	0	29129000	36497000	0				5	5	5	5.8	5.8	5.8	105.41	0	15.234	467680000	33	ACYPI006655-PA Aminopeptidase N-like protein	ACYPI006655-PAAminopeptidaseN-likeprotein	ACYPI006655-PAAminopeptidaseN-likeprotein	1685
378990000	241190000	220390000	282070000	332080000	185690000	180660000	289810000	162950000	204040000				5	5	5	17.5	17.5	17.5	32.783	0	31.378	3857500000	61	ACYPI006658-PA Translocon-associated protein subunit alpha	ACYPI006658-PATranslocon-associatedproteinsubunitalpha	ACYPI006658-PATranslocon-associatedproteinsubunitalpha	1686
34552000	18414000	17601000	18767000	25513000	14895000	19681000	22166000	20680000	23408000				7	7	7	14.9	14.9	14.9	61.381	0	22.856	324350000	44	ACYPI006662-PA phosphoacetylglucosamine mutase	ACYPI006662-PAphosphoacetylglucosaminemutase	ACYPI006662-PAphosphoacetylglucosaminemutase	1687
1446300000	1384800000	1445800000	1282400000	1269100000	1742300000	1291400000	1398200000	1273800000	1087100000				18	18	18	52.8	52.8	52.8	35.804	0	136.09	21403000000	222	ACYPI006664-PA D-3-phosphoglycerate dehydrogenase	ACYPI006664-PAD-3-phosphoglyceratedehydrogenase	ACYPI006664-PAD-3-phosphoglyceratedehydrogenase	1688
6657100000	8972400000	4467800000	3061300000	1810000000	6152900000	5202500000	7605500000	2442400000	4148900000				13	13	7	46.6	46.6	34.8	22.921	0	323.31	77224000000	271	ACYPI006670-PA cuticular protein	ACYPI006670-PAcuticularprotein	ACYPI006670-PAcuticularprotein	1689
0	0	0	0	0	65515000	57546000	37962000	58455000	51187000				8	8	8	13.1	13.1	13.1	108.94	0	39.554	454010000	29	ACYPI006675-PA Aminopeptidase N	ACYPI006675-PAAminopeptidaseN;ACYPI000526-PAAminopeptidaseN	ACYPI006675-PAAminopeptidaseN	1690
231790000	199300000	185260000	178840000	181160000	119950000	196970000	265400000	237040000	189800000				15	15	15	32.9	32.9	32.9	59.301	0	213.39	2912300000	139	ACYPI006676-PA delta-1-pyrroline-5-carboxylate dehydrogenase mitochondrial-like	ACYPI006676-PAdelta-1-pyrroline-5-carboxylatedehydrogenasemitochondrial-like	ACYPI006676-PAdelta-1-pyrroline-5-carboxylatedehydrogenasemitochondrial-like	1691
1152300000	1086400000	1079600000	1222000000	1287600000	1059400000	1050200000	890430000	1120500000	1243300000				38	33	30	60.4	58.4	53	60.879	0	323.31	17653000000	472	ACYPI006679-PA DEAD-box ATP-dependent RNA helicase 20	ACYPI006679-PADEAD-boxATP-dependentRNAhelicase20	ACYPI006679-PADEAD-boxATP-dependentRNAhelicase20	1692
1949000000	2492100000	1927700000	2168400000	2479200000	2523200000	2480100000	2406200000	2617000000	2632200000				22	22	22	65.3	65.3	65.3	53.657	0	323.31	36757000000	420	ACYPI006680-PA Muscle LIM protein Mlp84B	ACYPI006680-PAMuscleLIMproteinMlp84B	ACYPI006680-PAMuscleLIMproteinMlp84B	1693
126870000	105990000	101010000	176600000	145800000	86967000	100610000	88240000	100620000	107800000				12	12	12	47.1	47.1	47.1	41.188	0	167.65	1758300000	90	ACYPI006682-PA Septin-2	ACYPI006682-PASeptin-2	ACYPI006682-PASeptin-2	1694
351010000	410960000	301250000	228330000	324480000	554780000	656990000	444250000	623430000	497970000				10	10	10	41.1	41.1	41.1	18.141	0	170.55	6358200000	130	ACYPI006688-PA 60s ribosomal protein l21	ACYPI006688-PA60sribosomalproteinl21	ACYPI006688-PA60sribosomalproteinl21	1695
101030000	85761000	81228000	77272000	89450000	66977000	69342000	80177000	82548000	92770000				15	15	15	22.8	22.8	22.8	116.78	0	96.012	1341800000	105	ACYPI006692-PA UDP-N-acetylglucosamine--peptide N-acetylglucosaminyltransferase 110 kDa subunit-like transcript variant 1	ACYPI006692-PAUDP-N-acetylglucosamine--peptideN-acetylglucosaminyltransferase110kDasubunit-liketranscriptvariant1	ACYPI006692-PAUDP-N-acetylglucosamine--peptideN-acetylglucosaminyltransferase110kDasubunit-liketranscriptvariant1	1696
0	18100000	0	0	23126000	0	0	0	0	0				4	4	4	9	9	9	81.411	0	17.836	223860000	19	ACYPI006699-PA disks large 1 tumor suppressor protein-like	ACYPI006699-PAdiskslarge1tumorsuppressorprotein-like	ACYPI006699-PAdiskslarge1tumorsuppressorprotein-like	1698
30162000	46847000	31732000	32825000	33923000	40233000	26532000	47616000	46084000	37369000				9	9	9	38.5	38.5	38.5	33.862	0	68.18	576050000	53	ACYPI006702-PA zinc finger CCCH domain-containing protein 10-like transcript variant 1	ACYPI006702-PAzincfingerCCCHdomain-containingprotein10-liketranscriptvariant1	ACYPI006702-PAzincfingerCCCHdomain-containingprotein10-liketranscriptvariant1	1699
299640000	242160000	220580000	266930000	268130000	248620000	251640000	269410000	258020000	257800000				13	13	13	63	63	63	21.232	0	147.18	4193300000	131	ACYPI006705-PA UMP-CMP kinase-like transcript variant 3	ACYPI006705-PAUMP-CMPkinase-liketranscriptvariant3	ACYPI006705-PAUMP-CMPkinase-liketranscriptvariant3	1701
1376300000	1629100000	1604700000	1730000000	1768400000	1427800000	1430700000	1431200000	1971700000	2121300000				21	21	21	46.3	46.3	46.3	32.406	0	323.31	25724000000	285	ACYPI006706-PA RNA-binding protein squid	ACYPI006706-PARNA-bindingproteinsquid	ACYPI006706-PARNA-bindingproteinsquid	1702
17023000000	21584000000	25109000000	27052000000	24564000000	25009000000	23123000000	19954000000	21695000000	24148000000				39	39	39	77.9	77.9	77.9	50.278	0	323.31	375330000000	1010	ACYPI006711-PA elongation factor 1-alpha-like;ACYPI070462-PA Elongation factor 1-alpha 2;ACYPI083554-PA Elongation factor 1-alpha 2	ACYPI006711-PAelongationfactor1-alpha-like;ACYPI070462-PAElongationfactor1-alpha2;ACYPI083554-PAElongationfactor1-alpha2	ACYPI006711-PAelongationfactor1-alpha-like;ACYPI070462-PAElongationfactor1-alpha2;ACYPI083554-PAElongationfactor1-alpha2	1703
0	0	0	61671000	0	118950000	97809000	389990000	78378000	165130000				5	5	5	18.7	18.7	18.7	30.843	0	125.29	1442900000	38	ACYPI006712-PA RR2 cuticle protein 3	ACYPI006712-PARR2cuticleprotein3	ACYPI006712-PARR2cuticleprotein3	1704
520380000	570230000	643290000	656910000	590620000	656480000	568760000	531760000	613370000	526390000				16	16	16	59.5	59.5	59.5	36.544	0	323.31	9178300000	194	ACYPI006725-PA l203709	ACYPI006725-PAl203709	ACYPI006725-PAl203709	1706
2021200000	1928900000	1829800000	2196400000	2032300000	1673600000	1763400000	1747100000	1612700000	1757900000				24	24	24	79.4	79.4	79.4	27.126	0	323.31	29832000000	356	ACYPI006727-PA Glyceraldehyde-3-phosphate dehydrogenase	ACYPI006727-PAGlyceraldehyde-3-phosphatedehydrogenase	ACYPI006727-PAGlyceraldehyde-3-phosphatedehydrogenase	1707
359450000	327950000	362690000	330390000	386360000	361130000	327410000	344830000	372120000	303110000				29	29	29	71.1	71.1	71.1	59.641	0	323.31	5436100000	224	ACYPI006737-PA uncharacterized protein	ACYPI006737-PAuncharacterizedprotein	ACYPI006737-PAuncharacterizedprotein	1709
34408000	54983000	72360000	80084000	52606000	38093000	46711000	45131000	56430000	48698000				5	5	5	29.2	29.2	29.2	30.608	0	65.392	822350000	37	ACYPI006750-PA chloride intracellular channel exc-4-like	ACYPI006750-PAchlorideintracellularchannelexc-4-like	ACYPI006750-PAchlorideintracellularchannelexc-4-like	1711
23192000	30408000	27890000	29673000	24726000	23117000	29215000	0	0	32936000				7	7	7	24	24	24	50.388	0	29.357	396500000	48	ACYPI006753-PA CCR4-NOT transcription complex subunit 2-like	ACYPI006753-PACCR4-NOTtranscriptioncomplexsubunit2-like	ACYPI006753-PACCR4-NOTtranscriptioncomplexsubunit2-like	1712
19202000	0	0	0	24565000	0	0	0	0	0				4	4	4	16.4	16.4	16.4	48.683	0	16.044	106990000	13	ACYPI006758-PA hypothetical protein LOC100165836;ACYPI010122-PA hypothetical protein LOC100162187	ACYPI006758-PAhypotheticalproteinLOC100165836;ACYPI010122-PAhypotheticalproteinLOC100162187	ACYPI006758-PAhypotheticalproteinLOC100165836;ACYPI010122-PAhypotheticalproteinLOC100162187	1713
44232000	56621000	46450000	51555000	44556000	50197000	35390000	43455000	0	48436000				7	7	7	19	19	19	54.689	0	33.734	689610000	57	ACYPI006765-PA CDK5 regulatory subunit-associated protein 3-like transcript variant 2	ACYPI006765-PACDK5regulatorysubunit-associatedprotein3-liketranscriptvariant2	ACYPI006765-PACDK5regulatorysubunit-associatedprotein3-liketranscriptvariant2	1715
353870000	273140000	272040000	327490000	348070000	215830000	248860000	244510000	244810000	273080000				18	18	18	53.7	53.7	53.7	43.68	0	144.26	4502800000	127	ACYPI006777-PA protein arginine N-methyltransferase	ACYPI006777-PAproteinarginineN-methyltransferase	ACYPI006777-PAproteinarginineN-methyltransferase	1716
0	0	0	0	0	0	13962000	16948000	19467000	0				7	7	7	13.2	13.2	13.2	110.95	0	51.52	223390000	33	ACYPI006783-PA hypothetical protein LOC100165864	ACYPI006783-PAhypotheticalproteinLOC100165864	ACYPI006783-PAhypotheticalproteinLOC100165864	1717
62696000	47078000	48469000	33192000	44259000	64994000	56075000	55133000	65598000	47480000				7	7	7	24.5	24.5	24.5	39.781	0	22.18	814640000	40	ACYPI006784-PA Ref_XM_001945985 PREDICTED_ similar to CG8129 CG8129-PB	ACYPI006784-PARef_XM_001945985PREDICTED_similartoCG8129CG8129-PB	ACYPI006784-PARef_XM_001945985PREDICTED_similartoCG8129CG8129-PB	1718
130190000	147180000	151650000	163950000	191060000	70584000	166250000	134340000	184020000	109230000				8	8	8	24.6	24.6	24.6	45.088	0	61.808	2174500000	87	ACYPI006789-PA pentatricopeptide repeat-containing protein 2-like	ACYPI006789-PApentatricopeptiderepeat-containingprotein2-like	ACYPI006789-PApentatricopeptiderepeat-containingprotein2-like	1720
107730000	85071000	105380000	110430000	95204000	114140000	115360000	117990000	156760000	82001000				9	9	8	37.2	37.2	34.8	32.344	0	92.127	1707500000	64	ACYPI006813-PA Multisynthetase complex auxiliary component p43	ACYPI006813-PAMultisynthetasecomplexauxiliarycomponentp43	ACYPI006813-PAMultisynthetasecomplexauxiliarycomponentp43	1727
53035000	72813000	273890000	257660000	219120000	357580000	151780000	244940000	382530000	270380000				3	3	3	19.1	19.1	19.1	19.099	0	154.59	3806900000	60	ACYPI006815-PA hypothetical protein LOC100165901	ACYPI006815-PAhypotheticalproteinLOC100165901	ACYPI006815-PAhypotheticalproteinLOC100165901	1728
866260000	889900000	945760000	925840000	902620000	1166500000	912830000	1064400000	1045100000	1073700000				28	28	28	83.3	83.3	83.3	47.047	0	323.31	15583000000	397	ACYPI006821-PA 26S protease regulatory subunit 6B	ACYPI006821-PA26Sproteaseregulatorysubunit6B	ACYPI006821-PA26Sproteaseregulatorysubunit6B	1730
926360000	1052000000	1011500000	985710000	1000200000	966290000	931640000	1225200000	1075400000	971700000				25	25	25	40.3	40.3	40.3	80.835	0	323.31	15313000000	343	ACYPI006827-PA far upstream binding protein	ACYPI006827-PAfarupstreambindingprotein	ACYPI006827-PAfarupstreambindingprotein	1731
0	56797000	82447000	54611000	0	0	75121000	132480000	66679000	171640000				6	6	6	9.2	9.2	9.2	91.695	0	46.596	867180000	35	ACYPI006835-PA uncharacterized protein	ACYPI006835-PAuncharacterizedprotein	ACYPI006835-PAuncharacterizedprotein	1733
50277000	59691000	65899000	63312000	63927000	0	62968000	0	39877000	70363000				3	3	3	21.7	21.7	21.7	20.549	0	25.173	829390000	42	ACYPI006838-PA protein canopy-1-like	ACYPI006838-PAproteincanopy-1-like	ACYPI006838-PAproteincanopy-1-like	1735
27757000	0	0	18478000	29597000	0	0	0	0	0				3	3	3	14.7	14.7	14.7	38.436	0	22.709	154070000	15	ACYPI006842-PA 28S ribosomal protein S35	ACYPI006842-PA28SribosomalproteinS35	ACYPI006842-PA28SribosomalproteinS35	1737
458400000	446380000	521450000	580420000	454050000	545650000	542570000	504950000	496930000	479360000				11	11	11	27.8	27.8	27.8	59.737	0	211.53	7661300000	133	ACYPI006844-PA ubiquilin-1-like transcript variant 2	ACYPI006844-PAubiquilin-1-liketranscriptvariant2	ACYPI006844-PAubiquilin-1-liketranscriptvariant2	1738
83938000	93021000	78345000	83666000	82871000	95813000	79094000	79437000	84357000	89753000				23	22	22	7.4	4.8	4.8	812.02	0	188.96	1303000000	97	ACYPI006850-PA uncharacterized protein	ACYPI006850-PAuncharacterizedprotein	ACYPI006850-PAuncharacterizedprotein	1739
0	0	21019000	20762000	21603000	23639000	20621000	0	0	0				4	4	4	13.8	13.8	13.8	36.261	0	14.502	246330000	25	ACYPI006853-PA COP9 signalosome complex subunit 6;ACYPI082060-PA COP9 signalosome complex subunit 6	ACYPI006853-PACOP9signalosomecomplexsubunit6;ACYPI082060-PACOP9signalosomecomplexsubunit6	ACYPI006853-PACOP9signalosomecomplexsubunit6;ACYPI082060-PACOP9signalosomecomplexsubunit6	1740
460360000	502140000	338200000	329180000	381310000	674610000	695360000	394630000	839670000	737050000				9	9	9	39.4	39.4	39.4	21.34	0	73.235	8746900000	160	ACYPI006857-PA 60S ribosomal protein L18	ACYPI006857-PA60SribosomalproteinL18	ACYPI006857-PA60SribosomalproteinL18	1741
48731000	43893000	32233000	36886000	36639000	0	31100000	0	0	0				10	10	10	24.7	24.7	24.7	78.167	0	31.46	403230000	39	ACYPI006871-PA CG2118	ACYPI006871-PACG2118	ACYPI006871-PACG2118	1743
797780000	1181000000	1067200000	953590000	882540000	1318000000	1356900000	1469000000	1555200000	1336600000				13	13	13	61.9	61.9	61.9	28.116	0	175.19	17791000000	271	ACYPI006873-PA PDZ and LIM domain protein 2	ACYPI006873-PAPDZandLIMdomainprotein2	ACYPI006873-PAPDZandLIMdomainprotein2	1744
582400000	704020000	393380000	360110000	578460000	741340000	908190000	491170000	837530000	971150000				19	19	19	55.9	55.9	55.9	23.742	0	252.03	10153000000	234	ACYPI006875-PA 60S ribosomal protein L15	ACYPI006875-PA60SribosomalproteinL15	ACYPI006875-PA60SribosomalproteinL15	1745
738280000	668060000	642690000	648780000	815480000	567010000	470180000	556000000	485030000	568380000				42	42	42	48.5	48.5	48.5	123.57	0	323.31	10252000000	401	ACYPI006879-PA importin-5-like transcript variant 1	ACYPI006879-PAimportin-5-liketranscriptvariant1	ACYPI006879-PAimportin-5-liketranscriptvariant1	1747
175580000	151290000	132180000	156030000	189510000	114590000	110070000	115300000	123800000	166660000				20	20	20	19.7	19.7	19.7	128.7	0	94.841	2269600000	171	ACYPI006888-PA DNA damage-binding protein 1	ACYPI006888-PADNAdamage-bindingprotein1	ACYPI006888-PADNAdamage-bindingprotein1	1748
0	77168000	66404000	67845000	84448000	64526000	91622000	81675000	96652000	77354000				6	6	6	39.8	39.8	39.8	12.886	0	67.031	1093000000	46	ACYPI006902-PA Splicing factor	ACYPI006902-PASplicingfactor	ACYPI006902-PASplicingfactor	1751
608420000	627060000	595050000	673210000	605480000	277330000	269980000	373030000	268210000	211170000				12	12	12	61.3	61.3	61.3	24.924	0	132.27	6976900000	120	ACYPI006909-PA Ref_XM_001951103 PREDICTED_ similar to AGAP002534-PA	ACYPI006909-PARef_XM_001951103PREDICTED_similartoAGAP002534-PA	ACYPI006909-PARef_XM_001951103PREDICTED_similartoAGAP002534-PA	1753
194000000	191930000	184210000	178820000	240730000	243470000	189970000	221570000	184750000	194060000				23	23	23	55.3	55.3	55.3	67.307	0	323.31	3367600000	173	ACYPI006910-PA signal recognition particle 68 kDa protein-like transcript variant 2;ACYPI066771-PA signal recognition particle 68 kDa protein-like	ACYPI006910-PAsignalrecognitionparticle68kDaprotein-liketranscriptvariant2;ACYPI066771-PAsignalrecognitionparticle68kDaprotein-like;ACYPI089266-PAsignalrecognitionparticlekdaprotein	ACYPI006910-PAsignalrecognitionparticle68kDaprotein-liketranscriptvariant2;ACYPI066771-PAsignalrecognitionparticle68kDaprotein-like	1754
155680000	170660000	178760000	189160000	159180000	156800000	162650000	155730000	175830000	159650000				9	9	9	37.3	37.3	37.3	27.324	0	136.98	2464300000	67	ACYPI006929-PA Phytochrome A-associated F-box protein	ACYPI006929-PAPhytochromeA-associatedF-boxprotein	ACYPI006929-PAPhytochromeA-associatedF-boxprotein	1756
225760000	220600000	210830000	193010000	191020000	200000000	224130000	194720000	186670000	170030000				19	19	19	35.1	35.1	35.1	77.848	0	215.1	3160800000	126	ACYPI006932-PA putative glycogen [starch] synthase-like	ACYPI006932-PAputativeglycogen[starch]synthase-like	ACYPI006932-PAputativeglycogen[starch]synthase-like	1757
164290000	185150000	150570000	182840000	193250000	169590000	136920000	126050000	151910000	127620000				15	15	15	29.1	29.1	29.1	49.392	0	66.726	2416500000	117	ACYPI006933-PA uncharacterized protein	ACYPI006933-PAuncharacterizedprotein	ACYPI006933-PAuncharacterizedprotein	1758
80760000	79024000	97164000	91138000	90597000	82275000	92574000	69258000	111510000	102460000				9	9	9	41.6	41.6	41.6	21.965	0	77.293	1370100000	77	ACYPI006936-PA small nuclear ribonucleoprotein-associated protein B-like	ACYPI006936-PAsmallnuclearribonucleoprotein-associatedproteinB-like;ACYPI005279-PAsmallnuclearribonucleoprotein-associatedproteinB'-like	ACYPI006936-PAsmallnuclearribonucleoprotein-associatedproteinB-like	1759
35632000	0	40579000	40919000	39869000	58179000	50432000	41160000	66823000	48167000				8	8	8	33.6	33.6	33.6	24.343	0	21.92	709380000	35	ACYPI006948-PA ras-related protein Rab-11A-like transcript variant 1	ACYPI006948-PAras-relatedproteinRab-11A-liketranscriptvariant1	ACYPI006948-PAras-relatedproteinRab-11A-liketranscriptvariant1	1760
807030000	1155500000	777790000	1066000000	743190000	937420000	923180000	1833100000	1402700000	1197900000				10	6	6	38.7	25.7	25.7	34.761	0	46.867	16479000000	120	ACYPI006955-PA cuticular protein CPG12	ACYPI006955-PAcuticularproteinCPG12	ACYPI006955-PAcuticularproteinCPG12	1761
102210000	86204000	100240000	123510000	127630000	112660000	119710000	88080000	134960000	146420000				5	5	5	51.5	51.5	51.5	10.868	0	109.24	1636300000	69	ACYPI006967-PA Ref_XM_001949374 PREDICTED_ hypothetical protein LOC100166063	ACYPI006967-PARef_XM_001949374PREDICTED_hypotheticalproteinLOC100166063	ACYPI006967-PARef_XM_001949374PREDICTED_hypotheticalproteinLOC100166063	1763
0	0	0	0	58570000	89299000	0	0	0	0				30	8	8	63.2	23.9	23.9	48.022	0	60.399	779550000	37	ACYPI006969-PA Beta-actin-like protein 2	ACYPI006969-PABeta-actin-likeprotein2	ACYPI006969-PABeta-actin-likeprotein2	1764
335020000	306560000	281000000	326530000	345720000	219880000	358330000	294180000	382770000	439030000				12	12	12	41.3	41.3	41.3	38.181	0	201.29	5013000000	142	ACYPI006974-PA Cathepsin L	ACYPI006974-PACathepsinL	ACYPI006974-PACathepsinL	1765
389750000	323700000	283400000	396230000	438800000	218750000	263600000	260720000	166190000	376810000				17	17	2	67.9	67.9	6.3	30.195	0	120.12	5027600000	177	ACYPI006981-PA proteasome subunit alpha type-4-like	ACYPI006981-PAproteasomesubunitalphatype-4-like	ACYPI006981-PAproteasomesubunitalphatype-4-like	1766
1716600000	1827200000	1924600000	2198800000	1894100000	2571200000	1605000000	1582700000	1668800000	1143200000				24	24	24	75.9	75.9	75.9	33.232	0	323.31	29527000000	287	ACYPI006984-PA spermidine synthase	ACYPI006984-PAspermidinesynthase;ACYPI005973-PAspermidinesynthase	ACYPI006984-PAspermidinesynthase	1767
0	0	0	0	25724000	0	0	0	0	24721000				4	4	4	14.9	14.9	14.9	63.25	0	35.337	298850000	25	ACYPI006990-PA venom carboxylesterase-6-like	ACYPI006990-PAvenomcarboxylesterase-6-like	ACYPI006990-PAvenomcarboxylesterase-6-like	1768
0	47538000	0	54736000	0	0	0	0	0	0				4	4	4	14.6	14.6	14.6	42.807	0	8.4089	430460000	22	ACYPI006998-PA Regulator of microtubule dynamics protein 2	ACYPI006998-PARegulatorofmicrotubuledynamicsprotein2	ACYPI006998-PARegulatorofmicrotubuledynamicsprotein2	1771
261830000	325260000	314350000	262370000	311600000	353760000	363770000	388400000	435600000	351490000				9	9	9	80.4	80.4	80.4	18.218	0	152.21	5144800000	107	ACYPI007002-PA Ref_XM_001949302 PREDICTED_ similar to dodo	ACYPI007002-PARef_XM_001949302PREDICTED_similartododo	ACYPI007002-PARef_XM_001949302PREDICTED_similartododo	1773
727300000	545810000	469640000	490180000	571980000	371970000	577670000	615340000	510770000	413290000				6	6	6	20.9	20.9	20.9	17.349	0	90.908	7301700000	86	ACYPI007006-PA Ref_XM_001946054 PREDICTED_ similar to cytochrome c oxidase subunit Va	ACYPI007006-PARef_XM_001946054PREDICTED_similartocytochromecoxidasesubunitVa	ACYPI007006-PARef_XM_001946054PREDICTED_similartocytochromecoxidasesubunitVa	1774
187350000	152220000	148780000	152210000	202040000	112110000	133980000	117790000	111590000	105270000				13	13	3	31.8	31.8	15.4	44.69	0	230.51	2228200000	94	ACYPI007012-PA Cysteine synthase	ACYPI007012-PACysteinesynthase	ACYPI007012-PACysteinesynthase	1776
310930000	137300000	144100000	113950000	113220000	238140000	169140000	263840000	286370000	198830000				10	10	10	24.5	24.5	24.5	38.049	0	165.02	2792100000	93	ACYPI007023-PA hypothetical protein LOC100166124	ACYPI007023-PAhypotheticalproteinLOC100166124	ACYPI007023-PAhypotheticalproteinLOC100166124	1780
14023000000	12335000000	13116000000	14290000000	12433000000	14388000000	12581000000	12971000000	10262000000	10991000000				35	35	35	72.3	72.3	72.3	39.871	0	323.31	202940000000	721	ACYPI007027-PA fructose-bisphosphate aldolase-like transcript variant 2	ACYPI007027-PAfructose-bisphosphatealdolase-liketranscriptvariant2	ACYPI007027-PAfructose-bisphosphatealdolase-liketranscriptvariant2	1781
30172000	28621000	24231000	26584000	29665000	21935000	0	17689000	0	19877000				7	7	7	6.5	6.5	6.5	164.99	0	33.154	360750000	43	ACYPI007028-PA uncharacterized protein	ACYPI007028-PAuncharacterizedprotein	ACYPI007028-PAuncharacterizedprotein	1782
0	119010000	0	124160000	0	0	0	124440000	0	0				5	5	5	33	33	33	24.814	0	91.626	877190000	24	ACYPI007065-PA uncharacterized protein	ACYPI007065-PAuncharacterizedprotein	ACYPI007065-PAuncharacterizedprotein	1785
28717000	37884000	34560000	36296000	22229000	45146000	35640000	47801000	40973000	43369000				5	5	5	11.8	11.8	11.8	63.244	0	35.599	580800000	63	ACYPI007079-PA Prolyl 4-hydroxylase alpha-related protein PH4[alpha]EFB	ACYPI007079-PAProlyl4-hydroxylasealpha-relatedproteinPH4[alpha]EFB	ACYPI007079-PAProlyl4-hydroxylasealpha-relatedproteinPH4[alpha]EFB	1789
338580000	357990000	245920000	316920000	332500000	386020000	438580000	293420000	520220000	511500000				22	22	22	41.6	41.6	41.6	76.252	0	168.91	5925600000	198	ACYPI007083-PA Fasciclin-1	ACYPI007083-PAFasciclin-1	ACYPI007083-PAFasciclin-1	1790
0	20381000	0	0	0	0	0	17616000	25957000	28668000				8	8	8	19	19	19	87.188	0	44.392	234770000	26	ACYPI007086-PA armadillo segment polarity protein-like	ACYPI007086-PAarmadillosegmentpolarityprotein-like	ACYPI007086-PAarmadillosegmentpolarityprotein-like	1791
21293000	0	0	0	37697000	0	0	0	0	0				4	4	4	8	8	8	66.733	0	12.532	197500000	13	ACYPI007089-PA hypothetical protein LOC100166196	ACYPI007089-PAhypotheticalproteinLOC100166196	ACYPI007089-PAhypotheticalproteinLOC100166196	1792
47553000	46067000	59358000	46058000	49694000	0	51383000	54932000	0	50368000				12	12	12	30.7	30.7	30.7	49.121	0	29.406	716390000	52	ACYPI007100-PA sorting nexin-6-like	ACYPI007100-PAsortingnexin-6-like	ACYPI007100-PAsortingnexin-6-like	1794
51891000	61370000	54798000	72527000	61380000	66050000	126030000	75938000	84824000	84194000				9	9	9	41.6	41.6	41.6	34.294	0	65.846	1119000000	86	ACYPI007104-PA tricarboxylate transport protein	ACYPI007104-PAtricarboxylatetransportprotein	ACYPI007104-PAtricarboxylatetransportprotein	1795
466030000	528950000	541470000	563440000	533210000	451530000	419150000	432730000	376960000	509220000				15	15	15	53.6	53.6	53.6	28.098	0	286.29	8565000000	153	ACYPI007113-PA Proteasome subunit alpha type-7	ACYPI007113-PAProteasomesubunitalphatype-7	ACYPI007113-PAProteasomesubunitalphatype-7	1797
494690000	426080000	513400000	440540000	450050000	457280000	418790000	486310000	460080000	395160000				19	19	19	41.9	41.9	41.9	54.577	0	323.31	6976600000	208	ACYPI007124-PA CNDP dipeptidase	ACYPI007124-PACNDPdipeptidase	ACYPI007124-PACNDPdipeptidase	1798
49877000	0	67938000	52841000	74825000	58172000	62811000	80733000	46490000	64701000				12	12	12	33.2	33.2	33.2	44.779	0	69.925	904150000	56	ACYPI007128-PA Actin-related protein 2	ACYPI007128-PAActin-relatedprotein2	ACYPI007128-PAActin-relatedprotein2	1799
54671000	0	0	40037000	77068000	32181000	0	0	47787000	33885000				7	5	5	34.1	29.3	29.3	35.76	0	56.646	534250000	26	ACYPI007135-PA Serine/threonine-protein phosphatase 4 catalytic subunit;ACYPI000564-PA Serine/threonine-protein phosphatase 4 catalytic subunit	ACYPI007135-PASerine/threonine-proteinphosphatase4catalyticsubunit;ACYPI000564-PASerine/threonine-proteinphosphatase4catalyticsubunit	ACYPI007135-PASerine/threonine-proteinphosphatase4catalyticsubunit;ACYPI000564-PASerine/threonine-proteinphosphatase4catalyticsubunit	1803
227340000	244710000	285840000	273910000	252010000	267920000	258340000	244110000	309240000	291510000				26	26	26	52.6	52.6	52.6	68.728	0	304.9	4326900000	200	ACYPI007139-PA Ref_XM_001945358 PREDICTED_ similar to abc transporter	ACYPI007139-PARef_XM_001945358PREDICTED_similartoabctransporter;ACYPI088438-PARef_XM_001945194PREDICTED_similartoATP-bindingcassettesub-familyEmember1	ACYPI007139-PARef_XM_001945358PREDICTED_similartoabctransporter	1805
0	30142000	19412000	17313000	21558000	23946000	26154000	25255000	29738000	18511000				10	10	10	15.4	15.4	15.4	100.56	0	32.636	353790000	43	ACYPI007150-PA protein argonaute-2-like transcript variant 3	ACYPI007150-PAproteinargonaute-2-liketranscriptvariant3;ACYPI004511-PAEukaryotictranslationinitiationfactor2C	ACYPI007150-PAproteinargonaute-2-liketranscriptvariant3	1807
129250000	94444000	66035000	81434000	114990000	79763000	62515000	56294000	75842000	86134000				4	4	4	41.8	41.8	41.8	13.449	0	32.583	1191600000	44	ACYPI007152-PA uncharacterized protein	ACYPI007152-PAuncharacterizedprotein	ACYPI007152-PAuncharacterizedprotein	1808
114340000	112700000	119590000	115750000	119830000	122170000	93733000	117090000	98399000	97246000				16	16	16	26.6	26.6	26.6	86.061	0	211.71	1779900000	102	ACYPI007156-PA translation initiation factor if-2	ACYPI007156-PAtranslationinitiationfactorif-2	ACYPI007156-PAtranslationinitiationfactorif-2	1809
78310000	82222000	79263000	75243000	88730000	76421000	86353000	72838000	66377000	82431000				13	13	13	21.1	21.1	21.1	87.493	0	80.535	1277900000	108	ACYPI007160-PA Ribonucleoside-diphosphate reductase large subunit;ACYPI083192-PA Ribonucleoside-diphosphate reductase large subunit	ACYPI007160-PARibonucleoside-diphosphatereductaselargesubunit;ACYPI083192-PARibonucleoside-diphosphatereductaselargesubunit;ACYPI064174-PARibonucleoside-diphosphatereductaselargesubunit	ACYPI007160-PARibonucleoside-diphosphatereductaselargesubunit;ACYPI083192-PARibonucleoside-diphosphatereductaselargesubunit	1811
10035000000	10382000000	10433000000	9679000000	9481400000	9705400000	10147000000	11089000000	9697800000	10694000000				60	60	57	65.4	65.4	63.7	72.923	0	323.31	155630000000	1083	ACYPI007166-PA 78 kDa glucose-regulated protein	ACYPI007166-PA78kDaglucose-regulatedprotein	ACYPI007166-PA78kDaglucose-regulatedprotein	1813
312870000	616110000	526940000	400420000	599810000	902470000	1029200000	736000000	1032400000	824080000				4	4	4	25.2	25.2	25.2	16.752	0	16.385	10417000000	74	ACYPI007179-PA 60S ribosomal protein L27a	ACYPI007179-PA60SribosomalproteinL27a	ACYPI007179-PA60SribosomalproteinL27a	1816
124290000	94653000	94707000	84363000	103170000	107970000	112320000	118120000	144250000	124050000				15	15	15	38	38	38	46.602	0	92.751	1788300000	71	ACYPI007184-PA NADH-ubiquinone oxidoreductase 39 kDa subunit	ACYPI007184-PANADH-ubiquinoneoxidoreductase39kDasubunit	ACYPI007184-PANADH-ubiquinoneoxidoreductase39kDasubunit	1817
0	25474000	0	27482000	25912000	0	24983000	0	24651000	20784000				6	6	6	18.8	18.8	18.8	46.756	0	13.971	268080000	25	ACYPI007190-PA Pyruvate dehydrogenase [lipoamide] kinase-like	ACYPI007190-PAPyruvatedehydrogenase[lipoamide]kinase-like	ACYPI007190-PAPyruvatedehydrogenase[lipoamide]kinase-like	1819
81166000	0	0	32426000	55337000	0	0	0	0	28125000				5	5	5	9.6	9.6	9.6	67.116	0	14.89	356580000	25	ACYPI007196-PA hypothetical protein LOC100166313 transcript variant 2	ACYPI007196-PAhypotheticalproteinLOC100166313transcriptvariant2	ACYPI007196-PAhypotheticalproteinLOC100166313transcriptvariant2	1821
37955000	0	0	25452000	0	0	24370000	60882000	0	30441000				9	9	9	10.4	10.4	10.4	161.98	0	27.671	333420000	37	ACYPI007197-PA Ref_XM_001949592 PREDICTED_ similar to chitin deacetylase 5	ACYPI007197-PARef_XM_001949592PREDICTED_similartochitindeacetylase5	ACYPI007197-PARef_XM_001949592PREDICTED_similartochitindeacetylase5	1822
115610000	105920000	93245000	100850000	0	92084000	95105000	108520000	97639000	75591000				8	8	5	70.3	70.3	39.4	19.178	0	144.05	1492100000	48	ACYPI007226-PA RNA-binding protein 8A	ACYPI007226-PARNA-bindingprotein8A	ACYPI007226-PARNA-bindingprotein8A	1826
0	12732000	0	0	16067000	0	0	0	0	0				2	2	2	22	22	22	16.452	0.00074543	3.7631	85259000	13	ACYPI007228-PA neuroglobin	ACYPI007228-PAneuroglobin	ACYPI007228-PAneuroglobin	1827
1016200000	918600000	1007900000	1045300000	1114200000	950390000	1121700000	896020000	1103600000	921550000				7	7	7	47.6	47.6	47.6	9.4511	0	54.196	15731000000	102	ACYPI007238-PA Ref_XM_001951658 PREDICTED_ similar to putative ribosomal protein S27	ACYPI007238-PARef_XM_001951658PREDICTED_similartoputativeribosomalproteinS27	ACYPI007238-PARef_XM_001951658PREDICTED_similartoputativeribosomalproteinS27	1829
115220000	102900000	91756000	130780000	133880000	185590000	118090000	117840000	193970000	193910000				18	18	15	37.3	37.3	32.1	71.391	0	129.05	2448100000	116	ACYPI007247-PA Fimbrin	ACYPI007247-PAFimbrin	ACYPI007247-PAFimbrin	1830
160920000	143470000	152270000	152730000	167760000	153600000	150730000	173580000	170080000	159850000				11	11	11	66.4	66.4	66.4	24.883	0	209.1	2391400000	98	ACYPI007250-PA charged multivesicular body protein 4b-like	ACYPI007250-PAchargedmultivesicularbodyprotein4b-like	ACYPI007250-PAchargedmultivesicularbodyprotein4b-like	1831
659230000	450290000	466970000	643760000	551190000	339980000	337760000	341530000	354790000	301840000				8	8	8	45	45	45	17.252	0	102.01	6648500000	80	ACYPI007254-PA ribonuclease UK114-like	ACYPI007254-PAribonucleaseUK114-like	ACYPI007254-PAribonucleaseUK114-like	1832
1010800000	960320000	1011700000	1025900000	958910000	588150000	808810000	980300000	760040000	780570000				24	24	24	58.6	58.6	58.6	55.424	0	323.31	13970000000	299	ACYPI007258-PA aspartate ammonia lyase	ACYPI007258-PAaspartateammonialyase	ACYPI007258-PAaspartateammonialyase	1833
32403000	0	36915000	33373000	41057000	0	0	0	0	23518000				6	6	5	31.2	31.2	25.9	34.791	0	25.595	317870000	27	ACYPI007265-PA Retinol dehydrogenase 12	ACYPI007265-PARetinoldehydrogenase12	ACYPI007265-PARetinoldehydrogenase12	1834
151490000	136400000	142160000	115400000	115610000	136940000	123540000	119430000	139310000	122710000				28	28	28	68.3	68.3	68.3	62.133	0	134.12	2095600000	151	ACYPI007266-PA EH domain-containing protein 1-like	ACYPI007266-PAEHdomain-containingprotein1-like	ACYPI007266-PAEHdomain-containingprotein1-like	1835
0	0	0	0	21224000	25483000	21757000	0	0	0				3	3	3	29.5	29.5	29.5	19.827	0	14.949	194630000	23	ACYPI007268-PA methionine sulfoxide reductase B3 transcript variant 1	ACYPI007268-PAmethioninesulfoxidereductaseB3transcriptvariant1	ACYPI007268-PAmethioninesulfoxidereductaseB3transcriptvariant1	1836
45104000	48619000	0	51718000	59955000	48359000	0	0	0	44208000				11	11	11	16.2	16.2	16.2	96.1	0	91.515	586830000	36	ACYPI007272-PA Brain tumor protein	ACYPI007272-PABraintumorprotein	ACYPI007272-PABraintumorprotein	1838
255720000	269210000	253220000	266130000	321730000	147290000	263690000	319560000	224570000	253030000				16	16	16	50	50	50	45.316	0	127.73	3899200000	145	ACYPI007283-PA NADH dehydrogenase [ubiquinone] 1 alpha subcomplex subunit 10	ACYPI007283-PANADHdehydrogenase[ubiquinone]1alphasubcomplexsubunit10	ACYPI007283-PANADHdehydrogenase[ubiquinone]1alphasubcomplexsubunit10	1839
0	0	0	0	0	0	0	23710000	32458000	27968000				6	6	6	24.6	24.6	24.6	34.956	0	33.273	263070000	28	ACYPI007288-PA will die slowly	ACYPI007288-PAwilldieslowly;ACYPI003743-PAWDrepeat-containingprotein5-like;ACYPI003977-PAwilldieslowly	ACYPI007288-PAwilldieslowly	1840
0	24296000	0	26852000	28810000	0	0	0	0	22333000				6	6	6	11.4	11.4	11.4	83.888	0	17.375	222610000	22	ACYPI007296-PA Oligopeptidase A	ACYPI007296-PAOligopeptidaseA	ACYPI007296-PAOligopeptidaseA	1842
499520000	557900000	604250000	530590000	515410000	596640000	539670000	599970000	632030000	563240000				54	53	53	28	27.5	27.5	267.55	0	323.31	9102400000	479	ACYPI007298-PA fatty acid synthase-like	ACYPI007298-PAfattyacidsynthase-like	ACYPI007298-PAfattyacidsynthase-like	1843
85710000	85456000	0	84644000	71844000	89076000	166410000	104870000	156850000	137970000				17	17	17	26.9	26.9	26.9	111.59	0	120.73	1546000000	103	ACYPI007307-PA Potassium-transporting ATPase alpha chain 2	ACYPI007307-PAPotassium-transportingATPasealphachain2	ACYPI007307-PAPotassium-transportingATPasealphachain2	1846
4285900000	2671700000	3427600000	3203600000	3094200000	3378300000	3316200000	2955900000	3620900000	3908100000				5	5	5	76.6	76.6	76.6	11.74	0	125.49	50018000000	131	ACYPI007308-PA 60S acidic ribosomal protein P1;ACYPI083116-PA 60S acidic ribosomal protein P1;ACYPI002961-PA 60S acidic ribosomal protein P1	ACYPI007308-PA60SacidicribosomalproteinP1;ACYPI083116-PA60SacidicribosomalproteinP1;ACYPI002961-PA60SacidicribosomalproteinP1	ACYPI007308-PA60SacidicribosomalproteinP1;ACYPI083116-PA60SacidicribosomalproteinP1;ACYPI002961-PA60SacidicribosomalproteinP1	1847
0	0	0	0	14057000	0	0	0	14944000	0				2	2	2	2.3	2.3	2.3	126.93	0	5.8368	176410000	19	ACYPI007312-PA nuclear pore complex protein Nup133-like transcript variant 2	ACYPI007312-PAnuclearporecomplexproteinNup133-liketranscriptvariant2	ACYPI007312-PAnuclearporecomplexproteinNup133-liketranscriptvariant2	1848
1337800000	1584100000	1968800000	1614500000	2228600000	1283000000	1520400000	1383400000	1611700000	1693600000				27	16	16	56.1	44.9	44.9	60.446	0	323.31	25868000000	276	ACYPI007327-PA tubulin beta-1 chain	ACYPI007327-PAtubulinbeta-1chain;CON__ENSEMBL:ENSBTAP00000025008	ACYPI007327-PAtubulinbeta-1chain	1849
1009400000	1230700000	1067900000	1141800000	1179800000	1322100000	1068500000	1157800000	1171600000	1034400000				17	17	16	60	60	60	35.062	0	323.31	17367000000	260	ACYPI007342-PA Annexin A7	ACYPI007342-PAAnnexinA7	ACYPI007342-PAAnnexinA7	1853
85805000	91608000	78507000	69824000	81695000	95223000	65600000	60195000	109550000	124490000				16	16	16	26.6	26.6	26.6	107.21	0	92.636	1379300000	110	ACYPI007351-PA zinc finger RNA-binding protein 2-like	ACYPI007351-PAzincfingerRNA-bindingprotein2-like	ACYPI007351-PAzincfingerRNA-bindingprotein2-like	1855
297080000	287940000	307970000	309070000	295060000	238400000	271560000	209400000	269230000	303630000				19	19	19	52.5	52.5	52.5	50.736	0	273.58	4965200000	175	ACYPI007352-PA putative ATP-dependent RNA helicase me31b-like transcript variant 1	ACYPI007352-PAputativeATP-dependentRNAhelicaseme31b-liketranscriptvariant1	ACYPI007352-PAputativeATP-dependentRNAhelicaseme31b-liketranscriptvariant1	1856
0	0	0	0	0	0	0	0	64626000	54194000				2	2	2	14.9	14.9	14.9	19.814	0	5.0884	312360000	12	ACYPI007365-PA CG9350	ACYPI007365-PACG9350	ACYPI007365-PACG9350	1857
103730000	62014000	98283000	61000000	99224000	82767000	73987000	78865000	66095000	80996000				8	5	5	70.3	39.4	39.4	19.118	0	117.24	1196500000	55	ACYPI007376-PA RNA-binding protein 8A	ACYPI007376-PARNA-bindingprotein8A	ACYPI007376-PARNA-bindingprotein8A	1860
483230000	542630000	475710000	447280000	534740000	270370000	476370000	597450000	424040000	365240000				13	13	13	52.2	52.2	52.2	27.204	0	138.47	6810500000	140	ACYPI007381-PA Electron transfer flavoprotein subunit beta	ACYPI007381-PAElectrontransferflavoproteinsubunitbeta	ACYPI007381-PAElectrontransferflavoproteinsubunitbeta	1862
55771000	59082000	47878000	61855000	59955000	61666000	60863000	72766000	60393000	58716000				3	3	3	20.4	20.4	20.4	21.233	0	18.101	767770000	28	ACYPI007396-PA LDLR chaperone boca-like	ACYPI007396-PALDLRchaperoneboca-like	ACYPI007396-PALDLRchaperoneboca-like	1866
593810000	653200000	573520000	574180000	728740000	340340000	658670000	724710000	587900000	625140000				24	24	24	47.3	47.3	47.3	72.751	0	323.31	9132200000	209	ACYPI007401-PA Succinate dehydrogenase [ubiquinone] flavoprotein subunit	ACYPI007401-PASuccinatedehydrogenase[ubiquinone]flavoproteinsubunit	ACYPI007401-PASuccinatedehydrogenase[ubiquinone]flavoproteinsubunit	1867
200480000	200960000	188060000	197970000	175770000	251310000	216560000	177410000	253370000	203500000				29	29	29	31.5	31.5	31.5	138.17	0	161.97	3224100000	188	ACYPI007409-PA coatomer subunit alpha protein alpha-cop	ACYPI007409-PAcoatomersubunitalphaproteinalpha-cop	ACYPI007409-PAcoatomersubunitalphaproteinalpha-cop	1869
509560000	378880000	398980000	380750000	421090000	474960000	375150000	443470000	314000000	247300000				19	19	19	43.2	43.2	43.2	51.16	0	323.31	6317400000	229	ACYPI007414-PA yellow-b	ACYPI007414-PAyellow-b	ACYPI007414-PAyellow-b	1871
138550000	123570000	103250000	120320000	119640000	114030000	114330000	113120000	116830000	125450000				8	8	8	52.9	52.9	52.9	15.777	0	30.969	1819000000	71	ACYPI007432-PA prefoldin subunit	ACYPI007432-PAprefoldinsubunit	ACYPI007432-PAprefoldinsubunit	1872
65460000	54303000	25834000	0	0	134560000	31732000	0	0	0				14	14	14	31.5	31.5	31.5	70.094	0	63.469	454770000	44	ACYPI007433-PA lupus la protein sjogren syndrome type b antigen la/ss-b	ACYPI007433-PAlupuslaproteinsjogrensyndrometypebantigenla/ss-b	ACYPI007433-PAlupuslaproteinsjogrensyndrometypebantigenla/ss-b	1873
2199200000	2704100000	3063600000	2473400000	2612600000	3715800000	3670600000	4021300000	5443600000	3563000000				8	8	8	54.8	54.8	54.8	13.844	0	181.95	49171000000	221	ACYPI088388-PA Histone H2B type 1-N;ACYPI081095-PA Histone H2B type 1-N;ACYPI007440-PA histone H2B.3-like;ACYPI086010-PA Histone H2B type 1-N;ACYPI086730-PA Histone H2B type 1-N;ACYPI005082-PA Histone H2B type 1-N;ACYPI009700-PA Histone H2B type 1-D	ACYPI088388-PAHistoneH2Btype1-N;ACYPI081095-PAHistoneH2Btype1-N;ACYPI007440-PAhistoneH2B.3-like;ACYPI086010-PAHistoneH2Btype1-N;ACYPI086730-PAHistoneH2Btype1-N;ACYPI005082-PAHistoneH2Btype1-N;ACYPI009700-PAHistoneH2Btype1-D;ACYPI002182-PAHistoneH2Btype1-N	ACYPI088388-PAHistoneH2Btype1-N;ACYPI081095-PAHistoneH2Btype1-N;ACYPI007440-PAhistoneH2B.3-like;ACYPI086010-PAHistoneH2Btype1-N;ACYPI086730-PAHistoneH2Btype1-N;ACYPI005082-PAHistoneH2Btype1-N;ACYPI009700-PAHistoneH2Btype1-D	1876
34739000	34784000	46487000	45188000	39946000	45343000	41678000	40086000	38803000	42206000				4	4	4	13.6	13.6	13.6	50.864	0	51.738	646780000	48	ACYPI007442-PA Protein alan shepard	ACYPI007442-PAProteinalanshepard	ACYPI007442-PAProteinalanshepard	1878
175010000	205180000	162870000	146190000	167920000	267750000	303970000	211810000	285940000	244960000				15	15	9	19.9	19.9	14	96.604	0	124.07	3420000000	141	ACYPI007445-PA V-type proton ATPase 116 kDa subunit a	ACYPI007445-PAV-typeprotonATPase116kDasubunita	ACYPI007445-PAV-typeprotonATPase116kDasubunita	1879
10734000	0	0	12375000	0	11423000	0	15336000	18730000	18067000				2	2	2	10.7	10.7	10.7	23.941	0	6.0052	192820000	28	ACYPI007447-PA sjchgc05576 protein	ACYPI007447-PAsjchgc05576protein	ACYPI007447-PAsjchgc05576protein	1880
1142700000	1108100000	771090000	737770000	1012900000	1021600000	1255600000	879500000	1108300000	1217300000				16	16	16	60.7	60.7	60.7	25.383	0	323.31	16162000000	274	ACYPI007451-PA 60s ribosomal protein l10	ACYPI007451-PA60sribosomalproteinl10	ACYPI007451-PA60sribosomalproteinl10	1881
192840000	104220000	104570000	108830000	65089000	106480000	100390000	80106000	0	76210000				12	11	11	24.7	23.5	23.5	68.299	0	219.31	1532700000	62	ACYPI007467-PA Maltase 1	ACYPI007467-PAMaltase1	ACYPI007467-PAMaltase1	1883
1464100000	1486600000	1432400000	1434100000	1514200000	1775600000	1723500000	2048700000	2024700000	1348900000				10	10	10	89.5	89.5	89.5	15.84	0	323.31	24540000000	178	ACYPI007471-PA Superoxide dismutase [Cu-Zn]	ACYPI007471-PASuperoxidedismutase[Cu-Zn]	ACYPI007471-PASuperoxidedismutase[Cu-Zn]	1885
42873000	37190000	32621000	28723000	0	0	0	28189000	39059000	0				24	4	4	14.4	2.2	2.2	225.53	0	18.278	466690000	32	ACYPI007475-PA Ref_XM_001942548 PREDICTED_ similar to GA17497-PA	ACYPI007475-PARef_XM_001942548PREDICTED_similartoGA17497-PA	ACYPI007475-PARef_XM_001942548PREDICTED_similartoGA17497-PA	1888
0	32320000	25428000	34542000	0	44072000	68992000	78309000	0	43226000				2	2	2	21.1	21.1	21.1	11.946	0	114.86	462920000	26	ACYPI007494-PA hypothetical protein LOC100166638	ACYPI007494-PAhypotheticalproteinLOC100166638	ACYPI007494-PAhypotheticalproteinLOC100166638	1890
2822300000	2532300000	2279100000	2431300000	1942800000	2011400000	2488000000	2703400000	2378000000	2933800000				16	16	16	64.2	64.2	64.2	17.375	0	323.31	37752000000	266	ACYPI007505-PA Troponin C	ACYPI007505-PATroponinC	ACYPI007505-PATroponinC	1891
0	35897000	0	0	0	43635000	69274000	43976000	61645000	55320000				3	3	3	51.3	51.3	51.3	12.829	0	63.716	553330000	30	ACYPI007508-PA Ref_XM_001951804 PREDICTED_ similar to AGAP005507-PB	ACYPI007508-PARef_XM_001951804PREDICTED_similartoAGAP005507-PB	ACYPI007508-PARef_XM_001951804PREDICTED_similartoAGAP005507-PB	1892
295680000	261740000	279760000	320050000	316820000	376850000	276190000	360970000	301130000	365810000				7	7	7	40.6	40.6	40.6	25.554	0	101.05	4824300000	106	ACYPI007511-PA Ref_XM_001946677 PREDICTED_ similar to putative ferritin 2	ACYPI007511-PARef_XM_001946677PREDICTED_similartoputativeferritin2	ACYPI007511-PARef_XM_001946677PREDICTED_similartoputativeferritin2	1893
408750000	348120000	306630000	339840000	312080000	394250000	322450000	278600000	396610000	343650000				61	61	61	38.2	38.2	38.2	244.69	0	323.31	5536000000	369	ACYPI007519-PA activating signal cointegrator 1 complex subunit	ACYPI007519-PAactivatingsignalcointegrator1complexsubunit	ACYPI007519-PAactivatingsignalcointegrator1complexsubunit	1894
249720000	228020000	301000000	310950000	290770000	234860000	210490000	216190000	216470000	268840000				8	8	8	47.3	47.3	47.3	23.133	0	163.21	4380900000	113	ACYPI007526-PA proteasome subunit beta type-3-like;ACYPI002587-PA proteasome beta 3 subunit-like	ACYPI007526-PAproteasomesubunitbetatype-3-like;ACYPI002587-PAproteasomebeta3subunit-like	ACYPI007526-PAproteasomesubunitbetatype-3-like;ACYPI002587-PAproteasomebeta3subunit-like	1898
92211000	109880000	88105000	110570000	119680000	99150000	84330000	83485000	90590000	104890000				9	9	9	51.6	51.6	51.6	20.347	0	29.067	1525100000	77	ACYPI007529-PA Malignant T cell-amplified sequence 1	ACYPI007529-PAMalignantTcell-amplifiedsequence1	ACYPI007529-PAMalignantTcell-amplifiedsequence1	1899
1637900000	2158600000	2464300000	2324000000	2505700000	2225800000	2514100000	2250300000	2452200000	2158300000				8	8	8	10.3	10.3	10.3	86.686	0	153.4	34186000000	196	ACYPI007532-PA proteophosphoglycan ppg1	ACYPI007532-PAproteophosphoglycanppg1	ACYPI007532-PAproteophosphoglycanppg1	1901
52675000	55888000	40858000	45008000	51703000	0	0	0	51458000	62875000				5	5	5	15.7	15.7	15.7	59.829	0	46.029	566840000	29	ACYPI007533-PA uncharacterized protein	ACYPI007533-PAuncharacterizedprotein	ACYPI007533-PAuncharacterizedprotein	1902
97463000	0	156640000	135900000	128920000	202720000	92330000	0	201130000	145110000				4	4	4	55	55	55	10.863	0	25.541	2000800000	56	ACYPI007535-PA death-associated protein	ACYPI007535-PAdeath-associatedprotein	ACYPI007535-PAdeath-associatedprotein	1903
27401000	0	24214000	23265000	24411000	0	0	0	22066000	30245000				7	7	7	18.9	18.9	18.9	67.481	0	21.594	289660000	34	ACYPI007545-PA cdc42-interacting protein 4-like	ACYPI007545-PAcdc42-interactingprotein4-like	ACYPI007545-PAcdc42-interactingprotein4-like	1904
0	28594000	26790000	0	28044000	26430000	36011000	29015000	46641000	36564000				3	3	3	17.7	17.7	17.7	28.203	0	7.0026	370760000	31	ACYPI007558-PA Protein takeout	ACYPI007558-PAProteintakeout	ACYPI007558-PAProteintakeout	1909
0	0	0	0	0	24569000	34098000	0	0	31366000				5	5	5	19.3	19.3	19.3	36.435	0	16.293	234300000	27	ACYPI007566-PA Ribosome biogenesis protein BRX1 homolog	ACYPI007566-PARibosomebiogenesisproteinBRX1homolog	ACYPI007566-PARibosomebiogenesisproteinBRX1homolog	1912
40876000	0	0	32945000	37186000	0	0	0	0	0				4	4	4	8.3	8.3	8.3	99.389	0	66.451	490110000	22	ACYPI007586-PA uncharacterized protein	ACYPI007586-PAuncharacterizedprotein	ACYPI007586-PAuncharacterizedprotein	1915
0	0	125870000	0	0	0	0	159640000	0	0				11	1	1	23.1	3.4	3.4	51.074	0	110.22	1551500000	19	ACYPI007590-PA Lam	ACYPI007590-PALam	ACYPI007590-PALam	1916
899090000	1057800000	652220000	675090000	870810000	1234500000	1596600000	855090000	1393400000	1418100000				24	24	24	58.4	58.4	58.4	31.336	0	323.31	16926000000	266	ACYPI007603-PA 60s ribosomal protein l7a	ACYPI007603-PA60sribosomalproteinl7a	ACYPI007603-PA60sribosomalproteinl7a	1917
240880000	172090000	185210000	208180000	206530000	120580000	108760000	140590000	134060000	148580000				3	3	3	35.9	35.9	35.9	22.096	0	29.488	2877400000	44	ACYPI007611-PA Ref_XM_001952153 PREDICTED_ similar to putative signal sequence receptor beta subunit	ACYPI007611-PARef_XM_001952153PREDICTED_similartoputativesignalsequencereceptorbetasubunit	ACYPI007611-PARef_XM_001952153PREDICTED_similartoputativesignalsequencereceptorbetasubunit	1918
238510000	171830000	199360000	176920000	198870000	195310000	166400000	227780000	179540000	153040000				9	9	9	53.3	53.3	53.3	22.435	0	69.064	2840300000	123	ACYPI007620-PA Ref_XM_001947864 PREDICTED_ similar to ubiquitin-conjugating enzyme E2-25kD	ACYPI007620-PARef_XM_001947864PREDICTED_similartoubiquitin-conjugatingenzymeE2-25kD	ACYPI007620-PARef_XM_001947864PREDICTED_similartoubiquitin-conjugatingenzymeE2-25kD	1920
76681000	84430000	60594000	54427000	64322000	81027000	99696000	93873000	106980000	83224000				11	11	11	19.4	19.4	19.4	88.146	0	96.679	1243300000	80	ACYPI007627-PA calpain-A-like transcript variant 1	ACYPI007627-PAcalpain-A-liketranscriptvariant1	ACYPI007627-PAcalpain-A-liketranscriptvariant1	1923
344850000	493550000	287100000	275550000	353090000	644270000	736030000	384310000	786710000	678030000				17	17	17	27.2	27.2	27.2	46.112	0	133.1	7919600000	157	ACYPI007628-PA 60S ribosomal protein L23a 1	ACYPI007628-PA60SribosomalproteinL23a1	ACYPI007628-PA60SribosomalproteinL23a1	1924
75784000	93180000	74985000	69314000	80170000	100430000	112950000	91576000	132100000	129850000				12	12	12	40.3	40.3	40.3	40.259	0	58.917	1531000000	145	ACYPI007630-PA Casein kinase I	ACYPI007630-PACaseinkinaseI	ACYPI007630-PACaseinkinaseI	1925
152670000	162310000	144860000	157980000	169090000	149870000	184160000	139430000	201360000	174000000				23	23	22	41	41	39.7	79.367	0	175.35	2690000000	182	ACYPI007635-PA dynamin-1-like protein-like	ACYPI007635-PAdynamin-1-likeprotein-like;ACYPI010125-PADynamin-1-likeprotein;ACYPI007252-PAapis_ncbi_hmm3367;ACYPI005508-PAdynamin-1-likeprotein-like;ACYPI009835-PAdrp1;ACYPI002209-PAdynamin-1-likeprotein-like	ACYPI007635-PAdynamin-1-likeprotein-like	1926
0	34236000	0	20815000	23331000	57569000	43895000	32039000	60772000	52769000				7	7	7	10.7	10.7	10.7	99.086	0	28.433	528720000	54	ACYPI007641-PA nnp-1 protein novel nuclear protein 1 nop52	ACYPI007641-PAnnp-1proteinnovelnuclearprotein1nop52	ACYPI007641-PAnnp-1proteinnovelnuclearprotein1nop52	1928
975310000	1004700000	1002000000	1032100000	1178200000	991300000	846590000	881560000	983250000	1060800000				22	22	22	45.5	45.5	45.5	45.449	0	323.31	15365000000	333	ACYPI007642-PA Proliferation-associated protein 2G4;ACYPI082722-PA Proliferation-associated protein 2G4	ACYPI007642-PAProliferation-associatedprotein2G4;ACYPI082722-PAProliferation-associatedprotein2G4	ACYPI007642-PAProliferation-associatedprotein2G4;ACYPI082722-PAProliferation-associatedprotein2G4	1929
0	0	0	0	0	0	64182000	81098000	51163000	48310000				7	7	7	31.6	31.6	31.6	31.062	0	81.333	464410000	25	ACYPI007651-PA Protein disulfide-isomerase	ACYPI007651-PAProteindisulfide-isomerase	ACYPI007651-PAProteindisulfide-isomerase	1931
0	0	0	15668000	0	0	20387000	0	0	0				4	4	4	6.5	6.5	6.5	94.722	0	11.297	93473000	11	ACYPI007653-PA disks large homolog 1-like transcript variant 1	ACYPI007653-PAdiskslargehomolog1-liketranscriptvariant1	ACYPI007653-PAdiskslargehomolog1-liketranscriptvariant1	1932
23005000	28462000	0	23463000	0	39641000	0	0	32870000	34871000				6	6	6	12.6	12.6	12.6	76.674	0	39.95	452260000	42	ACYPI007666-PA RE02452p	ACYPI007666-PARE02452p	ACYPI007666-PARE02452p	1933
132370000	128830000	135140000	134400000	115250000	161070000	121550000	132290000	145980000	141610000				18	18	17	35.6	35.6	34.4	81.539	0	71.673	2104100000	118	ACYPI007670-PA pre-mrna splicing factor atp-dependent rna helicase prp16	ACYPI007670-PApre-mrnasplicingfactoratp-dependentrnahelicaseprp16	ACYPI007670-PApre-mrnasplicingfactoratp-dependentrnahelicaseprp16	1934
4258400000	4885700000	3716100000	3050300000	3592400000	4161700000	6992600000	5007000000	7760800000	6148300000				14	14	1	35.4	35.4	11.6	29.03	0	129.79	72799000000	195	ACYPI007671-PA Histone H3.1;ACYPI088071-PA Histone H3.3;ACYPI086028-PA Histone H3.3;ACYPI082725-PA Histone H3.3;ACYPI086109-PA Histone H3.3;ACYPI082116-PA Histone H3.1;ACYPI086174-PA histone H3-like	ACYPI007671-PAHistoneH3.1;ACYPI088071-PAHistoneH3.3;ACYPI086028-PAHistoneH3.3;ACYPI082725-PAHistoneH3.3;ACYPI086109-PAHistoneH3.3;ACYPI082116-PAHistoneH3.1;ACYPI086174-PAhistoneH3-like	ACYPI007671-PAHistoneH3.1;ACYPI088071-PAHistoneH3.3;ACYPI086028-PAHistoneH3.3;ACYPI082725-PAHistoneH3.3;ACYPI086109-PAHistoneH3.3;ACYPI082116-PAHistoneH3.1;ACYPI086174-PAhistoneH3-like	1935
539460000	533050000	559200000	556430000	463080000	540050000	498320000	555100000	485630000	537970000				28	28	28	58	58	58	63.513	0	323.31	8429400000	348	ACYPI007672-PA eukaryotic peptide chain release factor GTP-binding subunit ERF3A-like	ACYPI007672-PAeukaryoticpeptidechainreleasefactorGTP-bindingsubunitERF3A-like	ACYPI007672-PAeukaryoticpeptidechainreleasefactorGTP-bindingsubunitERF3A-like	1936
303050000	324780000	481810000	515850000	433330000	360580000	287540000	291990000	293250000	304820000				14	14	14	48.7	48.7	48.7	35.548	0	234.62	6459600000	117	ACYPI007679-PA 26S proteasome non-ATPase regulatory subunit 7	ACYPI007679-PA26Sproteasomenon-ATPaseregulatorysubunit7	ACYPI007679-PA26Sproteasomenon-ATPaseregulatorysubunit7	1937
0	41164000	32347000	37675000	0	46648000	0	0	42741000	51212000				4	4	4	21.7	21.7	21.7	39.052	0	26.273	501210000	31	ACYPI007683-PA vesicular mannose-binding lectin	ACYPI007683-PAvesicularmannose-bindinglectin	ACYPI007683-PAvesicularmannose-bindinglectin	1938
101930000	100770000	72109000	107290000	96221000	56693000	104860000	107730000	113220000	106190000				28	28	28	17	17	17	326.37	0	142.58	1417100000	130	ACYPI007692-PA ubiquitin protein ligase E3 component n-recognin 5	ACYPI007692-PAubiquitinproteinligaseE3componentn-recognin5	ACYPI007692-PAubiquitinproteinligaseE3componentn-recognin5	1939
34875000	0	0	0	0	0	0	0	42293000	0				6	6	6	11.4	11.4	11.4	87.367	0	20.063	248410000	23	ACYPI007695-PA dead box atp-dependent rna helicase	ACYPI007695-PAdeadboxatp-dependentrnahelicase	ACYPI007695-PAdeadboxatp-dependentrnahelicase	1940
1140800000	1187300000	1169700000	1287700000	1303800000	1157900000	1097600000	1123000000	1216100000	1145700000				39	39	24	66.2	66.2	46.6	60.664	0	323.31	18635000000	384	ACYPI007706-PA T-complex protein 1 subunit gamma	ACYPI007706-PAT-complexprotein1subunitgamma	ACYPI007706-PAT-complexprotein1subunitgamma	1941
16035000	24860000	21180000	0	25246000	0	19764000	0	0	26493000				5	5	5	12.1	12.1	12.1	83.597	0	17.287	220770000	21	ACYPI007708-PA elongation factor g	ACYPI007708-PAelongationfactorg	ACYPI007708-PAelongationfactorg	1942
63798000	73064000	73809000	67576000	62363000	74194000	85916000	74522000	67947000	84232000				10	10	10	46.6	46.6	46.6	38.518	0	60.941	1156900000	83	ACYPI007710-PA uridine phosphorylase 2-like transcript variant 2	ACYPI007710-PAuridinephosphorylase2-liketranscriptvariant2	ACYPI007710-PAuridinephosphorylase2-liketranscriptvariant2	1944
145580000	184090000	174560000	421430000	186890000	141060000	199210000	214560000	145510000	166160000				5	5	5	45.5	45.5	45.5	18.429	0	130.96	3234600000	45	ACYPI007714-PA histidine triad nucleotide-binding protein 1-like transcript variant 1	ACYPI007714-PAhistidinetriadnucleotide-bindingprotein1-liketranscriptvariant1	ACYPI007714-PAhistidinetriadnucleotide-bindingprotein1-liketranscriptvariant1	1945
75113000	46355000	37461000	40953000	54335000	31029000	42867000	51378000	51241000	34671000				9	9	9	39.4	39.4	39.4	38.63	0	51.774	740500000	79	ACYPI007716-PA Serine/threonine kinase	ACYPI007716-PASerine/threoninekinase	ACYPI007716-PASerine/threoninekinase	1946
77778000	85974000	90642000	86786000	69097000	105960000	84319000	74385000	101780000	82618000				12	12	12	27.1	27.1	27.1	67.358	0	58.321	1297900000	95	ACYPI007730-PA cytosolic purine 5-nucleotidase-like transcript variant 2	ACYPI007730-PAcytosolicpurine5'-nucleotidase-liketranscriptvariant2	ACYPI007730-PAcytosolicpurine5'-nucleotidase-liketranscriptvariant2	1949
23928000	23825000	19491000	20553000	19789000	33587000	38253000	26753000	31636000	37097000				6	6	6	46.2	46.2	46.2	20.883	0	54.353	485120000	55	ACYPI007731-PA GTPase KRas	ACYPI007731-PAGTPaseKRas	ACYPI007731-PAGTPaseKRas	1950
32783000	39793000	45780000	0	44865000	0	30348000	0	0	32397000				23	8	8	43.9	21.1	21.1	61.061	0	38.785	428230000	35	ACYPI007744-PA t-complex protein 1 subunit gamma	ACYPI007744-PAt-complexprotein1subunitgamma	ACYPI007744-PAt-complexprotein1subunitgamma	1952
77766000	73866000	79066000	82303000	79071000	74030000	71319000	87968000	77722000	86422000				10	10	10	35.8	35.8	35.8	41.987	0	143.33	1240100000	71	ACYPI007750-PA actin-related protein complex subunit	ACYPI007750-PAactin-relatedproteincomplexsubunit	ACYPI007750-PAactin-relatedproteincomplexsubunit	1953
102700000	92413000	70003000	86929000	114610000	88256000	79943000	51536000	134420000	117760000				5	5	3	14.7	14.7	9.7	62.938	0	127.75	1508500000	64	ACYPI007757-PA esterase FE4-like	ACYPI007757-PAesteraseFE4-like	ACYPI007757-PAesteraseFE4-like	1955
0	0	143700000	0	0	115750000	93287000	0	213230000	59308000				9	2	1	72.2	40.7	23.6	42.762	0	58.262	1191300000	31	ACYPI086543-PA Polyubiquitin-C;ACYPI007765-PA polyubiquitin-A-like	ACYPI086543-PAPolyubiquitin-C;ACYPI007765-PApolyubiquitin-A-like	ACYPI086543-PAPolyubiquitin-C;ACYPI007765-PApolyubiquitin-A-like	1956
62665000	43827000	48922000	77528000	44590000	58302000	53966000	76614000	64996000	62382000				9	9	9	24.2	24.2	24.2	56.128	0	53.622	878640000	76	ACYPI007776-PA Host cell factor 1	ACYPI007776-PAHostcellfactor1	ACYPI007776-PAHostcellfactor1	1958
9608200000	10575000000	11828000000	11743000000	10268000000	13573000000	11742000000	12284000000	12435000000	9320500000				37	15	15	34.1	16.9	16.9	67.1	0	265.5	177510000000	319	ACYPI007782-PA hypothetical protein LOC100166950	ACYPI007782-PAhypotheticalproteinLOC100166950;ACYPI006212-PAhypotheticalproteinLOC100165253	ACYPI007782-PAhypotheticalproteinLOC100166950	1959
70137000	0	58886000	71038000	67922000	0	0	0	0	0				6	6	6	21.7	21.7	21.7	38.644	0	19.916	641390000	13	ACYPI007786-PA n-acetyl-D-glucosamine kinase-like transcript variant 1	ACYPI007786-PAn-acetyl-D-glucosaminekinase-liketranscriptvariant1	ACYPI007786-PAn-acetyl-D-glucosaminekinase-liketranscriptvariant1	1960
50879000	94530000	95912000	92294000	75160000	74818000	56180000	68728000	48783000	58063000				5	5	5	28.9	28.9	28.9	27.388	0	55.038	1020100000	58	ACYPI007791-PA 3-oxoacyl-[acyl-carrier-protein] reductase-like	ACYPI007791-PA3-oxoacyl-[acyl-carrier-protein]reductase-like	ACYPI007791-PA3-oxoacyl-[acyl-carrier-protein]reductase-like	1963
485990000	297980000	238190000	244960000	323210000	377570000	292230000	374810000	217270000	258030000				19	19	19	48.2	48.2	48.2	51.409	0	206.69	4643500000	183	ACYPI007803-PA Tryptophan 5-hydroxylase 2	ACYPI007803-PATryptophan5-hydroxylase2	ACYPI007803-PATryptophan5-hydroxylase2	1966
55261000	44366000	45388000	66393000	64841000	33266000	49458000	66695000	44247000	52722000				4	4	4	33.3	33.3	33.3	16.85	0	37.304	776360000	35	ACYPI007810-PA NADH-ubiquinone oxidoreductase subunit B17.2	ACYPI007810-PANADH-ubiquinoneoxidoreductasesubunitB17.2	ACYPI007810-PANADH-ubiquinoneoxidoreductasesubunitB17.2	1969
0	0	0	0	0	0	0	5085600	0	4619800				2	2	2	7.9	7.9	7.9	38.265	0.00074432	3.7496	48661000	20	ACYPI007814-PA protein phosphatases pp1 regulatory subunit-like	ACYPI007814-PAproteinphosphatasespp1regulatorysubunit-like	ACYPI007814-PAproteinphosphatasespp1regulatorysubunit-like	1971
166690000	128430000	167530000	179440000	160270000	171740000	147100000	192100000	194140000	131030000				9	9	9	68.9	68.9	68.9	16.778	0	48.589	2634500000	67	ACYPI007822-PA Prefoldin subunit 5	ACYPI007822-PAPrefoldinsubunit5	ACYPI007822-PAPrefoldinsubunit5	1972
0	0	23680000	22635000	23065000	0	0	21909000	0	20231000				2	2	2	16	16	16	23.683	0	7.6839	219640000	24	ACYPI007833-PA hypothetical protein LOC100167008	ACYPI007833-PAhypotheticalproteinLOC100167008	ACYPI007833-PAhypotheticalproteinLOC100167008	1975
50711000	45321000	37732000	44881000	58068000	45111000	59200000	41858000	68090000	52565000				16	16	16	28.1	28.1	28.1	104.07	0	63.679	735010000	77	ACYPI007834-PA hypothetical protein LOC100167009	ACYPI007834-PAhypotheticalproteinLOC100167009	ACYPI007834-PAhypotheticalproteinLOC100167009	1976
58970000	71945000	76886000	60502000	65751000	52727000	61287000	66511000	69482000	57968000				10	10	10	16.8	16.8	16.8	104.43	0	71.558	972810000	78	ACYPI007842-PA NHL repeat-containing protein 2-like	ACYPI007842-PANHLrepeat-containingprotein2-like	ACYPI007842-PANHLrepeat-containingprotein2-like	1977
582170000	572440000	570860000	500190000	579600000	559810000	494540000	626160000	702990000	601410000				21	21	18	32.4	32.4	30.8	76.215	0	319.19	9082100000	247	ACYPI007844-PA Zinc finger protein on ecdysone puffs	ACYPI007844-PAZincfingerproteinonecdysonepuffs	ACYPI007844-PAZincfingerproteinonecdysonepuffs	1978
538610000	412630000	445800000	409990000	472690000	418720000	398420000	387770000	395800000	405950000				30	30	30	39.3	39.3	39.3	100.78	0	297.02	7170400000	289	ACYPI007845-PA pug	ACYPI007845-PApug	ACYPI007845-PApug	1979
402680000	418990000	440270000	459710000	569390000	393770000	460380000	393660000	426380000	462010000				12	12	12	64.4	64.4	64.4	20.472	0	175.19	6818600000	138	ACYPI007848-PA NADH dehydrogenase [ubiquinone] 1 alpha subcomplex subunit 8-like	ACYPI007848-PANADHdehydrogenase[ubiquinone]1alphasubcomplexsubunit8-like	ACYPI007848-PANADHdehydrogenase[ubiquinone]1alphasubcomplexsubunit8-like	1980
64827000	93284000	55979000	61061000	0	85158000	71278000	119930000	0	77408000				8	8	8	20.6	20.6	20.6	63.422	0	72.976	1052800000	49	ACYPI007858-PA hypothetical protein LOC100167034	ACYPI007858-PAhypotheticalproteinLOC100167034	ACYPI007858-PAhypotheticalproteinLOC100167034	1981
1250500000	829220000	564660000	823330000	1594600000	727630000	871240000	937690000	949280000	772840000				13	13	13	43.6	43.6	43.6	33.856	0	214.75	14294000000	244	ACYPI007860-PA cuticular protein analogous to peritrophins 3-C	ACYPI007860-PAcuticularproteinanalogoustoperitrophins3-C	ACYPI007860-PAcuticularproteinanalogoustoperitrophins3-C	1982
4367300000	4258500000	5063000000	4789900000	5345300000	6274700000	4251100000	5446800000	5383000000	4025900000				29	29	29	73.5	73.5	73.5	44.555	0	323.31	76439000000	521	ACYPI007869-PA Phosphoglycerate kinase 1	ACYPI007869-PAPhosphoglyceratekinase1	ACYPI007869-PAPhosphoglyceratekinase1	1983
79854000	90900000	124640000	112920000	67520000	105480000	64200000	0	79429000	110550000				10	10	10	23.4	23.4	23.4	61.735	0	58.535	1415500000	66	ACYPI007886-PA Rubredoxin-NAD reductase	ACYPI007886-PARubredoxin-NADreductase	ACYPI007886-PARubredoxin-NADreductase	1986
1500200000	2561600000	1130800000	495200000	0	1379000000	1241600000	2120700000	205150000	991540000				6	5	4	30.1	23.3	23.3	18.581	0	65.552	16866000000	85	ACYPI56614-PA Cuticle protein;ACYPI086044-PA Cuticle protein;ACYPI007888-PA cuticular protein 7	ACYPI56614-PACuticleprotein;ACYPI086044-PACuticleprotein;ACYPI007888-PAcuticularprotein7	ACYPI56614-PACuticleprotein;ACYPI086044-PACuticleprotein;ACYPI007888-PAcuticularprotein7	1987
382120000	348480000	318810000	313980000	332420000	275280000	337050000	290560000	404070000	414630000				46	46	46	35.9	35.9	35.9	173.38	0	323.31	5026900000	271	ACYPI007897-PA DNA topoisomerase 2-like transcript variant 2	ACYPI007897-PADNAtopoisomerase2-liketranscriptvariant2;ACYPI065069-PADNAtopoisomerase2-like	ACYPI007897-PADNAtopoisomerase2-liketranscriptvariant2	1989
145740000	249030000	71660000	206740000	88856000	147780000	90784000	63642000	0	101290000				9	9	9	29.1	29.1	29.1	43.323	0	83.583	1850900000	67	ACYPI007905-PA Lipid storage droplets surface-binding protein 1	ACYPI007905-PALipidstoragedropletssurface-bindingprotein1;ACYPI071610-PAuncharacterizedprotein	ACYPI007905-PALipidstoragedropletssurface-bindingprotein1	1993
260050000	224800000	142660000	239980000	282720000	158580000	211250000	228300000	202280000	205930000				11	11	11	54.3	54.3	54.3	27.446	0	89.066	3585300000	79	ACYPI007911-PA Chitin binding peritrophin-A	ACYPI007911-PAChitinbindingperitrophin-A	ACYPI007911-PAChitinbindingperitrophin-A	1994
44337000	28412000	33660000	36355000	37856000	0	30889000	33133000	32753000	0				10	10	10	27.3	27.3	27.3	66.44	0	76.952	393910000	31	ACYPI007925-PA beta-catenin-like protein 1-like	ACYPI007925-PAbeta-catenin-likeprotein1-like	ACYPI007925-PAbeta-catenin-likeprotein1-like	1997
363180000	352940000	341350000	350140000	353360000	417970000	443870000	471540000	514350000	357130000				32	32	32	45.8	45.8	45.8	105.54	0	323.31	6120800000	280	ACYPI007926-PA vinculin-like	ACYPI007926-PAvinculin-like	ACYPI007926-PAvinculin-like	1998
0	0	47050000	0	0	0	0	0	61916000	0				3	3	3	56	56	56	9.9604	0	24.13	559930000	18	ACYPI007932-PA u6 snRNA-associated Sm-like protein LSm5-like	ACYPI007932-PAu6snRNA-associatedSm-likeproteinLSm5-like	ACYPI007932-PAu6snRNA-associatedSm-likeproteinLSm5-like	2000
785180000	725000000	754870000	650210000	763330000	760960000	719340000	821720000	1036200000	845050000				18	18	18	29.8	29.8	29.8	47.061	0	106.79	11792000000	287	ACYPI007949-PA hypothetical protein LOC100167132	ACYPI007949-PAhypotheticalproteinLOC100167132	ACYPI007949-PAhypotheticalproteinLOC100167132	2002
75262000	94912000	103630000	90097000	96248000	97552000	107840000	115980000	109160000	91889000				8	8	8	26	26	26	42.571	0	39.621	1569300000	52	ACYPI007952-PA tropomodulin-like transcript variant 1	ACYPI007952-PAtropomodulin-liketranscriptvariant1	ACYPI007952-PAtropomodulin-liketranscriptvariant1	2003
95033000	100430000	102220000	96740000	103280000	95781000	79735000	89460000	90733000	88750000				7	7	7	13.3	13.3	13.3	74.89	0	36.156	1219400000	42	ACYPI007967-PA hypothetical protein LOC100167151	ACYPI007967-PAhypotheticalproteinLOC100167151	ACYPI007967-PAhypotheticalproteinLOC100167151	2006
291260000	396360000	201270000	214210000	296650000	416230000	586540000	396720000	505950000	426470000				9	9	9	30.8	30.8	30.8	14.012	0	201.18	5291500000	106	ACYPI007971-PA 60S ribosomal protein L36	ACYPI007971-PA60SribosomalproteinL36	ACYPI007971-PA60SribosomalproteinL36	2007
228050000	236020000	277320000	258860000	257420000	283520000	232750000	294530000	252200000	280830000				25	25	25	44.5	44.5	44.5	86.803	0	323.31	4100300000	191	ACYPI007972-PA transport protein sec23	ACYPI007972-PAtransportproteinsec23	ACYPI007972-PAtransportproteinsec23	2008
14639000	11770000	0	0	0	0	14046000	0	0	14150000				6	6	6	16.7	16.7	16.7	63.553	0	16.431	160570000	23	ACYPI007979-PA Scavenger receptor class B member	ACYPI007979-PAScavengerreceptorclassBmember	ACYPI007979-PAScavengerreceptorclassBmember	2010
154520000	144820000	141480000	129710000	159470000	132380000	112700000	169620000	148590000	163280000				22	22	22	28.3	28.3	28.3	109.01	0	87.858	2227900000	89	ACYPI007981-PA uncharacterized protein;ACYPI068525-PA SWI/SNF complex subunit SMARCC2	ACYPI007981-PAuncharacterizedprotein;ACYPI068525-PASWI/SNFcomplexsubunitSMARCC2	ACYPI007981-PAuncharacterizedprotein;ACYPI068525-PASWI/SNFcomplexsubunitSMARCC2	2011
20698000	25006000	0	20651000	27113000	0	0	0	0	0				9	9	9	27.8	27.8	27.8	48.719	0	30.828	331650000	23	ACYPI007988-PA cysteine desulfurase mitochondrial-like	ACYPI007988-PAcysteinedesulfurasemitochondrial-like	ACYPI007988-PAcysteinedesulfurasemitochondrial-like	2013
557930000	660690000	638600000	479240000	612340000	401570000	647350000	807000000	732740000	597490000				21	21	21	69.5	69.5	69.5	41.543	0	250.2	9342400000	273	ACYPI007994-PA 3-ketoacyl-coa thiolase	ACYPI007994-PA3-ketoacyl-coathiolase	ACYPI007994-PA3-ketoacyl-coathiolase	2014
36330000	35840000	42623000	40159000	37867000	51257000	28786000	39093000	0	32692000				8	8	8	19.4	19.4	19.4	70.134	0	49.005	600410000	41	ACYPI008000-PA histone-arginine methyltransferase carm1	ACYPI008000-PAhistone-argininemethyltransferasecarm1	ACYPI008000-PAhistone-argininemethyltransferasecarm1	2017
62822000	147170000	150740000	139700000	144150000	83502000	152050000	136430000	98590000	112350000				5	5	5	51.7	51.7	51.7	20.365	0	26.769	2061800000	58	ACYPI008001-PA Ref_XM_001949506 PREDICTED_ similar to endopeptidase inhibitor-like	ACYPI008001-PARef_XM_001949506PREDICTED_similartoendopeptidaseinhibitor-like	ACYPI008001-PARef_XM_001949506PREDICTED_similartoendopeptidaseinhibitor-like	2018
401880000	253970000	232540000	294400000	309730000	261260000	233600000	259720000	212120000	234800000				11	11	11	61.1	61.1	61.1	31.417	0	323.31	4341800000	112	ACYPI008005-PA thioredoxin-like protein 1-like	ACYPI008005-PAthioredoxin-likeprotein1-like	ACYPI008005-PAthioredoxin-likeprotein1-like	2020
234290000	165280000	188370000	133660000	149240000	230270000	174630000	188470000	221370000	174300000				11	11	11	41.9	41.9	41.9	30.806	0	131.33	2891900000	98	ACYPI008015-PA Purine-rich binding protein-alpha	ACYPI008015-PAPurine-richbindingprotein-alpha	ACYPI008015-PAPurine-richbindingprotein-alpha	2021
0	48898000	58236000	49580000	43587000	64227000	58543000	82255000	83989000	80673000				8	8	8	19.7	19.7	19.7	81.501	0	39.091	908870000	65	ACYPI008028-PA SWI/SNF-related matrix-associated actin-dependent regulator chromatin subfamily E member 1	ACYPI008028-PASWI/SNF-relatedmatrix-associatedactin-dependentregulatorchromatinsubfamilyEmember1	ACYPI008028-PASWI/SNF-relatedmatrix-associatedactin-dependentregulatorchromatinsubfamilyEmember1	2023
0	21861000	30513000	0	0	0	0	0	0	36106000				3	3	3	43.9	43.9	43.9	11.811	0	16.534	268030000	22	ACYPI008033-PA u6 snrna-associated sm-like protein lsm7	ACYPI008033-PAu6snrna-associatedsm-likeproteinlsm7	ACYPI008033-PAu6snrna-associatedsm-likeproteinlsm7	2025
69049000	51867000	53491000	0	0	44216000	66293000	45725000	52824000	0				3	3	3	14.8	14.8	14.8	26.754	0	28.542	527600000	27	ACYPI008034-PA Adaptin ear-binding coat-associated protein 1	ACYPI008034-PAAdaptinear-bindingcoat-associatedprotein1	ACYPI008034-PAAdaptinear-bindingcoat-associatedprotein1	2026
11554000	12081000	12044000	16676000	12972000	0	0	0	13778000	17230000				8	8	8	10.9	10.9	10.9	143.36	0	37.528	176880000	40	ACYPI008037-PA Structural maintenance of chromosomes protein 1A	ACYPI008037-PAStructuralmaintenanceofchromosomesprotein1A	ACYPI008037-PAStructuralmaintenanceofchromosomesprotein1A	2027
19764000	33305000	28731000	22568000	48098000	37439000	38183000	25778000	35624000	48732000				5	5	5	29.9	29.9	29.9	23.747	0	47.773	609250000	53	ACYPI008048-PA Transmembrane emp24 domain-containing protein bai	ACYPI008048-PATransmembraneemp24domain-containingproteinbai	ACYPI008048-PATransmembraneemp24domain-containingproteinbai	2029
1245300000	1756000000	1189500000	1222400000	1540800000	1366200000	2362800000	1609600000	1918500000	2239400000				21	21	19	56.8	56.8	54.1	33.499	0	218.72	26510000000	322	ACYPI008050-PA ADP/ATP translocase 4	ACYPI008050-PAADP/ATPtranslocase4	ACYPI008050-PAADP/ATPtranslocase4	2030
255820000	277510000	279550000	287250000	280090000	269260000	276920000	275500000	314630000	301590000				20	20	20	30.5	30.5	30.5	105.63	0	272.93	4535900000	183	ACYPI008056-PA Coatomer subunit beta	ACYPI008056-PACoatomersubunitbeta'	ACYPI008056-PACoatomersubunitbeta'	2031
56278000	60860000	50560000	53364000	49992000	71319000	72329000	53436000	66326000	77428000				7	7	7	18.6	18.6	18.6	58.498	0	40.156	1050700000	58	ACYPI008061-PA fatty acyl-CoA reductase CG8306	ACYPI008061-PAfattyacyl-CoAreductaseCG8306	ACYPI008061-PAfattyacyl-CoAreductaseCG8306	2034
30995000000	29689000000	33342000000	36544000000	32610000000	38939000000	27998000000	28363000000	29794000000	24589000000				128	128	97	53.7	53.7	43.2	258.94	0	323.31	515820000000	2624	ACYPI008065-PA fatty acid synthase	ACYPI008065-PAfattyacidsynthase	ACYPI008065-PAfattyacidsynthase	2037
3129700000	2119800000	2123000000	2074600000	2279900000	1651400000	1761400000	1605700000	1476900000	1547800000				16	16	16	55.5	55.5	55.5	19.925	0	140.96	30045000000	206	ACYPI008080-PA Ref_XM_001944619 PREDICTED_ similar to putative translationally controlled tumor protein	ACYPI008080-PARef_XM_001944619PREDICTED_similartoputativetranslationallycontrolledtumorprotein	ACYPI008080-PARef_XM_001944619PREDICTED_similartoputativetranslationallycontrolledtumorprotein	2039
148770000	169200000	176160000	165200000	175570000	96712000	198000000	230730000	200240000	141920000				12	12	12	20.6	20.6	20.6	63.574	0	75.208	2557000000	95	ACYPI008087-PA Dihydrolipoyllysine-residue acetyltransferase component of pyruvate dehydrogenase complex	ACYPI008087-PADihydrolipoyllysine-residueacetyltransferasecomponentofpyruvatedehydrogenasecomplex	ACYPI008087-PADihydrolipoyllysine-residueacetyltransferasecomponentofpyruvatedehydrogenasecomplex	2040
431390000	493110000	506300000	478690000	486490000	414950000	461850000	458610000	441400000	437230000				22	22	22	35.9	35.9	35.9	76.845	0	210.72	7176300000	254	ACYPI008088-PA eukaryotic initiation factor protein	ACYPI008088-PAeukaryoticinitiationfactorprotein	ACYPI008088-PAeukaryoticinitiationfactorprotein	2041
211990000	102160000	110250000	110420000	113440000	120200000	104140000	124540000	116040000	102210000				10	10	10	76.1	76.1	76.1	15.237	0	140.59	1820500000	104	ACYPI008105-PA Ref_XM_001950440 PREDICTED_ similar to GA12022-PA	ACYPI008105-PARef_XM_001950440PREDICTED_similartoGA12022-PA	ACYPI008105-PARef_XM_001950440PREDICTED_similartoGA12022-PA	2044
156850000	159460000	187730000	180300000	192310000	150040000	188450000	151100000	191480000	175720000				9	9	9	21.8	21.8	21.8	61.183	0	242.75	2729100000	101	ACYPI008112-PA CG6972	ACYPI008112-PACG6972;ACYPI066480-PAuncharacterizedprotein	ACYPI008112-PACG6972	2046
80776000	153120000	141790000	144090000	88272000	125310000	165420000	232670000	168460000	307260000				6	6	6	17.2	17.2	17.2	65.569	0	95.266	2234700000	99	ACYPI008113-PA pupal cuticle protein	ACYPI008113-PApupalcuticleprotein	ACYPI008113-PApupalcuticleprotein	2047
157900000	83250000	79629000	102040000	133540000	68027000	0	0	0	97975000				4	4	4	59.5	59.5	59.5	8.8572	0	24.942	1339700000	39	ACYPI008114-PA Small nuclear ribonucleoprotein G	ACYPI008114-PASmallnuclearribonucleoproteinG	ACYPI008114-PASmallnuclearribonucleoproteinG	2048
44525000	51149000	52154000	48217000	52289000	51662000	54670000	0	47867000	50590000				2	2	2	12.4	12.4	12.4	33.764	0	42.462	831860000	42	ACYPI008115-PA pyridoxal kinase	ACYPI008115-PApyridoxalkinase	ACYPI008115-PApyridoxalkinase	2049
51439000	0	0	38994000	47294000	33934000	0	0	44053000	26643000				18	18	18	12.4	12.4	12.4	278.98	0	100.51	464210000	50	ACYPI008142-PA Ankyrin repeat domain-containing protein 17	ACYPI008142-PAAnkyrinrepeatdomain-containingprotein17	ACYPI008142-PAAnkyrinrepeatdomain-containingprotein17	2055
0	0	0	35819000	33975000	0	0	0	0	0				2	2	2	12.4	12.4	12.4	18.209	0	5.6465	368250000	17	ACYPI008144-PA Mitochondrial ribosomal protein S23	ACYPI008144-PAMitochondrialribosomalproteinS23	ACYPI008144-PAMitochondrialribosomalproteinS23	2056
17513000	37413000	173810000	30197000	12831000	17319000	60723000	54786000	52721000	211640000				10	10	10	34.9	34.9	34.9	52.071	0	58.064	867660000	62	ACYPI008154-PA GA21065	ACYPI008154-PAGA21065	ACYPI008154-PAGA21065	2059
857870000	1123600000	999580000	873170000	776180000	1299200000	1041600000	1128600000	1228000000	1066000000				28	28	28	55.3	55.3	55.3	44.383	0	323.31	15711000000	344	ACYPI008158-PA Gelsolin	ACYPI008158-PAGelsolin	ACYPI008158-PAGelsolin	2061
497420000	583450000	428040000	513130000	551560000	559870000	527040000	669180000	437440000	527740000				8	8	8	45.5	45.5	45.5	17.707	0	117.77	8394300000	98	ACYPI008164-PA uncharacterized protein	ACYPI008164-PAuncharacterizedprotein	ACYPI008164-PAuncharacterizedprotein	2063
2723600000	3326900000	2088400000	2119100000	2623700000	3942700000	4267500000	2640200000	4375100000	4190900000				27	27	27	46.8	46.8	46.8	51.745	0	323.31	50791000000	449	ACYPI008165-PA 60S ribosomal protein L4-like transcript variant 2;ACYPI089246-PA 60S ribosomal protein L4	ACYPI008165-PA60SribosomalproteinL4-liketranscriptvariant2;ACYPI089246-PA60SribosomalproteinL4	ACYPI008165-PA60SribosomalproteinL4-liketranscriptvariant2;ACYPI089246-PA60SribosomalproteinL4	2064
71383000000	64435000000	58070000000	53500000000	56456000000	78555000000	76401000000	65938000000	77288000000	75902000000				261	261	261	74.5	74.5	74.5	224.55	0	323.31	1016500000000	5277	ACYPI008178-PA Myosin heavy chain	ACYPI008178-PAMyosinheavychain	ACYPI008178-PAMyosinheavychain	2066
0	27964000	34181000	31561000	25101000	0	0	0	0	26757000				7	7	7	3.7	3.7	3.7	344.46	0	21.288	299130000	27	ACYPI008180-PA Titin	ACYPI008180-PATitin;ACYPI073014-PAtitin-like	ACYPI008180-PATitin	2067
651470000	705020000	361380000	453900000	604990000	548270000	928670000	408090000	638010000	830940000				13	13	13	49.2	49.2	49.2	21.541	0	166.62	9821400000	150	ACYPI008181-PA 60S ribosomal protein L17	ACYPI008181-PA60SribosomalproteinL17	ACYPI008181-PA60SribosomalproteinL17	2068
63003000	65150000	46786000	52290000	0	73071000	82269000	73260000	70390000	83919000				14	14	12	16.4	16.4	15.2	138.74	0	144.06	980670000	69	ACYPI008184-PA neuroglian-like	ACYPI008184-PAneuroglian-like	ACYPI008184-PAneuroglian-like	2070
392350000	423410000	372400000	386130000	456920000	240430000	356710000	379090000	355320000	345700000				19	19	19	48	48	48	50.175	0	147.6	5882100000	194	ACYPI008195-PA Isocitrate dehydrogenase [NADP]	ACYPI008195-PAIsocitratedehydrogenase[NADP]	ACYPI008195-PAIsocitratedehydrogenase[NADP]	2071
1826400000	1742300000	2384300000	2125800000	2034200000	2269000000	1676700000	1795100000	1854800000	1666200000				39	39	39	57.4	57.4	57.4	97.512	0	323.31	31718000000	583	ACYPI008211-PA Aconitate hydratase 2	ACYPI008211-PAAconitatehydratase2	ACYPI008211-PAAconitatehydratase2	2076
0	0	0	0	12226000	0	0	0	0	16889000				4	4	4	16.2	16.2	16.2	43.76	0	10.019	70370000	20	ACYPI008214-PA protein farnesyltransferase/geranylgeranyltransferase type i alpha subunit	ACYPI008214-PAproteinfarnesyltransferase/geranylgeranyltransferasetypeialphasubunit	ACYPI008214-PAproteinfarnesyltransferase/geranylgeranyltransferasetypeialphasubunit	2077
81005000	109750000	99938000	110140000	88478000	90635000	119210000	128030000	131530000	110140000				7	7	7	56.3	56.3	56.3	13.734	0	45.796	1702600000	71	ACYPI008219-PA Ref_XM_001950068 PREDICTED_ similar to NADH dehydrogenase	ACYPI008219-PARef_XM_001950068PREDICTED_similartoNADHdehydrogenase	ACYPI008219-PARef_XM_001950068PREDICTED_similartoNADHdehydrogenase	2078
179230000	187680000	219470000	258970000	190630000	238440000	192020000	171510000	211820000	150560000				15	15	15	24.4	24.4	24.4	100.35	0	90.045	3218700000	78	ACYPI008222-PA AMP deaminase 2	ACYPI008222-PAAMPdeaminase2	ACYPI008222-PAAMPdeaminase2	2079
92544000	64426000	56435000	51348000	62746000	114550000	99348000	96065000	97575000	80336000				16	16	16	37	37	37	67.488	0	116.16	1237000000	125	ACYPI008223-PA uncharacterized protein	ACYPI008223-PAuncharacterizedprotein;ACYPI48051-PAhypotheticalproteinLOC100573565	ACYPI008223-PAuncharacterizedprotein	2080
0	0	0	0	0	198000000	0	176370000	144120000	0				2	2	2	9.1	9.1	9.1	17.581	0	33.713	1090400000	28	ACYPI008224-PA uncharacterized protein	ACYPI008224-PAuncharacterizedprotein	ACYPI008224-PAuncharacterizedprotein	2081
131570000	150450000	130370000	133870000	130250000	89322000	108590000	107160000	128810000	146140000				18	18	18	44	44	44	64.784	0	136.19	1909700000	104	ACYPI008232-PA hypothetical protein LOC100167435 transcript variant 2	ACYPI008232-PAhypotheticalproteinLOC100167435transcriptvariant2	ACYPI008232-PAhypotheticalproteinLOC100167435transcriptvariant2	2084
539230000	491920000	593040000	516530000	567910000	633350000	538540000	582710000	708940000	497370000				16	16	16	58.9	58.9	58.9	28.752	0	323.31	8808400000	187	ACYPI008233-PA eukaryotic translation initiation factor 4H-like	ACYPI008233-PAeukaryotictranslationinitiationfactor4H-like	ACYPI008233-PAeukaryotictranslationinitiationfactor4H-like	2085
0	34999000	36727000	47196000	51852000	27661000	49077000	47196000	45260000	45122000				6	6	6	18.8	18.8	18.8	24.646	0	30.4	600720000	42	ACYPI008241-PA probable NADH dehydrogenase [ubiquinone] iron-sulfur protein 7 mitochondrial-like transcript variant 1	ACYPI008241-PAprobableNADHdehydrogenase[ubiquinone]iron-sulfurprotein7mitochondrial-liketranscriptvariant1	ACYPI008241-PAprobableNADHdehydrogenase[ubiquinone]iron-sulfurprotein7mitochondrial-liketranscriptvariant1	2086
947320000	1283800000	874530000	729190000	851020000	1521100000	1861700000	1131000000	1811400000	2027400000				19	19	19	50.4	50.4	50.4	28.205	0	285.27	19828000000	284	ACYPI008243-PA 60S ribosomal protein L8	ACYPI008243-PA60SribosomalproteinL8	ACYPI008243-PA60SribosomalproteinL8	2087
0	30806000	0	43537000	33453000	33818000	30670000	42647000	0	0				15	15	15	21.1	21.1	21.1	126.35	0	78.431	439890000	38	ACYPI008248-PA regulator of nonsense transcripts 1-like	ACYPI008248-PAregulatorofnonsensetranscripts1-like;ACYPI001512-PAregulatorofnonsensetranscripts1-like	ACYPI008248-PAregulatorofnonsensetranscripts1-like	2088
3029800000	2879200000	2934200000	3050300000	3043900000	2821300000	2696600000	2632300000	2573800000	2466200000				93	93	93	68	68	68	159.27	0	323.31	43632000000	963	ACYPI008258-PA vigilin-like	ACYPI008258-PAvigilin-like;ACYPI083931-PARef_XM_001945621PREDICTED_similartohighdensitylipoprotienbindingprotein/vigilin	ACYPI008258-PAvigilin-like	2091
60717000	50078000	0	59481000	53783000	104400000	101270000	0	85491000	76225000				8	8	8	26.5	26.5	26.5	40.025	0	67.711	1037800000	66	ACYPI008267-PA estradiol 17-beta-dehydrogenase 12-like transcript variant 1	ACYPI008267-PAestradiol17-beta-dehydrogenase12-liketranscriptvariant1	ACYPI008267-PAestradiol17-beta-dehydrogenase12-liketranscriptvariant1	2095
0	0	0	20735000	0	0	24899000	19678000	23733000	30650000				12	12	12	12.4	12.4	12.4	132.8	0	35.77	270260000	35	ACYPI008269-PA Ref_XM_001947694 PREDICTED_ similar to AGAP005739-PA	ACYPI008269-PARef_XM_001947694PREDICTED_similartoAGAP005739-PA	ACYPI008269-PARef_XM_001947694PREDICTED_similartoAGAP005739-PA	2096
205290000	183870000	158120000	183490000	212000000	126760000	124780000	126090000	123000000	132910000				6	6	6	16.8	16.8	16.8	62.513	0	62.827	2605800000	47	ACYPI008270-PA Acetylcholinesterase	ACYPI008270-PAAcetylcholinesterase	ACYPI008270-PAAcetylcholinesterase	2097
68511000	67481000	65373000	61628000	59563000	56648000	69645000	80572000	86566000	72832000				11	11	11	24.1	24.1	24.1	66.79	0	105.61	1114800000	76	ACYPI008272-PA amp dependent coa ligase	ACYPI008272-PAampdependentcoaligase	ACYPI008272-PAampdependentcoaligase	2098
28335000	24388000	30811000	20329000	20506000	30680000	31112000	24183000	33175000	27039000				8	8	8	15.9	15.9	15.9	87.566	0	31.953	461510000	73	ACYPI008290-PA e3 UFM1-protein ligase 1 homolog	ACYPI008290-PAe3UFM1-proteinligase1homolog	ACYPI008290-PAe3UFM1-proteinligase1homolog	2101
50776000	43257000	45399000	34873000	49311000	42162000	66184000	47530000	52489000	66888000				17	17	17	24.2	24.2	24.2	108.52	0	61.461	767780000	70	ACYPI008293-PA Argonaute-2b	ACYPI008293-PAArgonaute-2b	ACYPI008293-PAArgonaute-2b	2102
15576000	20193000	0	19343000	20626000	0	0	0	0	21587000				4	4	4	11.3	11.3	11.3	49.831	0	15.852	177900000	24	ACYPI008297-PA clip-domain serine protease	ACYPI008297-PAclip-domainserineprotease	ACYPI008297-PAclip-domainserineprotease	2103
659250000	610680000	614320000	522500000	661550000	871340000	966320000	743990000	888230000	782770000				14	14	14	54	54	54	21.744	0	76.373	10723000000	165	ACYPI008302-PA 60S ribosomal protein L11;ACYPI004755-PA 60S ribosomal protein L11	ACYPI008302-PA60SribosomalproteinL11;ACYPI004755-PA60SribosomalproteinL11	ACYPI008302-PA60SribosomalproteinL11;ACYPI004755-PA60SribosomalproteinL11	2104
174400000	186980000	169790000	187930000	197770000	152490000	192010000	166220000	122430000	176730000				11	11	11	64.6	64.6	64.6	16.656	0	81.646	2733100000	114	ACYPI008305-PA prefoldin subunit 2-like	ACYPI008305-PAprefoldinsubunit2-like	ACYPI008305-PAprefoldinsubunit2-like	2105
420960000	491220000	399690000	552080000	494360000	361910000	378070000	347870000	351500000	341870000				11	11	11	40.2	40.2	40.2	38.155	0	253.63	6580400000	150	ACYPI008316-PA adenosine kinase 2-like	ACYPI008316-PAadenosinekinase2-like	ACYPI008316-PAadenosinekinase2-like	2108
70524000	0	34770000	47109000	0	0	0	0	0	50469000				3	3	2	50.3	50.3	37.1	17.188	0	35.061	327430000	22	ACYPI008318-PA Ref_XM_001948100 PREDICTED_ similar to ubiquitin-conjugating enzyme rad6	ACYPI008318-PARef_XM_001948100PREDICTED_similartoubiquitin-conjugatingenzymerad6	ACYPI008318-PARef_XM_001948100PREDICTED_similartoubiquitin-conjugatingenzymerad6	2109
1577500000	1827700000	1577400000	1423700000	1676700000	2082100000	2469500000	1672100000	2703800000	2152000000				17	17	17	58.5	58.5	58.5	28.661	0	323.31	29638000000	236	ACYPI008325-PA 40S ribosomal protein S2	ACYPI008325-PA40SribosomalproteinS2	ACYPI008325-PA40SribosomalproteinS2	2110
144710000	64919000	62248000	56155000	74600000	71830000	61225000	73494000	66405000	75264000				26	26	26	15	15	15	284.31	0	166.84	1139700000	128	ACYPI008327-PA uncharacterized protein	ACYPI008327-PAuncharacterizedprotein	ACYPI008327-PAuncharacterizedprotein	2111
141520000	89126000	102790000	102510000	119270000	96644000	100680000	119690000	0	111370000				12	12	12	53.6	53.6	53.6	27.432	0	47.428	1660700000	77	ACYPI008340-PA Glutathione transferase omega-1	ACYPI008340-PAGlutathionetransferaseomega-1	ACYPI008340-PAGlutathionetransferaseomega-1	2112
72355000	60866000	64952000	98895000	82214000	50498000	60217000	47233000	46143000	81277000				15	15	15	26.2	26.2	26.2	83.924	0	84.894	1048100000	93	ACYPI008352-PA CG15100	ACYPI008352-PACG15100	ACYPI008352-PACG15100	2114
214120000	291880000	240970000	240730000	285100000	307780000	309270000	272880000	384840000	317630000				16	16	16	46.6	46.6	46.6	54.042	0	210.6	4628900000	179	ACYPI008354-PA H/ACA ribonucleoprotein complex subunit 4-like;ACYPI001882-PA H/ACA ribonucleoprotein complex subunit 4-like	ACYPI008354-PAH/ACAribonucleoproteincomplexsubunit4-like;ACYPI001882-PAH/ACAribonucleoproteincomplexsubunit4-like	ACYPI008354-PAH/ACAribonucleoproteincomplexsubunit4-like;ACYPI001882-PAH/ACAribonucleoproteincomplexsubunit4-like	2115
163070000	139920000	154580000	146410000	145390000	142300000	127890000	143430000	141350000	103190000				16	16	16	21.4	21.4	21.4	114.28	0	121.01	2179700000	104	ACYPI008357-PA atp-binding cassette sub-family f member	ACYPI008357-PAatp-bindingcassettesub-familyfmember;ACYPI007241-PAatp-bindingcassettesub-familyfmember	ACYPI008357-PAatp-bindingcassettesub-familyfmember	2116
48345000	0	28408000	40571000	42857000	0	0	34526000	0	0				8	8	8	51	51	51	17.252	0	88.302	432990000	34	ACYPI008358-PA myosin-2 essential light chain-like	ACYPI008358-PAmyosin-2essentiallightchain-like	ACYPI008358-PAmyosin-2essentiallightchain-like	2117
477150000	483930000	467990000	492040000	469260000	455660000	413480000	434570000	376020000	420320000				25	25	25	41.5	41.5	41.5	78.203	0	282.99	7099300000	272	ACYPI008362-PA estradiol beta-dehydrogenase	ACYPI008362-PAestradiolbeta-dehydrogenase	ACYPI008362-PAestradiolbeta-dehydrogenase	2118
70166000	57068000	56348000	49125000	69024000	52852000	54253000	64312000	54848000	71774000				10	10	10	27.8	27.8	27.8	61.15	0	33.821	992040000	74	ACYPI008365-PA MKIAA4217 protein	ACYPI008365-PAMKIAA4217protein	ACYPI008365-PAMKIAA4217protein	2119
309770000	394980000	341460000	354800000	369830000	201550000	369290000	420510000	384420000	329450000				13	13	13	38	38	38	50.781	0	186.36	5068900000	125	ACYPI008366-PA Trifunctional enzyme subunit beta	ACYPI008366-PATrifunctionalenzymesubunitbeta	ACYPI008366-PATrifunctionalenzymesubunitbeta	2120
46585000	48851000	39636000	38430000	42268000	0	0	0	0	34484000				10	10	10	13.8	13.8	13.8	139.01	0	28.631	544000000	40	ACYPI008369-PA vesicle associated protein	ACYPI008369-PAvesicleassociatedprotein	ACYPI008369-PAvesicleassociatedprotein	2122
1386600000	1129300000	1036500000	1225700000	1310300000	824420000	1151500000	1249300000	915800000	917110000				28	28	28	74.5	74.5	74.5	37.485	0	323.31	16864000000	357	ACYPI008371-PA L	ACYPI008371-PAL;ACYPI002620-PAprobablepyruvatedehydrogenaseE1componentsubunitalphamitochondrial-like	ACYPI008371-PAL	2124
198380000	197550000	113500000	118130000	118140000	36495000	112730000	131490000	41055000	61219000				9	9	9	19.8	19.8	19.8	58.471	0	43.793	1668900000	80	ACYPI008372-PA Branched-chain-amino-acid aminotransferase	ACYPI008372-PABranched-chain-amino-acidaminotransferase	ACYPI008372-PABranched-chain-amino-acidaminotransferase	2125
74519000	74588000	69386000	68576000	79700000	57889000	105080000	95367000	91279000	92938000				5	5	5	42.9	42.9	42.9	10.403	0	24.868	1158800000	45	ACYPI008374-PA NADH dehydrogenase [ubiquinone] 1 alpha subcomplex subunit 2-like	ACYPI008374-PANADHdehydrogenase[ubiquinone]1alphasubcomplexsubunit2-like	ACYPI008374-PANADHdehydrogenase[ubiquinone]1alphasubcomplexsubunit2-like	2126
94658000	48342000	56581000	51103000	0	78445000	48175000	113080000	58468000	50852000				6	6	6	51.9	51.9	51.9	14.883	0	53.218	1034600000	47	ACYPI008400-PA Cold shock domain-containing protein CG9705	ACYPI008400-PAColdshockdomain-containingproteinCG9705	ACYPI008400-PAColdshockdomain-containingproteinCG9705	2129
27194000	32017000	28124000	31064000	25292000	0	0	34000000	0	25125000				7	7	7	22.3	22.3	22.3	51.439	0	25.751	385910000	43	ACYPI008415-PA COP9 signalosome complex subunit 2-like transcript variant 2	ACYPI008415-PACOP9signalosomecomplexsubunit2-liketranscriptvariant2	ACYPI008415-PACOP9signalosomecomplexsubunit2-liketranscriptvariant2	2130
43473000	0	0	36945000	23833000	0	0	0	0	31155000				5	5	5	26.4	26.4	26.4	27.653	0	41.469	269460000	27	ACYPI008421-PA enolase-phosphatase E1-like	ACYPI008421-PAenolase-phosphataseE1-like	ACYPI008421-PAenolase-phosphataseE1-like	2131
749180000	608690000	466110000	505530000	643690000	667600000	649060000	732280000	597690000	602530000				21	21	21	46.9	46.9	46.9	67.89	0	323.31	9095300000	254	ACYPI008422-PA uncharacterized protein	ACYPI008422-PAuncharacterizedprotein;REV__ACYPI008422-PAuncharacterizedprotein	ACYPI008422-PAuncharacterizedprotein	2132
47192000	43827000	0	0	44657000	0	67201000	0	54069000	0				6	6	6	20.8	20.8	20.8	31.85	0	36.039	529800000	32	ACYPI008439-PA mitochondrial dicarboxylate carrier-like	ACYPI008439-PAmitochondrialdicarboxylatecarrier-like	ACYPI008439-PAmitochondrialdicarboxylatecarrier-like	2133
580810000	485940000	475400000	487060000	597030000	419740000	454540000	443820000	385520000	474290000				20	20	20	56.7	56.7	56.7	43.56	0	247.41	7512900000	273	ACYPI008447-PA NSFL1 cofactor p47-like	ACYPI008447-PANSFL1cofactorp47-like	ACYPI008447-PANSFL1cofactorp47-like	2136
0	0	0	0	25279000	0	0	0	32972000	28407000				7	7	7	5.8	5.8	5.8	208.4	0	27.11	202730000	23	ACYPI008456-PA nuclear pore membrane glycoprotein precursor	ACYPI008456-PAnuclearporemembraneglycoproteinprecursor	ACYPI008456-PAnuclearporemembraneglycoproteinprecursor	2139
0	0	26102000	0	0	0	0	24493000	0	17984000				4	4	4	11.8	11.8	11.8	70.192	0	18.977	90920000	14	ACYPI008458-PA Dusky	ACYPI008458-PADusky	ACYPI008458-PADusky	2140
38501000	0	25764000	25016000	25405000	0	0	31124000	0	0				5	5	5	29.4	29.4	29.4	30.628	0	23.97	286670000	18	ACYPI008464-PA toll-interacting protein-like transcript variant 2	ACYPI008464-PAtoll-interactingprotein-liketranscriptvariant2	ACYPI008464-PAtoll-interactingprotein-liketranscriptvariant2	2142
73038000	90755000	0	0	77077000	64418000	58393000	66726000	106350000	0				9	9	9	16.9	16.9	16.9	50.157	0	88.909	829560000	45	ACYPI008471-PA hypothetical protein LOC100167701 transcript variant 1	ACYPI008471-PAhypotheticalproteinLOC100167701transcriptvariant1	ACYPI008471-PAhypotheticalproteinLOC100167701transcriptvariant1	2144
148610000	115940000	112770000	105110000	109010000	151360000	104620000	155350000	155580000	107940000				4	4	4	56.8	56.8	56.8	9.2045	0	69.904	1867100000	56	ACYPI008479-PA Ubiquitin-60S ribosomal protein L40	ACYPI008479-PAUbiquitin-60SribosomalproteinL40	ACYPI008479-PAUbiquitin-60SribosomalproteinL40	2146
0	0	0	0	0	12733000	15688000	0	13390000	15735000				3	3	3	9.5	9.5	9.5	44.502	0	13.877	131240000	22	ACYPI008484-PA innexin inx7-like	ACYPI008484-PAinnexininx7-like	ACYPI008484-PAinnexininx7-like	2147
43827000	0	0	38183000	0	0	33128000	39348000	37830000	37375000				2	2	2	17.1	17.1	17.1	16.95	0	9.2721	512680000	26	ACYPI008488-PA uncharacterized protein	ACYPI008488-PAuncharacterizedprotein	ACYPI008488-PAuncharacterizedprotein	2148
121180000	137160000	103570000	127130000	132190000	0	104530000	123710000	93369000	0				6	6	6	29.7	29.7	29.7	19.331	0	16.294	1535500000	40	ACYPI008498-PA 39S ribosomal protein L12 mitochondrial-like transcript variant 2	ACYPI008498-PA39SribosomalproteinL12mitochondrial-liketranscriptvariant2	ACYPI008498-PA39SribosomalproteinL12mitochondrial-liketranscriptvariant2	2150
80141000000	86455000000	101090000000	100840000000	86677000000	82041000000	97166000000	92502000000	101870000000	97777000000				51	51	28	51.1	51.1	44.9	72.646	0	323.31	1400600000000	1397	ACYPI008503-PA cuticular protein 15 from Low Complexity family	ACYPI008503-PAcuticularprotein15fromLowComplexityfamily	ACYPI008503-PAcuticularprotein15fromLowComplexityfamily	2151
863270000	768200000	763600000	758260000	787400000	953920000	918110000	985000000	886360000	897590000				20	20	20	84.7	84.7	84.7	20.3	0	323.31	13012000000	265	ACYPI008516-PA muscle-specific protein	ACYPI008516-PAmuscle-specificprotein	ACYPI008516-PAmuscle-specificprotein	2153
158570000	180550000	189800000	75348000	116310000	339470000	171410000	149220000	95970000	56818000				5	5	5	31.4	31.4	31.4	24.227	0	132.54	2315000000	69	ACYPI008524-PA RR2 cuticle protein 2	ACYPI008524-PARR2cuticleprotein2	ACYPI008524-PARR2cuticleprotein2	2155
100670000	167130000	78933000	0	0	126120000	93209000	132480000	0	78850000				7	3	3	55.9	37.3	37.3	16.962	0	28.475	1365900000	49	ACYPI008534-PA cuticular protein 31	ACYPI008534-PAcuticularprotein31	ACYPI008534-PAcuticularprotein31	2156
1391400000	1478900000	1023000000	1029600000	1105200000	1768400000	2356100000	1396100000	2786000000	2022000000				47	47	47	40.2	40.2	40.2	112.47	0	323.31	27277000000	606	ACYPI008535-PA Sarcoplasmic/endoplasmic reticulum calcium ATPase 1	ACYPI008535-PASarcoplasmic/endoplasmicreticulumcalciumATPase1	ACYPI008535-PASarcoplasmic/endoplasmicreticulumcalciumATPase1	2157
234220000	215270000	185570000	198800000	217180000	196110000	173690000	199770000	199270000	209970000				21	21	21	37.5	37.5	37.5	86.569	0	189.42	3046200000	180	ACYPI008539-PA Ref_XM_001950778 PREDICTED_ similar to Arsenite-resistance protein 2 homolog	ACYPI008539-PARef_XM_001950778PREDICTED_similartoArsenite-resistanceprotein2homolog;ACYPI007269-PASerrateRNAeffectormoleculehomolog	ACYPI008539-PARef_XM_001950778PREDICTED_similartoArsenite-resistanceprotein2homolog	2159
161100000	165590000	127230000	130030000	119810000	189390000	117930000	104790000	126450000	117500000				26	26	1	16.5	16.5	1.2	229.17	0	102.85	2329600000	142	ACYPI008540-PA fatty acid synthase	ACYPI008540-PAfattyacidsynthase	ACYPI008540-PAfattyacidsynthase	2160
2652000000	2552200000	2704400000	3030800000	2956700000	3414300000	1942500000	2623600000	2099900000	1977500000				40	40	40	80.3	80.3	80.3	52.703	0	323.31	42004000000	487	ACYPI008552-PA 6-phosphogluconate dehydrogenase decarboxylating-like	ACYPI008552-PA6-phosphogluconatedehydrogenasedecarboxylating-like	ACYPI008552-PA6-phosphogluconatedehydrogenasedecarboxylating-like	2162
1461500000	1629500000	1467700000	1615800000	1741600000	1318800000	1374000000	1509100000	1423400000	1460400000				16	16	16	43.5	43.5	43.5	34.735	0	323.31	23735000000	230	ACYPI008564-PA RNA-binding protein squid	ACYPI008564-PARNA-bindingproteinsquid	ACYPI008564-PARNA-bindingproteinsquid	2164
0	81809000	111310000	37879000	0	129210000	72441000	245250000	128650000	94297000				5	1	1	16.5	9.7	9.7	27.294	0	56.646	1190000000	33	ACYPI008570-PA Cuticle protein	ACYPI008570-PACuticleprotein;ACYPI004810-PACuticleprotein	ACYPI008570-PACuticleprotein	2165
19186000	0	0	0	22018000	0	0	0	0	0				8	8	8	15.6	15.6	15.6	88.893	0	31.747	271680000	26	ACYPI008579-PA Dp115 protein	ACYPI008579-PADp115protein	ACYPI008579-PADp115protein	2166
0	49374000	52793000	42579000	45094000	59009000	45318000	0	67990000	47282000				3	3	3	10.5	10.5	10.5	22.501	0	9.1881	701080000	49	ACYPI008600-PA uncharacterized protein	ACYPI008600-PAuncharacterizedprotein	ACYPI008600-PAuncharacterizedprotein	2169
168490000	133220000	109820000	143630000	162750000	98056000	111210000	95091000	114290000	133790000				21	21	21	29.6	29.6	29.6	101.61	0	75.531	2085000000	129	ACYPI008606-PA AP-2 complex subunit beta-like transcript variant 1	ACYPI008606-PAAP-2complexsubunitbeta-liketranscriptvariant1	ACYPI008606-PAAP-2complexsubunitbeta-liketranscriptvariant1	2170
76221000	56090000	64908000	45653000	57457000	101660000	62893000	82174000	94988000	65076000				11	11	11	33.1	33.1	33.1	49.68	0	52.262	1019800000	81	ACYPI008607-PA u1 small nuclear ribonucleoprotein kda	ACYPI008607-PAu1smallnuclearribonucleoproteinkda;ACYPI003538-PAu1smallnuclearribonucleoprotein70kDa-like	ACYPI008607-PAu1smallnuclearribonucleoproteinkda	2171
130940000	129350000	157780000	143380000	142740000	120110000	137820000	168050000	170090000	127830000				7	7	7	52.4	52.4	52.4	11.53	0	31.821	2209100000	72	ACYPI008610-PA Mitochondrial import inner membrane translocase subunit Tim8 A	ACYPI008610-PAMitochondrialimportinnermembranetranslocasesubunitTim8A	ACYPI008610-PAMitochondrialimportinnermembranetranslocasesubunitTim8A	2173
0	77243000	0	49266000	0	0	84947000	102920000	77991000	64364000				2	2	2	24.1	24.1	24.1	12.766	0	9.5709	786240000	34	ACYPI008616-PA CG10320;ACYPI49114-PA NADH dehydrogenase [ubiquinone] 1 beta subcomplex subunit 3-like	ACYPI008616-PACG10320;ACYPI49114-PANADHdehydrogenase[ubiquinone]1betasubcomplexsubunit3-like	ACYPI008616-PACG10320;ACYPI49114-PANADHdehydrogenase[ubiquinone]1betasubcomplexsubunit3-like	2175
59704000	69856000	70223000	78586000	71753000	89387000	67446000	74546000	97412000	75296000				12	12	12	29.8	29.8	29.8	63.117	0	74.456	1162300000	96	ACYPI008632-PA eukaryotic translation initiation factor 2A-like	ACYPI008632-PAeukaryotictranslationinitiationfactor2A-like	ACYPI008632-PAeukaryotictranslationinitiationfactor2A-like	2177
0	43708000	67786000	29037000	15854000	35952000	48655000	66725000	0	90973000				2	2	2	10.9	10.9	10.9	28.61	0	101.28	639760000	40	ACYPI008635-PA uncharacterized protein	ACYPI008635-PAuncharacterizedprotein	ACYPI008635-PAuncharacterizedprotein	2178
0	21849000	0	0	0	29282000	29909000	0	43388000	40618000				10	10	10	16.2	16.2	16.2	116.83	0	46.024	264890000	51	ACYPI008640-PA sodium/potassium-transporting ATPase subunit alpha-like transcript variant 2	ACYPI008640-PAsodium/potassium-transportingATPasesubunitalpha-liketranscriptvariant2	ACYPI008640-PAsodium/potassium-transportingATPasesubunitalpha-liketranscriptvariant2	2179
147330000	143320000	132820000	148320000	134210000	159950000	152750000	125350000	179380000	131600000				17	17	17	46.4	46.4	46.4	42.039	0	99.003	2320700000	93	ACYPI008649-PA 26s proteasome non-atpase regulatory subunit	ACYPI008649-PA26sproteasomenon-atpaseregulatorysubunit	ACYPI008649-PA26sproteasomenon-atpaseregulatorysubunit	2180
56939000	49126000	54024000	50780000	59332000	46251000	40909000	0	47173000	52016000				9	9	9	31.6	31.6	31.6	50.07	0	48.581	812140000	61	ACYPI008650-PA zinc-finger protein zpr1	ACYPI008650-PAzinc-fingerproteinzpr1	ACYPI008650-PAzinc-fingerproteinzpr1	2181
75501000	72292000	80624000	75363000	75512000	79408000	81999000	77906000	79369000	90671000				14	14	14	29.2	29.2	29.2	86.026	0	85.762	1227800000	123	ACYPI008653-PA la-related protein 4-like	ACYPI008653-PAla-relatedprotein4-like	ACYPI008653-PAla-relatedprotein4-like	2182
467530000	475340000	574260000	725600000	609880000	490280000	449530000	384540000	385010000	464120000				5	5	5	28.7	28.7	28.7	33.408	0	44.84	8825000000	77	ACYPI008657-PA GST	ACYPI008657-PAGST	ACYPI008657-PAGST	2184
0	0	0	0	0	0	20633000	0	0	25552000				5	5	2	9	9	3.9	92.508	0	9.8649	80088000	10	ACYPI008662-PA Integrin beta-PS	ACYPI008662-PAIntegrinbeta-PS	ACYPI008662-PAIntegrinbeta-PS	2185
307230000	415410000	489250000	322590000	300620000	450090000	496270000	366570000	438450000	352130000				5	5	5	29.1	29.1	29.1	17.171	0	24.519	6943600000	96	ACYPI008671-PA 40S ribosomal protein S13	ACYPI008671-PA40SribosomalproteinS13	ACYPI008671-PA40SribosomalproteinS13	2188
580600000	543250000	585420000	646120000	534210000	586510000	482310000	525660000	551100000	567630000				41	41	41	52.7	52.7	52.7	118.18	0	323.31	9466800000	386	ACYPI008675-PA nardilysin precursor	ACYPI008675-PAnardilysinprecursor	ACYPI008675-PAnardilysinprecursor	2190
340450000	222060000	223870000	233710000	351950000	178370000	166360000	175090000	175760000	187870000				16	16	10	57.6	57.6	47.7	31.931	0	113.61	3586700000	111	ACYPI008682-PA Ref_XM_001949199 PREDICTED_ similar to eukaryotic translation initiation factor	ACYPI008682-PARef_XM_001949199PREDICTED_similartoeukaryotictranslationinitiationfactor	ACYPI008682-PARef_XM_001949199PREDICTED_similartoeukaryotictranslationinitiationfactor	2191
28166000	27336000	33218000	30261000	28003000	27528000	33983000	30179000	34851000	36639000				4	4	4	29.6	29.6	29.6	25.03	0	68.099	510740000	58	ACYPI008683-PA Transport and Golgi organization protein 11	ACYPI008683-PATransportandGolgiorganizationprotein11	ACYPI008683-PATransportandGolgiorganizationprotein11	2192
1038700000	996860000	978720000	1036100000	1014300000	933910000	863970000	973690000	930450000	865320000				34	34	34	55.7	55.7	55.7	61.518	0	323.31	15079000000	382	ACYPI008693-PA stress-induced-phosphoprotein 1-like	ACYPI008693-PAstress-induced-phosphoprotein1-like	ACYPI008693-PAstress-induced-phosphoprotein1-like	2195
0	160990000	0	0	0	0	106360000	180280000	0	166780000				5	5	5	26.5	26.5	26.5	28.96	0	12.799	853450000	23	ACYPI008694-PA cuticular protein	ACYPI008694-PAcuticularprotein	ACYPI008694-PAcuticularprotein	2196
109090000	119660000	105600000	97845000	103830000	133720000	124510000	139940000	114410000	129000000				11	11	11	33.1	33.1	33.1	54.967	0	83.218	1720300000	86	ACYPI008720-PA protein kinase C and casein kinase substrate in neurons protein 2-like transcript variant 2	ACYPI008720-PAproteinkinaseCandcaseinkinasesubstrateinneuronsprotein2-liketranscriptvariant2	ACYPI008720-PAproteinkinaseCandcaseinkinasesubstrateinneuronsprotein2-liketranscriptvariant2	2201
192770000	179600000	153530000	161350000	172260000	171350000	175770000	171240000	185990000	164040000				18	18	18	51.9	51.9	51.9	53.483	0	156.88	2658600000	160	ACYPI008724-PA ruvB-like 2-like transcript variant 4	ACYPI008724-PAruvB-like2-liketranscriptvariant4	ACYPI008724-PAruvB-like2-liketranscriptvariant4	2203
222840000	240520000	282780000	260620000	218840000	258330000	277520000	250150000	295390000	236890000				48	48	48	10.9	10.9	10.9	679.5	0	278.16	3833600000	319	ACYPI008736-PA Kinin-like peptide-S	ACYPI008736-PAKinin-likepeptide-S;REV__ACYPI082577-PAuncharacterizedprotein	ACYPI008736-PAKinin-likepeptide-S	2204
0	26213000	29020000	25885000	0	0	24249000	0	21693000	33200000				10	10	10	18.5	18.5	18.5	77.482	0	25.914	365950000	51	ACYPI008737-PA GD18485	ACYPI008737-PAGD18485	ACYPI008737-PAGD18485	2205
1068300000	944040000	1587800000	1386600000	1219300000	1248500000	1281800000	1190800000	1813000000	1706400000				11	11	11	40.4	40.4	40.4	14.677	0	323.31	20282000000	206	ACYPI008743-PA Ref_XM_001946130 PREDICTED_ hypothetical protein LOC100168004	ACYPI008743-PARef_XM_001946130PREDICTED_hypotheticalproteinLOC100168004	ACYPI008743-PARef_XM_001946130PREDICTED_hypotheticalproteinLOC100168004	2207
57702000	0	0	37618000	42370000	39643000	0	37592000	35778000	41814000				11	11	11	23.8	23.8	23.8	91.3	0	44.971	482910000	44	ACYPI008757-PA Vacuolar protein sorting-associated protein 35	ACYPI008757-PAVacuolarproteinsorting-associatedprotein35	ACYPI008757-PAVacuolarproteinsorting-associatedprotein35	2211
868620000	772120000	749970000	767250000	776370000	876240000	900350000	869570000	739940000	738860000				30	27	27	54.6	52.8	52.8	68.449	0	297.41	12101000000	384	ACYPI008763-PA heat shock protein 70 B2-like	ACYPI008763-PAheatshockprotein70B2-like;ACYPI009117-PAHeatshock70kDaproteincognate4;ACYPI007961-PAHeatshockcognate71kDaprotein;ACYPI004698-PA78kDaglucose-regulatedproteinhomolog;ACYPI067751-PAHeatshock70kDaproteincognate4;ACYPI000903-PA78kDaglucose-regulatedprotein;ACYPI001597-PAheatshockprotein70A1-like	ACYPI008763-PAheatshockprotein70B2-like	2213
214660000	101470000	119290000	109830000	101720000	102200000	100860000	123600000	112100000	124300000				8	8	8	39.3	39.3	39.3	20.299	0	56.229	1810400000	71	ACYPI085126-PA zeta-coat protein-like;ACYPI008765-PA coatomer subunit zeta-1-like	ACYPI085126-PAzeta-coatprotein-like;ACYPI008765-PAcoatomersubunitzeta-1-like	ACYPI085126-PAzeta-coatprotein-like;ACYPI008765-PAcoatomersubunitzeta-1-like	2214
0	35227000	117270000	53374000	92682000	49392000	0	0	0	41983000				7	7	7	23	23	23	44.655	0	19.59	814470000	43	ACYPI008774-PA Ref_XM_001943513 PREDICTED_ similar to CG11474 CG11474-PA	ACYPI008774-PARef_XM_001943513PREDICTED_similartoCG11474CG11474-PA	ACYPI008774-PARef_XM_001943513PREDICTED_similartoCG11474CG11474-PA	2215
268640000	175450000	144110000	161520000	226470000	121090000	132390000	133210000	125130000	165650000				10	10	10	26.2	26.2	26.2	42.838	0	57.051	2642900000	69	ACYPI008775-PA Serine protease inhibitor 4	ACYPI008775-PASerineproteaseinhibitor4	ACYPI008775-PASerineproteaseinhibitor4	2216
1363000000	1261300000	1203900000	1240800000	1138200000	1090800000	1139200000	1111300000	1279600000	1276000000				76	76	76	52.4	52.4	52.4	194.82	0	323.31	19334000000	709	ACYPI008776-PA Clathrin heavy chain	ACYPI008776-PAClathrinheavychain	ACYPI008776-PAClathrinheavychain	2217
0	0	17346000	13474000	17497000	16386000	0	0	0	19356000				4	4	4	17.4	17.4	17.4	32.741	0	14.395	198980000	24	ACYPI008783-PA uncharacterized protein	ACYPI008783-PAuncharacterizedprotein;ACYPI003728-PARef_XM_001944153PREDICTED_similartoMGC84976protein	ACYPI008783-PAuncharacterizedprotein	2219
52442000	68694000	61895000	66568000	68524000	70341000	62053000	71271000	72835000	53303000				6	6	6	29.1	29.1	29.1	41.96	0	91.352	1041200000	59	ACYPI008785-PA methionine aminopeptidase 1-like;ACYPI084826-PA Methionine aminopeptidase 1	ACYPI008785-PAmethionineaminopeptidase1-like;ACYPI084826-PAMethionineaminopeptidase1	ACYPI008785-PAmethionineaminopeptidase1-like;ACYPI084826-PAMethionineaminopeptidase1	2220
0	71312000	78940000	58685000	59803000	69532000	79791000	73361000	0	77853000				6	6	6	22.8	22.8	22.8	63.319	0	61.369	874860000	37	ACYPI008800-PA Peptidyl-prolyl cis-trans isomerase G	ACYPI008800-PAPeptidyl-prolylcis-transisomeraseG	ACYPI008800-PAPeptidyl-prolylcis-transisomeraseG	2221
594920000	647120000	597210000	536630000	687920000	289620000	695430000	741110000	523430000	574270000				47	47	47	47.6	47.6	47.6	120.06	0	323.31	8738700000	298	ACYPI008804-PA 2-oxoglutarate dehydrogenase	ACYPI008804-PA2-oxoglutaratedehydrogenase	ACYPI008804-PA2-oxoglutaratedehydrogenase	2222
0	0	0	17253000	17789000	0	0	0	0	0				2	2	2	5.3	5.3	5.3	53.333	0.00038506	4.241	111470000	14	ACYPI008809-PA testis-specific protein pbs13 t-complex	ACYPI008809-PAtestis-specificproteinpbs13t-complex	ACYPI008809-PAtestis-specificproteinpbs13t-complex	2223
77761000	66774000	100730000	75529000	94317000	109980000	78933000	85118000	103310000	75653000				8	8	8	24.4	24.4	24.4	65.494	0	64.645	1246100000	59	ACYPI008812-PA poly	ACYPI008812-PApoly	ACYPI008812-PApoly	2224
196300000	366860000	219040000	195820000	287340000	367320000	632460000	314820000	472970000	489040000				12	12	12	47.4	47.4	47.4	17.26	0	70.882	5496700000	132	ACYPI008814-PA Ribosomal protein L35	ACYPI008814-PARibosomalproteinL35	ACYPI008814-PARibosomalproteinL35	2225
69957000	68297000	59397000	74193000	84329000	69395000	65467000	80602000	82510000	77489000				7	7	7	33.5	33.5	33.5	38.07	0	107.48	1182300000	97	ACYPI008815-PA wd repeat protein	ACYPI008815-PAwdrepeatprotein	ACYPI008815-PAwdrepeatprotein	2226
185330000	160860000	163190000	194910000	217140000	108750000	173140000	205770000	204410000	173980000				9	9	6	58	58	44.4	18.422	0	69.693	2887100000	99	ACYPI008850-PA SKP1-like protein 16	ACYPI008850-PASKP1-likeprotein16	ACYPI008850-PASKP1-likeprotein16	2229
28802000000	26853000000	29236000000	27711000000	28221000000	26433000000	27285000000	28997000000	25399000000	27408000000				39	39	22	76.1	76.1	51.2	50.23	0	323.31	424190000000	1224	ACYPI008874-PA Tubulin beta-1 chain	ACYPI008874-PATubulinbeta-1chain;ACYPI001540-PAtubulinbeta-1chain;ACYPI004188-PATubulinbeta-1chain	ACYPI008874-PATubulinbeta-1chain	2232
62462000	61668000	63661000	57007000	56952000	71606000	64060000	73463000	68319000	53602000				12	12	12	16.5	16.5	16.5	103.73	0	57.786	1050900000	92	ACYPI008877-PA Protein kinase	ACYPI008877-PAProteinkinase;ACYPI002284-PAcGMP-dependentproteinkinase1	ACYPI008877-PAProteinkinase	2233
0	54928000	107440000	46531000	0	33281000	57015000	104240000	44803000	163970000				7	7	7	23.1	23.1	23.1	43.873	0	99.17	1019700000	42	ACYPI008897-PA uncharacterized serpin-like protein TK1782-like	ACYPI008897-PAuncharacterizedserpin-likeproteinTK1782-like	ACYPI008897-PAuncharacterizedserpin-likeproteinTK1782-like	2236
48352000	68956000	57830000	54219000	50458000	74120000	61052000	73911000	70956000	57514000				12	12	12	32.8	32.8	32.8	50.626	0	47.52	913970000	79	ACYPI008898-PA hypothetical protein LOC100168172 transcript variant 1	ACYPI008898-PAhypotheticalproteinLOC100168172transcriptvariant1	ACYPI008898-PAhypotheticalproteinLOC100168172transcriptvariant1	2237
706890000	627350000	570040000	651050000	565420000	631420000	548560000	591480000	472140000	539050000				33	33	33	59	59	59	64.936	0	323.31	10134000000	308	ACYPI008919-PA 5-aminoimidazole-4-carboxamide ribonucleotide formyltransferase/imp cyclohydrolase	ACYPI008919-PA5-aminoimidazole-4-carboxamideribonucleotideformyltransferase/impcyclohydrolase	ACYPI008919-PA5-aminoimidazole-4-carboxamideribonucleotideformyltransferase/impcyclohydrolase	2240
10534000000	11391000000	11337000000	11329000000	10050000000	13920000000	11162000000	9340000000	12023000000	12879000000				67	67	65	71.1	71.1	69.9	94.535	0	323.31	184790000000	1290	ACYPI008923-PA Elongation factor 2	ACYPI008923-PAElongationfactor2	ACYPI008923-PAElongationfactor2	2241
1619500000	1691100000	1756000000	1581300000	1686900000	1396100000	1425000000	1703000000	1614500000	1350200000				25	25	25	65.9	65.9	65.9	47.358	0	323.31	23989000000	371	ACYPI008926-PA protein disulfide-isomerase a6 precursor	ACYPI008926-PAproteindisulfide-isomerasea6precursor	ACYPI008926-PAproteindisulfide-isomerasea6precursor	2242
75697000	76069000	80988000	67193000	76863000	74624000	75658000	56473000	66671000	63851000				14	14	14	26.9	26.9	26.9	81.617	0	123.63	1039700000	87	ACYPI008927-PA DNA replication licensing factor Mcm5	ACYPI008927-PADNAreplicationlicensingfactorMcm5	ACYPI008927-PADNAreplicationlicensingfactorMcm5	2243
37837000	0	38009000	39128000	44327000	51867000	49560000	0	0	42108000				11	11	11	36.1	36.1	36.1	56.197	0	40.196	641670000	38	ACYPI008933-PA Aldehyde dehydrogenase type III	ACYPI008933-PAAldehydedehydrogenasetypeIII	ACYPI008933-PAAldehydedehydrogenasetypeIII	2244
13386000	14475000	12211000	16739000	18185000	0	20873000	19192000	0	0				4	4	4	15.9	15.9	15.9	29.125	0	9.7138	168840000	32	ACYPI008934-PA hypothetical protein LOC100168210	ACYPI008934-PAhypotheticalproteinLOC100168210	ACYPI008934-PAhypotheticalproteinLOC100168210	2245
221070000	268500000	292840000	277120000	268430000	268920000	271520000	310860000	254560000	314770000				9	9	9	22.2	22.2	22.2	31.555	0	33.156	4209300000	98	ACYPI008939-PA hypothetical protein LOC100168217 transcript variant 1	ACYPI008939-PAhypotheticalproteinLOC100168217transcriptvariant1	ACYPI008939-PAhypotheticalproteinLOC100168217transcriptvariant1	2246
224640000	261640000	256340000	249190000	248150000	210310000	252210000	200720000	266080000	318220000				15	15	15	61.6	61.6	61.6	37.376	0	256.68	3873300000	151	ACYPI008947-PA guanine nucleotide-binding protein G	ACYPI008947-PAguaninenucleotide-bindingproteinG	ACYPI008947-PAguaninenucleotide-bindingproteinG	2248
0	186070000	206650000	139510000	0	0	0	416140000	194170000	416190000				8	8	8	29.7	29.7	29.7	24.139	0	56.762	2424300000	44	ACYPI008952-PA apolipoprotein d	ACYPI008952-PAapolipoproteind	ACYPI008952-PAapolipoproteind	2249
53873000	45432000	48499000	41410000	42025000	41784000	32189000	39145000	37387000	30177000				12	12	12	18.1	18.1	18.1	106.84	0	42.429	646190000	60	ACYPI008967-PA Glutamyl aminopeptidase	ACYPI008967-PAGlutamylaminopeptidase;ACYPI001389-PAGlutamylaminopeptidase;ACYPI000734-PAGlutamylaminopeptidase	ACYPI008967-PAGlutamylaminopeptidase	2252
0	0	21307000	0	0	0	23705000	21721000	0	0				4	4	4	30.1	30.1	30.1	19.088	0	31.671	226480000	21	ACYPI087213-PA mitochondrial ribosomal protein s17;ACYPI008968-PA Ref_XM_001944655 PREDICTED_ similar to GA18111-PA	ACYPI087213-PAmitochondrialribosomalproteins17;ACYPI008968-PARef_XM_001944655PREDICTED_similartoGA18111-PA	ACYPI087213-PAmitochondrialribosomalproteins17;ACYPI008968-PARef_XM_001944655PREDICTED_similartoGA18111-PA	2253
0	46740000	39823000	51015000	55614000	91444000	84022000	65401000	108110000	92377000				3	3	3	13.6	13.6	13.6	51.088	0	78.343	986780000	47	ACYPI008971-PA proton-coupled amino acid transporter 4-like	ACYPI008971-PAproton-coupledaminoacidtransporter4-like	ACYPI008971-PAproton-coupledaminoacidtransporter4-like	2254
20948000	0	0	21160000	26704000	0	24838000	21265000	34562000	25093000				4	4	4	7.6	7.6	7.6	52.724	0	13.174	289390000	37	ACYPI008976-PA Lysosomal acid phosphatase	ACYPI008976-PALysosomalacidphosphatase	ACYPI008976-PALysosomalacidphosphatase	2255
45604000	34178000	48372000	39025000	34334000	41427000	45859000	0	0	50293000				4	4	4	17.6	17.6	17.6	35.981	0	100.8	526500000	31	ACYPI008979-PA hypothetical protein LOC100168259	ACYPI008979-PAhypotheticalproteinLOC100168259	ACYPI008979-PAhypotheticalproteinLOC100168259	2256
456060000	394930000	349770000	402550000	451810000	339310000	343860000	342520000	321280000	397210000				14	14	14	42.3	42.3	42.3	42.539	0	286.38	6028700000	174	ACYPI008980-PA nucleolysin TIAR-like	ACYPI008980-PAnucleolysinTIAR-like	ACYPI008980-PAnucleolysinTIAR-like	2257
856810000	759100000	768490000	706060000	781880000	1270000000	1159900000	716650000	1256900000	1054100000				21	21	21	63.2	63.2	63.2	32.886	0	259.37	14091000000	289	ACYPI008983-PA Ref_XM_001951967 PREDICTED_ similar to Fibrillarin CG9888-PA	ACYPI008983-PARef_XM_001951967PREDICTED_similartoFibrillarinCG9888-PA	ACYPI008983-PARef_XM_001951967PREDICTED_similartoFibrillarinCG9888-PA	2258
41348000	0	0	28310000	31048000	53347000	0	0	0	49289000				3	3	3	8.7	8.7	8.7	43.537	0	8.3861	555860000	27	ACYPI008989-PA legumaturain	ACYPI008989-PAlegumaturain	ACYPI008989-PAlegumaturain	2259
522460000	334760000	361020000	293150000	300130000	384750000	383480000	429480000	373030000	316610000				11	11	11	41.8	41.8	41.8	19.092	0	248.52	5739200000	165	ACYPI008993-PA myophilin-like	ACYPI008993-PAmyophilin-like	ACYPI008993-PAmyophilin-like	2260
674510000	691410000	720650000	705100000	650490000	623430000	679920000	741370000	611050000	718780000				35	35	34	37.9	37.9	37.2	107.75	0	323.31	10589000000	311	ACYPI008996-PA uncharacterized protein	ACYPI008996-PAuncharacterizedprotein	ACYPI008996-PAuncharacterizedprotein	2262
380570000	352960000	340810000	319860000	317330000	367410000	386570000	352370000	435390000	352400000				21	21	21	55.7	55.7	55.7	49.285	0	323.31	5723400000	186	ACYPI009001-PA 26S protease regulatory subunit 4	ACYPI009001-PA26Sproteaseregulatorysubunit4;ACYPI009385-PA26Sproteaseregulatorysubunit4	ACYPI009001-PA26Sproteaseregulatorysubunit4	2264
366630000	333600000	358740000	311410000	336970000	342240000	332950000	301390000	362250000	293160000				18	18	18	34.4	34.4	34.4	69.942	0	136.24	5265500000	162	ACYPI009003-PA atp-binding cassette sub-family f member	ACYPI009003-PAatp-bindingcassettesub-familyfmember	ACYPI009003-PAatp-bindingcassettesub-familyfmember	2265
1225200000	1452800000	910150000	1681500000	2411000000	1411300000	1587200000	1053900000	1202100000	1574900000				4	4	4	22.2	22.2	22.2	14.237	0	204.99	22692000000	44	ACYPI009006-PA Cuticle protein 4	ACYPI009006-PACuticleprotein4	ACYPI009006-PACuticleprotein4	2266
1764600000	1559500000	2035800000	1508000000	1431800000	1824200000	1421300000	1462200000	1877300000	1592600000				18	18	18	94.1	94.1	94.1	15.34	0	323.31	25508000000	280	ACYPI009011-PA Ref_XM_001950211 PREDICTED_ similar to MPA13 allergen	ACYPI009011-PARef_XM_001950211PREDICTED_similartoMPA13allergen	ACYPI009011-PARef_XM_001950211PREDICTED_similartoMPA13allergen	2267
454170000	415560000	446670000	454700000	412260000	431620000	426960000	417190000	412060000	320110000				13	13	13	47	47	47	30.815	0	186.81	6515200000	147	ACYPI009018-PA Inositol monophosphatase	ACYPI009018-PAInositolmonophosphatase	ACYPI009018-PAInositolmonophosphatase	2269
31885000	0	36001000	0	32144000	0	0	0	41995000	33885000				4	4	4	21.3	21.3	21.3	25.515	0	11.805	339380000	25	ACYPI009021-PA mRNA turnover protein 4 homolog	ACYPI009021-PAmRNAturnoverprotein4homolog	ACYPI009021-PAmRNAturnoverprotein4homolog	2270
291490000	185460000	134140000	206220000	188620000	99619000	80120000	59772000	84963000	167800000				7	3	1	40.7	18	6	19.928	0	34.189	2541400000	55	ACYPI009030-PA uncharacterized protein;ACYPI008569-PA hypothetical protein LOC100570951	ACYPI009030-PAuncharacterizedprotein;ACYPI008569-PAhypotheticalproteinLOC100570951;ACYPI082979-PAuncharacterizedprotein;ACYPI066751-PAhypotheticalproteinLOC100574988;ACYPI33174-PAuncharacterizedprotein	ACYPI009030-PAuncharacterizedprotein;ACYPI008569-PAhypotheticalproteinLOC100570951	2272
311720000	347500000	308880000	338190000	388700000	305980000	300470000	287610000	279070000	288780000				14	14	14	53.4	53.4	53.4	28.791	0	155.87	4974100000	132	ACYPI009032-PA Proteasome subunit alpha type-5	ACYPI009032-PAProteasomesubunitalphatype-5	ACYPI009032-PAProteasomesubunitalphatype-5	2273
152190000	151770000	147270000	171030000	159050000	160870000	149910000	107460000	114610000	141480000				16	16	16	29.2	29.2	29.2	72.361	0	87.851	2443200000	121	ACYPI009034-PA arginyl-tRNA synthetase;ACYPI009687-PA arginyl-tRNA synthetase	ACYPI009034-PAarginyl-tRNAsynthetase;ACYPI009687-PAarginyl-tRNAsynthetase	ACYPI009034-PAarginyl-tRNAsynthetase;ACYPI009687-PAarginyl-tRNAsynthetase	2274
431490000	529750000	576980000	525280000	542970000	668810000	612210000	646830000	624790000	585840000				11	11	5	85.5	85.5	61.8	12.352	0	323.31	8949100000	128	ACYPI009041-PA uncharacterized protein	ACYPI009041-PAuncharacterizedprotein	ACYPI009041-PAuncharacterizedprotein	2276
109940000	83008000	90548000	96942000	97583000	105060000	104160000	0	0	0				4	4	3	7.9	7.9	5.1	72.606	0	17.436	1432800000	32	ACYPI009042-PA probable maltase L-like;ACYPI54799-PA probable maltase D-like;ACYPI062315-PA maltase 1-like;ACYPI001772-PA maltase 1-like	ACYPI009042-PAprobablemaltaseL-like;ACYPI54799-PAprobablemaltaseD-like;ACYPI062315-PAmaltase1-like;ACYPI001772-PAmaltase1-like	ACYPI009042-PAprobablemaltaseL-like;ACYPI54799-PAprobablemaltaseD-like;ACYPI062315-PAmaltase1-like;ACYPI001772-PAmaltase1-like	2277
27163000	30604000	25064000	25996000	27305000	28191000	27774000	0	0	25876000				13	13	10	16.8	16.8	13.4	117.07	0	65.37	395340000	43	ACYPI009043-PA transcription elongation factor SPT5-like	ACYPI009043-PAtranscriptionelongationfactorSPT5-like	ACYPI009043-PAtranscriptionelongationfactorSPT5-like	2278
0	0	30816000	34201000	0	0	0	23217000	26798000	33393000				4	4	4	17.4	17.4	17.4	37.172	0	15.779	320680000	22	ACYPI009048-PA mitotic checkpoint protein BUB3-like	ACYPI009048-PAmitoticcheckpointproteinBUB3-like	ACYPI009048-PAmitoticcheckpointproteinBUB3-like	2280
0	0	82694000	0	0	0	0	0	0	44710000				3	3	3	20.4	20.4	20.4	18.779	0	57.105	276310000	9	ACYPI009055-PA Troponin C	ACYPI009055-PATroponinC	ACYPI009055-PATroponinC	2282
227470000	168440000	198000000	181170000	215220000	154930000	186990000	165460000	172030000	191470000				17	17	17	40.8	40.8	40.8	45.534	0	168.99	2916500000	164	ACYPI009059-PA TAR DNA-binding protein 43-like	ACYPI009059-PATARDNA-bindingprotein43-like	ACYPI009059-PATARDNA-bindingprotein43-like	2285
0	28029000	37402000	0	0	0	0	0	25149000	0				8	8	8	8.3	8.3	8.3	171.25	0	32.572	212880000	25	ACYPI009065-PA intron-binding protein aquarius	ACYPI009065-PAintron-bindingproteinaquarius	ACYPI009065-PAintron-bindingproteinaquarius	2286
0	20229000	0	0	23235000	0	23165000	0	29694000	23091000				6	6	6	8.4	8.4	8.4	103.96	0	41.943	264760000	36	ACYPI009070-PA Translocase of outer membrane 34	ACYPI009070-PATranslocaseofoutermembrane34	ACYPI009070-PATranslocaseofoutermembrane34	2287
38662000	42016000	43894000	35032000	0	33472000	0	0	0	0				11	11	0	18.3	18.3	0	91.381	0	31.122	406290000	35	ACYPI009071-PA ribonucleoside-diphosphate reductase large subunit-like	ACYPI009071-PAribonucleoside-diphosphatereductaselargesubunit-like	ACYPI009071-PAribonucleoside-diphosphatereductaselargesubunit-like	2288
0	0	19217000	22189000	0	19067000	0	0	0	0				4	4	4	24.1	24.1	24.1	47.22	0	25.769	222110000	20	ACYPI009075-PA Pre-B-cell leukemia transcription factor 1d	ACYPI009075-PAPre-B-cellleukemiatranscriptionfactor1d	ACYPI009075-PAPre-B-cellleukemiatranscriptionfactor1d	2289
0	0	0	0	0	43412000	31456000	0	40624000	36133000				8	8	8	11.2	11.2	11.2	129.31	0	39.639	256420000	22	ACYPI009077-PA DNA-directed RNA polymerase II subunit RPB2	ACYPI009077-PADNA-directedRNApolymeraseIIsubunitRPB2	ACYPI009077-PADNA-directedRNApolymeraseIIsubunitRPB2	2290
1338300000	911210000	1139900000	931430000	1470700000	792040000	1190800000	1012700000	1303000000	1306000000				11	11	11	66.7	66.7	66.7	16.633	0	323.31	18199000000	184	ACYPI009090-PA branchiostoma peroxiredoxin v protein	ACYPI009090-PAbranchiostomaperoxiredoxinvprotein	ACYPI009090-PAbranchiostomaperoxiredoxinvprotein	2292
17159000	0	0	21641000	0	0	0	0	31557000	22544000				5	5	5	5.6	5.6	5.6	142.14	0	20.364	161480000	20	ACYPI009098-PA cohesin subunit SA-1-like transcript variant 3	ACYPI009098-PAcohesinsubunitSA-1-liketranscriptvariant3	ACYPI009098-PAcohesinsubunitSA-1-liketranscriptvariant3	2293
319470000	319890000	345430000	314340000	340780000	372390000	354230000	396110000	389470000	339610000				11	11	11	57.4	57.4	57.4	20.619	0	175	5374400000	104	ACYPI009103-PA Ref_XM_001943878 PREDICTED_ similar to CG8844	ACYPI009103-PARef_XM_001943878PREDICTED_similartoCG8844	ACYPI009103-PARef_XM_001943878PREDICTED_similartoCG8844	2295
0	0	0	0	21533000	0	0	0	0	19024000				3	3	3	15.2	15.2	15.2	33.905	0	21.422	143300000	14	ACYPI009104-PA RE45450p	ACYPI009104-PARE45450p	ACYPI009104-PARE45450p	2296
0	0	0	27056000	25252000	0	23558000	0	34190000	0				3	3	3	19	19	19	21.465	0	14.691	300970000	23	ACYPI009106-PA Ref_XM_001952243 PREDICTED_ similar to inosine triphosphatase	ACYPI009106-PARef_XM_001952243PREDICTED_similartoinosinetriphosphatase	ACYPI009106-PARef_XM_001952243PREDICTED_similartoinosinetriphosphatase	2297
307070000	392970000	297810000	372460000	400930000	306710000	311450000	280310000	344820000	416980000				10	10	10	62.2	62.2	62.2	13.639	0	69.279	5479000000	104	ACYPI009132-PA 40S ribosomal protein S20	ACYPI009132-PA40SribosomalproteinS20	ACYPI009132-PA40SribosomalproteinS20	2304
0	0	0	19306000	0	22743000	23525000	24674000	23537000	19880000				2	2	2	9.2	9.2	9.2	32.99	0	32.465	240470000	16	ACYPI009137-PA spermidine synthase-like	ACYPI009137-PAspermidinesynthase-like	ACYPI009137-PAspermidinesynthase-like	2305
0	19690000	15865000	0	20078000	0	15935000	0	0	0				5	5	5	16.8	16.8	16.8	36.056	0	18.342	198980000	28	ACYPI009138-PA 2-deoxyribose-5-phosphate aldolase homolog c. elegans	ACYPI009138-PA2-deoxyribose-5-phosphatealdolasehomologc.elegans	ACYPI009138-PA2-deoxyribose-5-phosphatealdolasehomologc.elegans	2306
1668000000	1531200000	1680900000	1572400000	1664400000	1764300000	1400400000	1607800000	1515500000	1307800000				42	42	42	73	73	73	59.339	0	323.31	24947000000	506	ACYPI009151-PA t-complex protein 1 subunit eta-like	ACYPI009151-PAt-complexprotein1subuniteta-like	ACYPI009151-PAt-complexprotein1subuniteta-like	2307
100580000	122090000	111290000	109270000	113160000	114060000	103470000	113780000	149620000	130940000				13	13	13	37.8	37.8	37.8	49.224	0	125.47	1652300000	96	ACYPI009163-PA septin-2	ACYPI009163-PAseptin-2	ACYPI009163-PAseptin-2	2311
70175000	68507000	38419000	64327000	68430000	24483000	0	36177000	34171000	53603000				5	5	5	16.2	16.2	16.2	34.425	0	35.198	756430000	56	ACYPI009168-PA hypothetical protein LOC100168472 transcript variant 2;ACYPI007316-PA transformer-2 protein c	ACYPI009168-PAhypotheticalproteinLOC100168472transcriptvariant2;ACYPI007316-PAtransformer-2proteinc	ACYPI009168-PAhypotheticalproteinLOC100168472transcriptvariant2;ACYPI007316-PAtransformer-2proteinc	2312
0	64284000	0	55921000	0	0	0	0	0	0				8	8	5	22.9	22.9	18.1	49.628	0	43.049	436930000	19	ACYPI009169-PA hypothetical protein LOC100168473	ACYPI009169-PAhypotheticalproteinLOC100168473;ACYPI080643-PAuncharacterizedprotein;ACYPI45781-PAuncharacterizedprotein	ACYPI009169-PAhypotheticalproteinLOC100168473	2313
88798000	30533000	0	0	23915000	0	0	0	0	36540000				9	9	9	21.5	21.5	21.5	56.287	0	27.749	406550000	33	ACYPI009173-PA uncharacterized protein	ACYPI009173-PAuncharacterizedprotein	ACYPI009173-PAuncharacterizedprotein	2314
25458000	28480000	0	21369000	0	0	26146000	0	0	26743000				5	5	5	16.3	16.3	16.3	44.474	0	12.91	500060000	25	ACYPI009177-PA Aminomethyltransferase	ACYPI009177-PAAminomethyltransferase	ACYPI009177-PAAminomethyltransferase	2315
90749000	241840000	276920000	223290000	158440000	292220000	288870000	297310000	339550000	239480000				6	6	6	31	31	31	31.433	0	127.28	3561500000	83	ACYPI009189-PA Nuclear protein Hcc-1	ACYPI009189-PANuclearproteinHcc-1	ACYPI009189-PANuclearproteinHcc-1	2317
35395000	26885000	30644000	35411000	38824000	51581000	0	0	0	25392000				6	6	6	26	26	26	40.152	0	45.236	434180000	36	ACYPI009208-PA FMN-dependent alpha-hydroxy acid dehydrogenase	ACYPI009208-PAFMN-dependentalpha-hydroxyaciddehydrogenase	ACYPI009208-PAFMN-dependentalpha-hydroxyaciddehydrogenase	2318
11055000	0	0	0	11976000	0	0	0	0	0				2	2	2	4.9	4.9	4.9	55.219	0.00038595	4.2935	48547000	7	ACYPI009225-PA something about silencing protein 10-like	ACYPI009225-PAsomethingaboutsilencingprotein10-like	ACYPI009225-PAsomethingaboutsilencingprotein10-like	2319
0	31125000	0	21619000	0	0	0	47266000	0	53330000				9	5	1	31.3	20.7	4.6	36.496	0	10.083	236040000	15	ACYPI009231-PA uncharacterized protein	ACYPI009231-PAuncharacterizedprotein;ACYPI070338-PAzincfingerprotein512B-like	ACYPI009231-PAuncharacterizedprotein	2320
29318000	0	50702000	52724000	35703000	61943000	38385000	42017000	53039000	48432000				8	8	8	20.3	20.3	20.3	50.996	0	25.435	670400000	41	ACYPI009232-PA dna-damage inducible protein ddi1	ACYPI009232-PAdna-damageinducibleproteinddi1	ACYPI009232-PAdna-damageinducibleproteinddi1	2321
841530000	799260000	705620000	729520000	730130000	1102000000	960650000	1187500000	1041200000	839540000				17	17	17	79.4	79.4	79.4	27.129	0	323.31	13518000000	289	ACYPI009245-PA outer dense fiber protein 3-like transcript variant 2	ACYPI009245-PAouterdensefiberprotein3-liketranscriptvariant2	ACYPI009245-PAouterdensefiberprotein3-liketranscriptvariant2	2322
65996000	89522000	69599000	75348000	75846000	46946000	101210000	104810000	102520000	82482000				8	8	8	22.9	22.9	22.9	46.72	0	86.679	1069400000	59	ACYPI009250-PA succinyl-CoA ligase [GDP-forming] subunit beta mitochondrial-like	ACYPI009250-PAsuccinyl-CoAligase[GDP-forming]subunitbetamitochondrial-like	ACYPI009250-PAsuccinyl-CoAligase[GDP-forming]subunitbetamitochondrial-like	2325
6477200000	7122800000	6514800000	7564000000	8146000000	4044200000	6180400000	7477200000	5920200000	5704200000				54	54	54	64.7	64.7	64.7	89.195	0	323.31	98526000000	885	ACYPI009253-PA 60 kDa heat shock protein	ACYPI009253-PA60kDaheatshockprotein;ACYPI086401-PA60kDaheatshockprotein;ACYPI061554-PA60kDaheatshockproteinmitochondrial-like	ACYPI009253-PA60kDaheatshockprotein	2326
283730000	335590000	264500000	306440000	311450000	381040000	403640000	262550000	419200000	470330000				21	21	21	49.4	49.4	49.4	69.059	0	169.79	5716300000	194	ACYPI009266-PA Dolichyl-diphosphooligosaccharide--protein glycosyltransferase subunit 1	ACYPI009266-PADolichyl-diphosphooligosaccharide--proteinglycosyltransferasesubunit1	ACYPI009266-PADolichyl-diphosphooligosaccharide--proteinglycosyltransferasesubunit1	2330
132810000	116920000	105920000	160220000	145290000	55937000	84006000	60987000	89115000	84116000				10	10	10	59	59	59	22.49	0	58.197	1713900000	83	ACYPI009272-PA biliverdin reductase B;ACYPI089169-PA flavin reductase-like	ACYPI009272-PAbiliverdinreductaseB;ACYPI089169-PAflavinreductase-like	ACYPI009272-PAbiliverdinreductaseB;ACYPI089169-PAflavinreductase-like	2331
1254900000	1329700000	1214100000	1111800000	1116000000	777720000	1049300000	1456300000	1058500000	750960000				19	19	19	46.7	46.7	46.7	56.82	0	323.31	16960000000	350	ACYPI009274-PA methylmalonate-semialdehyde dehydrogenase	ACYPI009274-PAmethylmalonate-semialdehydedehydrogenase	ACYPI009274-PAmethylmalonate-semialdehydedehydrogenase	2332
68621000	20373000	19967000	27095000	45313000	0	17604000	0	0	24910000				8	8	8	12.5	12.5	12.5	85.678	0	24.683	411390000	36	ACYPI009281-PA Phospholipase A-2-activating protein	ACYPI009281-PAPhospholipaseA-2-activatingprotein	ACYPI009281-PAPhospholipaseA-2-activatingprotein	2334
155420000	115270000	101180000	125190000	172220000	137490000	112250000	117760000	165360000	132980000				6	6	6	10.5	10.5	10.5	47.598	0	89.37	2031600000	66	ACYPI009286-PA cabeza	ACYPI009286-PAcabeza	ACYPI009286-PAcabeza	2335
37741000	28525000	43046000	34664000	41768000	0	43774000	37793000	51510000	38697000				8	8	8	31.7	31.7	31.7	53.911	0	191.38	574520000	50	ACYPI009292-PA wd-repeat protein	ACYPI009292-PAwd-repeatprotein	ACYPI009292-PAwd-repeatprotein	2336
0	0	0	0	0	35802000	0	0	40991000	30712000				2	2	2	21.6	21.6	21.6	23.331	0	19.599	274330000	21	ACYPI009295-PA uncharacterized protein	ACYPI009295-PAuncharacterizedprotein	ACYPI009295-PAuncharacterizedprotein	2337
0	0	0	0	18914000	0	0	0	0	19760000				4	4	4	10.5	10.5	10.5	51.819	0	26.756	290850000	22	ACYPI009303-PA guanine nucleotide-binding protein-like 3 homolog;ACYPI065970-PA guanine nucleotide-binding protein-like 3-like	ACYPI009303-PAguaninenucleotide-bindingprotein-like3homolog;ACYPI065970-PAguaninenucleotide-bindingprotein-like3-like	ACYPI009303-PAguaninenucleotide-bindingprotein-like3homolog;ACYPI065970-PAguaninenucleotide-bindingprotein-like3-like	2339
50419000	42823000	38397000	61326000	62693000	47792000	0	48139000	35984000	58805000				7	7	7	62.1	62.1	62.1	16.09	0	47.882	773750000	49	ACYPI081823-PA Vacuolar protein sorting-associated protein 29;ACYPI009312-PA Vacuolar protein sorting-associated protein 29	ACYPI081823-PAVacuolarproteinsorting-associatedprotein29;ACYPI009312-PAVacuolarproteinsorting-associatedprotein29	ACYPI081823-PAVacuolarproteinsorting-associatedprotein29;ACYPI009312-PAVacuolarproteinsorting-associatedprotein29	2340
514370000	544860000	471840000	441130000	429300000	379340000	493690000	500480000	425700000	523390000				61	61	61	22	22	22	436.09	0	323.31	7514600000	363	ACYPI009317-PA Basement membrane-specific heparan sulfate proteoglycan core protein	ACYPI009317-PABasementmembrane-specificheparansulfateproteoglycancoreprotein	ACYPI009317-PABasementmembrane-specificheparansulfateproteoglycancoreprotein	2341
186740000	203420000	236150000	199380000	181650000	217290000	187740000	214370000	253340000	229660000				14	14	14	44.9	44.9	44.9	43.739	0	136.69	3255300000	149	ACYPI009325-PA cAMP-dependent protein kinase type II regulatory subunit	ACYPI009325-PAcAMP-dependentproteinkinasetypeIIregulatorysubunit;ACYPI084637-PAuncharacterizedprotein	ACYPI009325-PAcAMP-dependentproteinkinasetypeIIregulatorysubunit	2342
0	0	0	25771000	21485000	0	0	0	0	0				4	3	3	14.9	10.4	10.4	23.442	0	6.4082	229010000	16	ACYPI009326-PA Glutathione S-transferase	ACYPI009326-PAGlutathioneS-transferase;ACYPI087371-PAGlutathioneS-transferase	ACYPI009326-PAGlutathioneS-transferase	2343
317350000	425170000	190490000	248580000	212540000	408370000	314330000	642220000	264350000	280140000				10	10	10	38.7	38.7	38.7	52.045	0	158.53	4990800000	129	ACYPI009356-PA Cuticular protein analogous to peritrophins 1-G	ACYPI009356-PACuticularproteinanalogoustoperitrophins1-G	ACYPI009356-PACuticularproteinanalogoustoperitrophins1-G	2344
172680000	182670000	149170000	154570000	191160000	107640000	213100000	242840000	243480000	179710000				17	17	16	45.3	45.3	42.1	44.375	0	80.385	2696700000	145	ACYPI009364-PA Ref_XM_001947884 PREDICTED_ similar to acyl-coa dehydrogenase	ACYPI009364-PARef_XM_001947884PREDICTED_similartoacyl-coadehydrogenase	ACYPI009364-PARef_XM_001947884PREDICTED_similartoacyl-coadehydrogenase	2345
0	33353000	0	0	33749000	0	38719000	0	0	25705000				3	3	2	4.1	4.1	2.4	63.413	0	10.245	385390000	22	ACYPI009366-PA gamma-glutamyltranspeptidase 1 precursor	ACYPI009366-PAgamma-glutamyltranspeptidase1precursor	ACYPI009366-PAgamma-glutamyltranspeptidase1precursor	2346
0	71396000	78553000	70272000	61114000	63478000	55658000	73844000	76809000	29179000				6	6	6	20.8	20.8	20.8	40.13	0	55.741	961500000	57	ACYPI009370-PA probable galactose-1-phosphate uridylyltransferase-like	ACYPI009370-PAprobablegalactose-1-phosphateuridylyltransferase-like	ACYPI009370-PAprobablegalactose-1-phosphateuridylyltransferase-like	2348
37926000	30248000	32320000	31352000	29233000	35495000	0	32568000	39633000	27060000				3	3	3	11.1	11.1	11.1	45.6	0	58.351	489190000	34	ACYPI009376-PA TFIIA-alpha and beta-like factor-like	ACYPI009376-PATFIIA-alphaandbeta-likefactor-like	ACYPI009376-PATFIIA-alphaandbeta-likefactor-like	2349
0	96630000	136740000	117950000	155350000	98574000	129120000	225160000	182330000	107970000				8	8	8	45.1	45.1	45.1	23.36	0	58.157	1589200000	58	ACYPI009382-PA nadh dehydrogenase iron-sulfur protein	ACYPI009382-PAnadhdehydrogenaseiron-sulfurprotein	ACYPI009382-PAnadhdehydrogenaseiron-sulfurprotein	2352
66681000	54398000	70001000	60544000	57729000	82902000	66701000	61488000	48906000	69047000				13	13	13	51.8	51.8	51.8	47.689	0	72.927	1009600000	95	ACYPI009387-PA mRNA-decapping enzyme 1B	ACYPI009387-PAmRNA-decappingenzyme1B	ACYPI009387-PAmRNA-decappingenzyme1B	2353
297210000	292370000	275080000	345140000	375520000	172400000	226490000	183990000	210140000	282710000				18	18	18	50.8	50.8	50.8	37.15	0	183.44	4303200000	142	ACYPI009395-PA Eukaryotic translation initiation factor 2 subunit 1	ACYPI009395-PAEukaryotictranslationinitiationfactor2subunit1	ACYPI009395-PAEukaryotictranslationinitiationfactor2subunit1	2355
25327000	31866000	30923000	0	36446000	0	22287000	0	25687000	0				7	7	7	19.7	19.7	19.7	61.51	0	26.032	323800000	37	ACYPI009398-PA methylcrotonoyl-CoA carboxylase beta chain mitochondrial-like	ACYPI009398-PAmethylcrotonoyl-CoAcarboxylasebetachainmitochondrial-like	ACYPI009398-PAmethylcrotonoyl-CoAcarboxylasebetachainmitochondrial-like	2356
0	0	0	14922000	12228000	0	0	0	0	0				2	2	2	21.6	21.6	21.6	14.762	0	7.6836	161420000	19	ACYPI009400-PA COX assembly mitochondrial protein homolog transcript variant 1	ACYPI009400-PACOXassemblymitochondrialproteinhomologtranscriptvariant1	ACYPI009400-PACOXassemblymitochondrialproteinhomologtranscriptvariant1	2357
773810000	605390000	522930000	731890000	733530000	530710000	553860000	537650000	502420000	624380000				18	18	18	72.6	72.6	72.6	24.4	0	156.49	9484700000	196	ACYPI009403-PA Ferritin 1 heavy chain homologue	ACYPI009403-PAFerritin1heavychainhomologue	ACYPI009403-PAFerritin1heavychainhomologue	2358
120990000	109040000	134840000	128490000	132320000	135110000	107840000	130140000	138540000	96677000				7	7	7	25.9	25.9	25.9	26.219	0	49.27	2006100000	81	ACYPI009408-PA proteasome subunit beta type-6-like	ACYPI009408-PAproteasomesubunitbetatype-6-like	ACYPI009408-PAproteasomesubunitbetatype-6-like	2359
38125000	86360000	62811000	81568000	99494000	0	31464000	0	0	65346000				1	1	1	9.4	9.4	9.4	19.303	0	13.465	895020000	26	ACYPI009414-PA uncharacterized protein	ACYPI009414-PAuncharacterizedprotein	ACYPI009414-PAuncharacterizedprotein	2362
35831000	40122000	49373000	37230000	30448000	38824000	53620000	0	43857000	39980000				8	8	8	9.3	9.3	9.3	164.36	0	71.024	553820000	49	ACYPI009419-PA Ref_XM_001949950 PREDICTED_ similar to gawky	ACYPI009419-PARef_XM_001949950PREDICTED_similartogawky	ACYPI009419-PARef_XM_001949950PREDICTED_similartogawky	2363
35544000	54984000	44309000	37678000	34160000	75256000	90464000	86591000	106690000	86967000				10	10	10	32.8	32.8	32.8	40.372	0	42.983	1012300000	68	ACYPI009431-PA guanine nucleotide binding protein	ACYPI009431-PAguaninenucleotidebindingprotein;ACYPI005077-PAguaninenucleotide-bindingproteinG;ACYPI006142-PAGuaninenucleotide-bindingproteinsubunitalpha-12;ACYPI000476-PAguaninenucleotide-bindingproteinG	ACYPI009431-PAguaninenucleotidebindingprotein	2367
78267000	78022000	67554000	63450000	78727000	51170000	80163000	91418000	80677000	73338000				9	9	9	30.7	30.7	30.7	46.081	0	54.872	1165900000	66	ACYPI086826-PA isovaleryl-CoA dehydrogenase mitochondrial-like;ACYPI009436-PA isovaleryl-CoA dehydrogenase mitochondrial-like	ACYPI086826-PAisovaleryl-CoAdehydrogenasemitochondrial-like;ACYPI009436-PAisovaleryl-CoAdehydrogenasemitochondrial-like	ACYPI086826-PAisovaleryl-CoAdehydrogenasemitochondrial-like;ACYPI009436-PAisovaleryl-CoAdehydrogenasemitochondrial-like	2368
1603300000	1737000000	1167200000	1197500000	1622500000	2055700000	2492300000	1541800000	2261200000	2406500000				21	21	21	47.1	47.1	47.1	46.496	0	268.06	27842000000	308	ACYPI009439-PA 60S ribosomal protein L3-like	ACYPI009439-PA60SribosomalproteinL3-like	ACYPI009439-PA60SribosomalproteinL3-like	2370
0	50794000	52542000	47410000	0	100800000	97107000	74522000	132170000	82185000				6	6	6	19.2	19.2	19.2	41.948	0	27.797	1155600000	50	ACYPI009441-PA innexin inx2-like	ACYPI009441-PAinnexininx2-like	ACYPI009441-PAinnexininx2-like	2371
18860000	0	16608000	0	22662000	18068000	0	23253000	21237000	18856000				8	8	8	7.6	7.6	7.6	182.3	0	53.624	312590000	33	ACYPI009443-PA band protein	ACYPI009443-PAbandprotein	ACYPI009443-PAbandprotein	2372
334250000	339690000	365120000	359890000	351890000	382850000	309940000	333550000	381790000	299270000				22	22	22	41.1	41.1	41.1	76.203	0	213.3	5545300000	171	ACYPI009448-PA Trifunctional purine biosynthetic protein adenosine-3	ACYPI009448-PATrifunctionalpurinebiosyntheticproteinadenosine-3	ACYPI009448-PATrifunctionalpurinebiosyntheticproteinadenosine-3	2374
236810000	277330000	274840000	247540000	239570000	283170000	274760000	325840000	283990000	248900000				8	8	4	31.7	31.7	17.1	30.689	0	82.603	4187000000	92	ACYPI009451-PA uncharacterized protein;ACYPI005688-PA uncharacterized protein;ACYPI060795-PA uncharacterized protein;ACYPI003745-PA carbonyl reductase [NADPH] 1-like	ACYPI009451-PAuncharacterizedprotein;ACYPI005688-PAuncharacterizedprotein;ACYPI060795-PAuncharacterizedprotein;ACYPI003745-PAcarbonylreductase[NADPH]1-like	ACYPI009451-PAuncharacterizedprotein;ACYPI005688-PAuncharacterizedprotein;ACYPI060795-PAuncharacterizedprotein;ACYPI003745-PAcarbonylreductase[NADPH]1-like	2375
235430000	253650000	161440000	136440000	185900000	352170000	381990000	236820000	303260000	378410000				3	3	3	23	23	23	15.579	0	46.108	4167600000	93	ACYPI009454-PA 40S ribosomal protein S24-like	ACYPI009454-PA40SribosomalproteinS24-like	ACYPI009454-PA40SribosomalproteinS24-like	2376
0	0	0	0	0	0	29271000	0	16612000	0				3	3	3	7.2	7.2	7.2	68.688	0	12.338	185520000	18	ACYPI009455-PA uncharacterized protein	ACYPI009455-PAuncharacterizedprotein	ACYPI009455-PAuncharacterizedprotein	2377
72424000	80989000	73454000	99011000	91729000	77849000	95332000	77446000	71220000	118560000				15	15	15	28.7	28.7	28.7	104.14	0	89.563	1528300000	97	ACYPI009457-PA BcDNA.GH04962	ACYPI009457-PABcDNA.GH04962	ACYPI009457-PABcDNA.GH04962	2379
273000000	372650000	347990000	338480000	337680000	237130000	413990000	433880000	411950000	329060000				16	16	16	41	41	41	53.27	0	102.04	5034500000	139	ACYPI009462-PA succinyl-CoA ligase [ADP-forming] subunit beta mitochondrial-like	ACYPI009462-PAsuccinyl-CoAligase[ADP-forming]subunitbetamitochondrial-like	ACYPI009462-PAsuccinyl-CoAligase[ADP-forming]subunitbetamitochondrial-like	2380
14016000	13095000	13636000	12136000	15826000	12671000	13896000	10699000	17758000	17339000				5	5	5	19.2	19.2	19.2	35.043	0	10.963	230010000	44	ACYPI009463-PA Ref_XM_001951423 PREDICTED_ similar to putative actin-related protein 2/3 complex subunit 2	ACYPI009463-PARef_XM_001951423PREDICTED_similartoputativeactin-relatedprotein2/3complexsubunit2	ACYPI009463-PARef_XM_001951423PREDICTED_similartoputativeactin-relatedprotein2/3complexsubunit2	2381
33998000	40099000	47714000	33422000	27719000	45885000	41241000	64671000	53839000	46949000				8	8	8	26.9	26.9	26.9	43.55	0	110.4	709020000	71	ACYPI009470-PA ELAV-like protein 4	ACYPI009470-PAELAV-likeprotein4	ACYPI009470-PAELAV-likeprotein4	2383
57004000	48208000	42898000	42378000	42748000	44461000	42682000	46524000	52830000	52283000				11	11	11	24	24	24	72.84	0	57.309	711410000	75	ACYPI009473-PA Cortactin	ACYPI009473-PACortactin	ACYPI009473-PACortactin	2384
44576000	41260000	39001000	47406000	50794000	0	43994000	0	0	49897000				10	10	10	12	12	12	116.69	0	21.439	499990000	33	ACYPI009474-PA Thrombospondin	ACYPI009474-PAThrombospondin	ACYPI009474-PAThrombospondin	2385
1367000000	1384300000	1130200000	1192200000	1376000000	590690000	936290000	1094700000	644800000	740490000				16	16	16	46.6	46.6	46.6	47.832	0	323.31	15286000000	283	ACYPI009480-PA Ornithine aminotransferase	ACYPI009480-PAOrnithineaminotransferase	ACYPI009480-PAOrnithineaminotransferase	2387
23137000	0	0	35796000	0	0	0	0	0	0				3	3	3	11.5	11.5	11.5	48.26	0	30.795	275860000	23	ACYPI009486-PA cytoplasmic dynein 1 light intermediate chain	ACYPI009486-PAcytoplasmicdynein1lightintermediatechain	ACYPI009486-PAcytoplasmicdynein1lightintermediatechain	2388
0	27626000	44305000	0	0	0	31229000	29581000	26916000	28485000				7	7	7	7.6	7.6	7.6	128.88	0	20.886	335250000	32	ACYPI009490-PA Myb-binding protein 1A	ACYPI009490-PAMyb-bindingprotein1A	ACYPI009490-PAMyb-bindingprotein1A	2390
94836000	238280000	246020000	253280000	171900000	106340000	313350000	302150000	466700000	624020000				2	2	2	3.1	3.1	3.1	39.852	0	14.714	3621900000	56	ACYPI009491-PA cuticular protein	ACYPI009491-PAcuticularprotein	ACYPI009491-PAcuticularprotein	2391
0	45294000	35339000	35977000	30709000	55139000	59386000	0	51381000	42724000				6	6	6	29.6	29.6	29.6	24.882	0	61.909	601540000	36	ACYPI009497-PA vesicle trafficking protein sec22	ACYPI009497-PAvesicletraffickingproteinsec22	ACYPI009497-PAvesicletraffickingproteinsec22	2392
330220000	121020000	132860000	114120000	146450000	128400000	111420000	0	130810000	94478000				7	7	7	26.8	26.8	26.8	24.108	0	90.693	2118900000	73	ACYPI009500-PA Suppressor/enhancer of lin-12 protein 9	ACYPI009500-PASuppressor/enhanceroflin-12protein9	ACYPI009500-PASuppressor/enhanceroflin-12protein9	2393
69147000	75137000	59596000	0	0	66476000	0	72177000	0	56964000				10	9	9	39.1	36.3	36.3	36.045	0	88.855	758390000	36	ACYPI009502-PA annexin x	ACYPI009502-PAannexinx	ACYPI009502-PAannexinx	2395
59572000	38939000	35014000	41377000	42193000	0	23190000	39344000	12883000	28136000				5	5	5	13.8	13.8	13.8	62.6	0	36.182	528380000	47	ACYPI009503-PA esterase FE4-like transcript variant 2	ACYPI009503-PAesteraseFE4-liketranscriptvariant2	ACYPI009503-PAesteraseFE4-liketranscriptvariant2	2396
363890000	326390000	322700000	322850000	329290000	329550000	272180000	339100000	342030000	299070000				18	18	16	47.3	47.3	43	49.424	0	100.13	5022000000	148	ACYPI009513-PA Alpha-N-acetylgalactosaminidase	ACYPI009513-PAAlpha-N-acetylgalactosaminidase	ACYPI009513-PAAlpha-N-acetylgalactosaminidase	2398
362290000	444440000	392130000	367020000	367390000	303890000	274010000	311300000	258420000	284210000				9	9	8	49	49	44.6	23.309	0	55.395	5186500000	88	ACYPI009519-PA Glutathione S-transferase	ACYPI009519-PAGlutathioneS-transferase;ACYPI083282-PAGlutathioneS-transferase	ACYPI009519-PAGlutathioneS-transferase	2401
0	0	0	0	0	55212000	63985000	0	70401000	56101000				5	5	5	25.5	25.5	25.5	21.354	0	17.573	517620000	34	ACYPI009526-PA rac gtpase-like	ACYPI009526-PAracgtpase-like	ACYPI009526-PAracgtpase-like	2403
2329000000	2413800000	2658700000	2685400000	2530600000	2526100000	2383500000	2614100000	2623200000	2626500000				13	13	13	90.7	90.7	90.7	11.666	0	323.31	38314000000	313	ACYPI009532-PA Ref_XM_001943343 PREDICTED_ similar to FKBP12	ACYPI009532-PARef_XM_001943343PREDICTED_similartoFKBP12	ACYPI009532-PARef_XM_001943343PREDICTED_similartoFKBP12	2405
54939000	69151000	123000000	0	49197000	45985000	38387000	40538000	0	63228000				12	12	12	34.8	34.8	34.8	64.827	0	43.055	949650000	53	ACYPI009536-PA Rab proteins geranylgeranyltransferase component A 2	ACYPI009536-PARabproteinsgeranylgeranyltransferasecomponentA2	ACYPI009536-PARabproteinsgeranylgeranyltransferasecomponentA2	2406
132880000	123080000	144850000	146040000	141270000	187790000	159030000	165690000	191990000	214050000				13	13	13	49.4	49.4	49.4	37.675	0	125.51	2582700000	129	ACYPI009542-PA Heterogeneous nuclear ribonucleoprotein	ACYPI009542-PAHeterogeneousnuclearribonucleoprotein	ACYPI009542-PAHeterogeneousnuclearribonucleoprotein	2409
2763400000	1288400000	1288200000	1633400000	2279000000	1110700000	1145300000	1184300000	1063400000	1368400000				27	27	27	90	90	90	22.74	0	323.31	23428000000	282	ACYPI009552-PA Nascent polypeptide-associated complex subunit alpha	ACYPI009552-PANascentpolypeptide-associatedcomplexsubunitalpha	ACYPI009552-PANascentpolypeptide-associatedcomplexsubunitalpha	2411
0	0	29043000	27389000	0	23117000	0	0	0	0				2	2	2	19.4	19.4	19.4	26.863	0	40.981	239940000	20	ACYPI009554-PA AMME syndrome candidate gene 1 protein homolog	ACYPI009554-PAAMMEsyndromecandidategene1proteinhomolog	ACYPI009554-PAAMMEsyndromecandidategene1proteinhomolog	2412
454200000	402790000	451810000	436440000	498900000	409720000	342330000	326210000	366870000	352950000				29	29	29	50.4	50.4	50.4	68.411	0	234.85	6266400000	231	ACYPI009568-PA Lysyl-tRNA synthetase	ACYPI009568-PALysyl-tRNAsynthetase	ACYPI009568-PALysyl-tRNAsynthetase	2413
230940000	197940000	235360000	192140000	232720000	132110000	207510000	209300000	200610000	197570000				15	15	15	52.4	52.4	52.4	45.392	0	145.03	3184600000	118	ACYPI009596-PA Ref_XM_001947262 PREDICTED_ similar to selenophosphate synthetase	ACYPI009596-PARef_XM_001947262PREDICTED_similartoselenophosphatesynthetase	ACYPI009596-PARef_XM_001947262PREDICTED_similartoselenophosphatesynthetase	2414
80788000	73839000	74430000	66903000	78401000	90992000	64625000	88230000	86409000	62245000				10	10	10	27.5	27.5	27.5	54.281	0	55.411	1128800000	76	ACYPI009601-PA Glutathione synthetase	ACYPI009601-PAGlutathionesynthetase	ACYPI009601-PAGlutathionesynthetase	2415
362060000	495080000	399720000	419530000	440920000	238660000	440610000	519550000	403790000	431770000				13	13	13	40.6	40.6	40.6	34.654	0	131.09	6261400000	178	ACYPI009606-PA succinyl-coa synthetase small subunit	ACYPI009606-PAsuccinyl-coasynthetasesmallsubunit	ACYPI009606-PAsuccinyl-coasynthetasesmallsubunit	2416
782590000	835050000	909330000	930970000	971200000	917270000	782880000	808040000	867070000	734260000				31	31	31	74.4	74.4	74.4	49.832	0	323.31	13504000000	358	ACYPI009608-PA rab GDP dissociation inhibitor alpha-like transcript variant 1	ACYPI009608-PArabGDPdissociationinhibitoralpha-liketranscriptvariant1	ACYPI009608-PArabGDPdissociationinhibitoralpha-liketranscriptvariant1	2417
107030000	0	0	83015000	81165000	0	0	0	0	0				3	3	3	6.4	6.4	6.4	38.789	0	9.8947	702200000	23	ACYPI009609-PA legumain-like	ACYPI009609-PAlegumain-like	ACYPI009609-PAlegumain-like	2418
37738000	34840000	39716000	36948000	39610000	34733000	32414000	31253000	39704000	35304000				7	7	7	48	48	48	32.061	0	32.028	478350000	47	ACYPI009612-PA cytochrome c-type heme lyase	ACYPI009612-PAcytochromec-typehemelyase	ACYPI009612-PAcytochromec-typehemelyase	2419
0	0	42169000	0	0	44153000	0	0	21377000	32919000				6	6	6	34	34	34	27.019	0	18.874	288910000	23	ACYPI009613-PA Dolichol-phosphate mannosyltransferase	ACYPI009613-PADolichol-phosphatemannosyltransferase	ACYPI009613-PADolichol-phosphatemannosyltransferase	2420
76398000	59245000	49840000	105690000	60152000	81313000	45209000	52125000	35806000	58282000				16	16	16	19.2	19.2	19.2	118.01	0	67.946	1020200000	70	ACYPI009618-PA dipeptidyl peptidase	ACYPI009618-PAdipeptidylpeptidase	ACYPI009618-PAdipeptidylpeptidase	2421
0	32043000	31873000	33393000	0	29581000	0	40206000	44349000	0				4	4	4	27	27	27	29.559	0	19.855	408170000	27	ACYPI009625-PA cop-coated vesicle membrane protein p24	ACYPI009625-PAcop-coatedvesiclemembraneproteinp24	ACYPI009625-PAcop-coatedvesiclemembraneproteinp24	2425
231640000	110770000	111890000	177020000	214420000	92032000	80033000	82377000	88329000	68663000				9	9	8	22.1	22.1	20.4	53.514	0	68.263	1905500000	76	ACYPI009626-PA Aromatic-L-amino-acid decarboxylase	ACYPI009626-PAAromatic-L-amino-aciddecarboxylase	ACYPI009626-PAAromatic-L-amino-aciddecarboxylase	2426
303640000	308170000	300390000	256510000	274850000	268140000	271830000	261210000	263780000	228340000				15	15	15	41.6	41.6	41.6	53.207	0	164.89	4201500000	163	ACYPI009628-PA Glutamate carboxypeptidase	ACYPI009628-PAGlutamatecarboxypeptidase	ACYPI009628-PAGlutamatecarboxypeptidase	2427
685800000	641830000	787050000	780670000	632370000	742120000	711290000	647620000	692150000	663470000				18	18	18	52.9	52.9	52.9	37.588	0	178.45	11019000000	205	ACYPI009633-PA eukaryotic translation initiation factor 3 subunit H-like	ACYPI009633-PAeukaryotictranslationinitiationfactor3subunitH-like	ACYPI009633-PAeukaryotictranslationinitiationfactor3subunitH-like	2429
180140000	136490000	174430000	151440000	131880000	182140000	105290000	122450000	149810000	139680000				7	7	7	51.8	51.8	51.8	14.91	0	118.12	2168600000	38	ACYPI009639-PA small nuclear ribonucleoprotein sm d3	ACYPI009639-PAsmallnuclearribonucleoproteinsmd3	ACYPI009639-PAsmallnuclearribonucleoproteinsmd3	2430
144070000	149660000	139710000	158160000	173520000	104170000	111450000	106950000	118770000	134780000				14	14	14	33.8	33.8	33.8	66.243	0	82.01	2177200000	101	ACYPI009651-PA probable phenylalanyl-tRNA synthetase beta chain-like	ACYPI009651-PAprobablephenylalanyl-tRNAsynthetasebetachain-like	ACYPI009651-PAprobablephenylalanyl-tRNAsynthetasebetachain-like	2433
157510000	160560000	166080000	159840000	146990000	164630000	129990000	171680000	182140000	136300000				12	12	12	39.4	39.4	39.4	27.837	0	46.828	2435500000	108	ACYPI009662-PA LD45860p	ACYPI009662-PALD45860p	ACYPI009662-PALD45860p	2437
1379900000	1036300000	1097300000	1493100000	1233400000	966120000	1067000000	962400000	1101800000	1246100000				9	9	9	77.1	77.1	77.1	11.927	0	68.487	20965000000	164	ACYPI009665-PA Thioredoxin-2	ACYPI009665-PAThioredoxin-2	ACYPI009665-PAThioredoxin-2	2439
89990000	102050000	86235000	85192000	119820000	62707000	62459000	61272000	0	65480000				10	10	10	38.9	38.9	38.9	30.936	0	53.699	1182800000	59	ACYPI009666-PA ribose-5-phosphate isomerase-like	ACYPI009666-PAribose-5-phosphateisomerase-like	ACYPI009666-PAribose-5-phosphateisomerase-like	2440
126730000	144320000	89651000	95397000	103380000	169590000	125550000	119000000	120870000	88096000				8	8	8	14.3	14.3	14.3	84.264	0	122.59	1836000000	72	ACYPI009675-PA uncharacterized protein	ACYPI009675-PAuncharacterizedprotein	ACYPI009675-PAuncharacterizedprotein	2441
56208000	65662000	60329000	74449000	47350000	71971000	68301000	71377000	69891000	63379000				5	5	5	20.1	20.1	20.1	28.677	0	33.352	1004900000	52	ACYPI009695-PA sjchgc06573 protein	ACYPI009695-PAsjchgc06573protein	ACYPI009695-PAsjchgc06573protein	2444
50535000	53413000	83912000	53306000	59490000	45291000	40744000	45295000	77949000	67670000				8	8	8	18.2	18.2	18.2	70.292	0	152.36	996740000	52	ACYPI009701-PA uncharacterized protein	ACYPI009701-PAuncharacterizedprotein	ACYPI009701-PAuncharacterizedprotein	2446
0	118460000	135830000	497620000	0	0	0	0	0	0				1	1	1	17.1	17.1	17.1	17.818	0	94.251	2342700000	25	ACYPI009705-PA Glycine cleavage system h protein	ACYPI009705-PAGlycinecleavagesystemhprotein	ACYPI009705-PAGlycinecleavagesystemhprotein	2448
651170000	764940000	757770000	806850000	854390000	681010000	768740000	747410000	829920000	984290000				14	14	14	38.8	38.8	38.8	49.692	0	323.31	12501000000	181	ACYPI009715-PA hypothetical protein LOC100169062	ACYPI009715-PAhypotheticalproteinLOC100169062;ACYPI081394-PAuncharacterizedprotein	ACYPI009715-PAhypotheticalproteinLOC100169062	2450
257050000	224770000	252520000	224420000	254370000	277950000	226710000	203520000	296670000	259220000				20	20	20	55.4	55.4	55.4	45.53	0	242.09	3920000000	155	ACYPI009718-PA 26S proteasome non-ATPase regulatory subunit	ACYPI009718-PA26Sproteasomenon-ATPaseregulatorysubunit	ACYPI009718-PA26Sproteasomenon-ATPaseregulatorysubunit	2451
48379000	0	0	62240000	0	0	0	60066000	59702000	90578000				4	4	3	6.4	6.4	5.4	99.837	0	11.895	884490000	30	ACYPI009721-PA hypothetical protein LOC100169068	ACYPI009721-PAhypotheticalproteinLOC100169068	ACYPI009721-PAhypotheticalproteinLOC100169068	2452
0	0	0	10648000	16239000	0	0	0	0	0				3	3	3	17.2	17.2	17.2	24.81	0	7.4166	135270000	13	ACYPI009739-PA vacuolar protein sorting-associated protein	ACYPI009739-PAvacuolarproteinsorting-associatedprotein	ACYPI009739-PAvacuolarproteinsorting-associatedprotein	2455
283920000	258620000	172760000	231270000	268600000	185970000	178810000	135220000	153090000	210110000				10	10	10	30	30	30	45.231	0	72.672	3679100000	78	ACYPI009740-PA aminoacylase-1-like	ACYPI009740-PAaminoacylase-1-like	ACYPI009740-PAaminoacylase-1-like	2456
0	52297000	49099000	67256000	0	57758000	52871000	0	51043000	74931000				8	8	8	26.1	26.1	26.1	58.161	0	50.019	828460000	52	ACYPI009741-PA protein phosphatase pp2a regulatory subunit b	ACYPI009741-PAproteinphosphatasepp2aregulatorysubunitb	ACYPI009741-PAproteinphosphatasepp2aregulatorysubunitb	2457
67427000	72816000	95252000	81590000	81473000	103270000	66018000	75274000	85670000	85944000				12	12	12	37.7	37.7	37.7	55.238	0	55.933	1358900000	107	ACYPI009742-PA ran gtpase-activating protein	ACYPI009742-PArangtpase-activatingprotein	ACYPI009742-PArangtpase-activatingprotein	2458
1072500000	1069000000	1006600000	1077000000	1133400000	697410000	1065700000	1228800000	859080000	813820000				23	23	23	49.7	49.7	49.7	55.753	0	323.31	15712000000	280	ACYPI009744-PA aldehyde dehydrogenase mitochondrial-like transcript variant 1	ACYPI009744-PAaldehydedehydrogenasemitochondrial-liketranscriptvariant1	ACYPI009744-PAaldehydedehydrogenasemitochondrial-liketranscriptvariant1	2460
31852000	29503000	0	0	37011000	0	0	0	0	0				5	5	5	18.6	18.6	18.6	43.389	0	18.927	263930000	21	ACYPI009745-PA pre-mRNA-splicing factor RBM22-like	ACYPI009745-PApre-mRNA-splicingfactorRBM22-like	ACYPI009745-PApre-mRNA-splicingfactorRBM22-like	2461
7266800000	6873800000	6190300000	7107700000	7355400000	5227400000	6025600000	6231800000	5144200000	6060700000				38	38	38	65.7	65.7	65.7	57.296	0	323.31	98324000000	727	ACYPI009755-PA protein disulfide-isomerase-like	ACYPI009755-PAproteindisulfide-isomerase-like	ACYPI009755-PAproteindisulfide-isomerase-like	2463
212360000	250930000	230700000	237040000	246510000	169710000	330900000	389640000	356220000	252730000				6	6	6	53.1	53.1	53.1	9.2558	0	39.195	3978100000	92	ACYPI009765-PA NADH dehydrogenase [ubiquinone] 1 alpha subcomplex subunit 4-like	ACYPI009765-PANADHdehydrogenase[ubiquinone]1alphasubcomplexsubunit4-like	ACYPI009765-PANADHdehydrogenase[ubiquinone]1alphasubcomplexsubunit4-like	2465
26202000000	22962000000	27029000000	30948000000	26870000000	29855000000	21195000000	21000000000	20330000000	21424000000				35	35	32	94.3	94.3	94.3	35.531	0	323.31	402160000000	925	ACYPI009769-PA Glyceraldehyde-3-phosphate dehydrogenase 2	ACYPI009769-PAGlyceraldehyde-3-phosphatedehydrogenase2;ACYPI008700-PAGlyceraldehyde-3-phosphatedehydrogenase2;ACYPI009148-PAglyceraldehyde-3-phosphatedehydrogenase2-like	ACYPI009769-PAGlyceraldehyde-3-phosphatedehydrogenase2	2467
0	0	21990000	0	0	0	0	12821000	0	28041000				3	3	3	34.4	34.4	34.4	17.741	0	19.778	217220000	20	ACYPI009782-PA DNA-directed RNA polymerases I	ACYPI009782-PADNA-directedRNApolymerasesI	ACYPI009782-PADNA-directedRNApolymerasesI	2469
95002000	54530000	63839000	62684000	52947000	62352000	63197000	42914000	72342000	56033000				11	11	3	21.3	21.3	6.5	78.756	0	30.84	973650000	58	ACYPI009791-PA acylamino-acid-releasing enzyme	ACYPI009791-PAacylamino-acid-releasingenzyme;ACYPI088866-PAacylamino-acid-releasingenzyme;ACYPI064016-PAacylamino-acid-releasingenzyme	ACYPI009791-PAacylamino-acid-releasingenzyme	2473
205330000	125950000	121400000	144630000	135680000	114400000	110320000	118560000	164440000	141540000				12	12	9	44.5	44.5	40.3	38.896	0	150.09	2168000000	82	ACYPI009795-PA hypothetical protein LOC100169151	ACYPI009795-PAhypotheticalproteinLOC100169151;ACYPI006424-PAlongitudinalslackingprotein;ACYPI56663-PAProteinbric-a-brac1	ACYPI009795-PAhypotheticalproteinLOC100169151	2474
31420000	36042000	42820000	0	34885000	36944000	41393000	32216000	44677000	0				14	14	14	30.2	30.2	30.2	91.679	0	42.552	442530000	43	ACYPI009806-PA Cell division cycle 5-like protein	ACYPI009806-PACelldivisioncycle5-likeprotein	ACYPI009806-PACelldivisioncycle5-likeprotein	2476
20592000	23737000	0	22058000	19794000	0	0	0	0	0				7	7	7	34.1	34.1	34.1	29.552	0	15.408	146260000	22	ACYPI009811-PA ACYPI007230 protein	ACYPI009811-PAACYPI007230protein	ACYPI009811-PAACYPI007230protein	2478
209970000	198290000	206880000	224790000	221570000	248740000	220320000	179170000	247560000	271640000				24	24	24	52.1	52.1	52.1	56.458	0	195.66	3612000000	201	ACYPI009816-PA Proteasome	ACYPI009816-PAProteasome	ACYPI009816-PAProteasome	2479
357500000	349790000	319860000	325880000	371440000	304220000	340280000	336270000	330990000	364690000				42	42	42	16.4	16.4	16.4	355.36	0	281.47	5228000000	331	ACYPI009818-PA hypothetical protein LOC100169177 transcript variant 1	ACYPI009818-PAhypotheticalproteinLOC100169177transcriptvariant1	ACYPI009818-PAhypotheticalproteinLOC100169177transcriptvariant1	2480
0	0	61234000	0	0	0	0	70470000	77354000	56768000				3	3	3	24.8	24.8	24.8	15.107	0	13.476	585490000	20	ACYPI009829-PA uncharacterized protein	ACYPI009829-PAuncharacterizedprotein	ACYPI009829-PAuncharacterizedprotein	2481
448370000	601290000	479320000	431830000	383090000	239870000	384760000	520740000	323360000	269920000				16	16	16	52.3	52.3	52.3	50.516	0	200.61	6388100000	162	ACYPI009841-PA Hydroxyacid-oxoacid transhydrogenase	ACYPI009841-PAHydroxyacid-oxoacidtranshydrogenase	ACYPI009841-PAHydroxyacid-oxoacidtranshydrogenase	2483
1240300000	1148400000	1026700000	958890000	1104800000	1277500000	1531800000	999710000	1492700000	1314400000				14	14	14	56.3	56.3	56.3	17.971	0	157.32	18261000000	208	ACYPI009856-PA 40S ribosomal protein S16	ACYPI009856-PA40SribosomalproteinS16	ACYPI009856-PA40SribosomalproteinS16	2485
0	0	0	0	0	68822000	0	73110000	79230000	0				6	6	6	22	22	22	15.317	0	25.375	781500000	23	ACYPI009869-PA prefoldin subunit	ACYPI009869-PAprefoldinsubunit	ACYPI009869-PAprefoldinsubunit	2487
41726000	0	35509000	32131000	26690000	33553000	30950000	41626000	46032000	0				8	8	8	37.3	37.3	37.3	27.779	0	21.529	474960000	36	ACYPI009877-PA tubulin-folding cofactor B-like	ACYPI009877-PAtubulin-foldingcofactorB-like	ACYPI009877-PAtubulin-foldingcofactorB-like	2489
0	41645000	74082000	31448000	0	67777000	0	0	0	40121000				4	4	4	19.9	19.9	19.9	16.571	0	33.665	550180000	33	ACYPI009879-PA Methionine adenosyltransferase 2 subunit beta	ACYPI009879-PAMethionineadenosyltransferase2subunitbeta	ACYPI009879-PAMethionineadenosyltransferase2subunitbeta	2490
328650000	321830000	213320000	209100000	259530000	210960000	301380000	258970000	146450000	234710000				7	7	7	3.9	3.9	3.9	138.52	0	18.442	4119600000	68	ACYPI009881-PA uncharacterized protein	ACYPI009881-PAuncharacterizedprotein	ACYPI009881-PAuncharacterizedprotein	2491
39941000	0	0	0	0	90649000	0	0	0	83999000				9	9	7	24.9	24.9	20.7	60.863	0	41.033	674480000	39	ACYPI009883-PA carotene dehydrogenase	ACYPI009883-PAcarotenedehydrogenase	ACYPI009883-PAcarotenedehydrogenase	2492
447070000	746150000	859310000	853020000	652420000	1118100000	781220000	769420000	726820000	638430000				4	4	4	21.3	21.3	21.3	24.342	0	171.76	11946000000	80	ACYPI009884-PA Elongation factor 1-beta	ACYPI009884-PAElongationfactor1-beta'	ACYPI009884-PAElongationfactor1-beta'	2493
0	83792000	0	67103000	0	0	0	0	0	86066000				3	3	3	9	9	9	46.414	0	7.8403	784840000	19	ACYPI009898-PA hypothetical LOC100169264	ACYPI009898-PAhypotheticalLOC100169264	ACYPI009898-PAhypotheticalLOC100169264	2495
384380000	557200000	388340000	288810000	331100000	794660000	982390000	647690000	1079000000	801400000				11	11	11	49	49	49	17.561	0	91.957	9463000000	114	ACYPI087566-PA 60S ribosomal protein L26-like transcript variant 1;ACYPI009907-PA ribosomal protein L26 transcript variant 2	ACYPI087566-PA60SribosomalproteinL26-liketranscriptvariant1;ACYPI009907-PAribosomalproteinL26transcriptvariant2	ACYPI087566-PA60SribosomalproteinL26-liketranscriptvariant1;ACYPI009907-PAribosomalproteinL26transcriptvariant2	2498
118330000	87883000	132740000	116280000	122580000	119160000	115870000	104180000	117420000	115660000				20	20	19	34	34	32.4	83.347	0	148.87	1847400000	136	ACYPI009908-PA Vesicle-fusing ATPase	ACYPI009908-PAVesicle-fusingATPase;ACYPI002463-PAhypotheticalproteinLOC100161223;ACYPI40762-PAKataninp60ATPase-containingsubunit	ACYPI009908-PAVesicle-fusingATPase	2499
10758000000	12621000000	11910000000	12001000000	11119000000	8714600000	9644300000	8365200000	6767100000	12044000000				40	11	9	79.3	35.4	26.3	41.821	0	323.31	161320000000	381	ACYPI009912-PA Beta-actin-like protein 2	ACYPI009912-PABeta-actin-likeprotein2;ACYPI38850-PAGLEAN_18850	ACYPI009912-PABeta-actin-likeprotein2	2501
2351100000	2242900000	2231900000	2124600000	2382500000	1888400000	2013700000	2017900000	1896000000	2192200000				45	45	45	55.1	55.1	55.1	89.19	0	323.31	33932000000	574	ACYPI009915-PA endoplasmin-like	ACYPI009915-PAendoplasmin-like	ACYPI009915-PAendoplasmin-like	2502
5600900000	5661500000	5717300000	5701100000	5983600000	6409000000	5776800000	5931000000	6055200000	5215400000				68	68	67	59.7	59.7	59.7	103.45	0	323.31	88934000000	1021	ACYPI009925-PA staphylococcal nuclease domain-containing protein 1-like	ACYPI009925-PAstaphylococcalnucleasedomain-containingprotein1-like;ACYPI004439-PAstaphylococcalnucleasedomain-containingprotein1-like;ACYPI28903-PAstaphylococcalnucleasedomain-containingprotein1-like	ACYPI009925-PAstaphylococcalnucleasedomain-containingprotein1-like	2504
2339700000	1559400000	1226400000	1192200000	1228800000	849310000	1216100000	866380000	838180000	1459600000				5	5	3	33.1	33.1	26.8	17.535	0	109.36	20703000000	73	ACYPI009933-PA hypothetical protein LOC100169303	ACYPI009933-PAhypotheticalproteinLOC100169303;ACYPI060695-PAuncharacterizedprotein;ACYPI072808-PAhypotheticalproteinLOC100166257	ACYPI009933-PAhypotheticalproteinLOC100169303	2505
372610000	420510000	490460000	401980000	378020000	343180000	493490000	546000000	490440000	493250000				16	16	16	40.2	40.2	40.2	42.006	0	288.1	6701700000	182	ACYPI009944-PA amphiphysin-like transcript variant 1	ACYPI009944-PAamphiphysin-liketranscriptvariant1	ACYPI009944-PAamphiphysin-liketranscriptvariant1	2509
1023500000	923340000	585040000	517020000	715870000	855240000	1112400000	656440000	882640000	1032100000				12	12	12	48	48	48	17.697	0	200.25	12836000000	187	ACYPI009948-PA 40S ribosomal protein S11	ACYPI009948-PA40SribosomalproteinS11	ACYPI009948-PA40SribosomalproteinS11	2510
33226000	39790000	45789000	42073000	44751000	46879000	40132000	49604000	46901000	49115000				7	7	7	34.1	34.1	34.1	35.696	0	58.169	682410000	43	ACYPI009949-PA Ref_XM_001951648 PREDICTED_ similar to CG17746 CG17746-PA	ACYPI009949-PARef_XM_001951648PREDICTED_similartoCG17746CG17746-PA;ACYPI004799-PAprobableproteinphosphatase2CT23F11.1-like;ACYPI080610-PAproteinphosphatase;ACYPI45385-PAproteinphosphatase;ACYPI41904-PAproteinphosphatase;ACYPI000130-PAprobableproteinphosphatase2CT23F11.1-like	ACYPI009949-PARef_XM_001951648PREDICTED_similartoCG17746CG17746-PA	2511
1585900000	1400100000	1322300000	1290400000	1396100000	1325800000	1214300000	1246700000	1066100000	1099900000				16	16	16	73.6	73.6	73.6	22.412	0	323.31	19808000000	290	ACYPI009959-PA protein lethal	ACYPI009959-PAproteinlethal	ACYPI009959-PAproteinlethal	2512
0	0	34887000	0	0	0	0	51375000	0	49045000				6	6	6	15.8	15.8	15.8	75.104	0	38.618	207710000	20	ACYPI009967-PA hypothetical protein LOC100169340	ACYPI009967-PAhypotheticalproteinLOC100169340	ACYPI009967-PAhypotheticalproteinLOC100169340	2514
1566100000	1395200000	1220900000	1156900000	1173800000	994560000	1101800000	1055800000	997230000	661760000				18	18	18	69.5	69.5	69.5	24.918	0	169.96	17381000000	212	ACYPI009972-PA 1-cys peroxiredoxin DPx-2540-2	ACYPI009972-PA1-cysperoxiredoxinDPx-2540-2	ACYPI009972-PA1-cysperoxiredoxinDPx-2540-2	2515
159450000	131790000	101830000	144680000	156620000	138320000	129480000	102510000	97842000	143270000				14	14	14	55.5	55.5	55.5	25.139	0	98.717	2028500000	94	ACYPI009973-PA Protein enhancer of sevenless 2B	ACYPI009973-PAProteinenhancerofsevenless2B	ACYPI009973-PAProteinenhancerofsevenless2B	2516
0	0	23115000	27002000	0	0	0	0	0	24223000				4	4	4	20.1	20.1	20.1	37.305	0	7.4822	186300000	13	ACYPI009974-PA Delta-aminolevulinic acid dehydratase	ACYPI009974-PADelta-aminolevulinicaciddehydratase	ACYPI009974-PADelta-aminolevulinicaciddehydratase	2517
0	0	36839000	34634000	0	0	0	0	0	0				6	6	6	17.9	17.9	17.9	68.329	0	35.017	430900000	24	ACYPI009980-PA Beta-N-acetylglucosaminidase NAG2	ACYPI009980-PABeta-N-acetylglucosaminidaseNAG2	ACYPI009980-PABeta-N-acetylglucosaminidaseNAG2	2518
113780000	348520000	0	469300000	0	0	358410000	0	277090000	0				1	1	1	7.2	7.2	7.2	44.289	0	12.702	2962000000	22	ACYPI009984-PA hypothetical protein LOC100169357 transcript variant 1	ACYPI009984-PAhypotheticalproteinLOC100169357transcriptvariant1	ACYPI009984-PAhypotheticalproteinLOC100169357transcriptvariant1	2519
115500000	209450000	200630000	205710000	173330000	203520000	200760000	194270000	177940000	187260000				9	9	9	80.5	80.5	80.5	14.459	0	61.583	3184100000	87	ACYPI009995-PA prefoldin subunit	ACYPI009995-PAprefoldinsubunit	ACYPI009995-PAprefoldinsubunit	2521
20822000	32966000	0	0	22623000	31550000	0	32784000	0	18234000				3	3	3	11.2	11.2	11.2	31.585	0	11.112	310920000	24	ACYPI009997-PA proline synthetase co-transcribed protein-like protein	ACYPI009997-PAprolinesynthetaseco-transcribedprotein-likeprotein	ACYPI009997-PAprolinesynthetaseco-transcribedprotein-likeprotein	2522
0	0	0	30986000	23112000	0	0	0	0	0				4	4	4	31.9	31.9	31.9	25.559	0	18.677	226450000	19	ACYPI009998-PA platelet-activating factor acetylhydrolase ib subunit beta	ACYPI009998-PAplatelet-activatingfactoracetylhydrolaseibsubunitbeta	ACYPI009998-PAplatelet-activatingfactoracetylhydrolaseibsubunitbeta	2523
0	0	51783000	0	0	0	50963000	0	0	0				10	10	10	23.6	23.6	23.6	59.78	0	31.44	470980000	35	ACYPI010000-PA Alcohol dehydrogenase	ACYPI010000-PAAlcoholdehydrogenase	ACYPI010000-PAAlcoholdehydrogenase	2524
188080000	189570000	177790000	236380000	238240000	0	164680000	190500000	155010000	162860000				12	12	12	51.8	51.8	51.8	24.982	0	280.22	2837600000	108	ACYPI010003-PA GrpE protein homolog	ACYPI010003-PAGrpEproteinhomolog	ACYPI010003-PAGrpEproteinhomolog	2525
775790000	816640000	822360000	840620000	777290000	871620000	785410000	961120000	878190000	819950000				38	38	38	62.4	62.4	62.4	67.758	0	323.31	13246000000	383	ACYPI010009-PA moesin/ezrin/radixin homolog 1-like	ACYPI010009-PAmoesin/ezrin/radixinhomolog1-like	ACYPI010009-PAmoesin/ezrin/radixinhomolog1-like	2527
16849000	0	0	0	40518000	0	0	0	0	47739000				6	6	6	24.5	24.5	24.5	38.718	0	43.893	289220000	29	ACYPI010011-PA Fatty acid desaturase	ACYPI010011-PAFattyaciddesaturase	ACYPI010011-PAFattyaciddesaturase	2528
1415800000	1450800000	1424700000	1536500000	1512200000	1349800000	1498200000	1488100000	1751200000	1586900000				26	26	26	65.3	65.3	65.3	43.064	0	323.31	22715000000	447	ACYPI010015-PA Heterogeneous nuclear ribonucleoprotein k	ACYPI010015-PAHeterogeneousnuclearribonucleoproteink	ACYPI010015-PAHeterogeneousnuclearribonucleoproteink	2530
38282000	50167000	37670000	49928000	53845000	53668000	42314000	58357000	37017000	56917000				9	9	9	29.2	29.2	29.2	45.426	0	79.992	747070000	70	ACYPI010018-PA Endophilin-A	ACYPI010018-PAEndophilin-A	ACYPI010018-PAEndophilin-A	2531
346960000	292780000	307350000	285220000	314920000	286100000	294690000	295390000	323960000	315190000				55	55	55	22.9	22.9	22.9	396.55	0	317.51	4900300000	268	ACYPI010019-PA laminin subunit alpha-like	ACYPI010019-PAlamininsubunitalpha-like	ACYPI010019-PAlamininsubunitalpha-like	2532
46135000	36240000	44856000	36809000	47972000	38971000	49724000	41463000	43122000	44779000				5	5	5	42.4	42.4	42.4	16.367	0	20.401	667490000	46	ACYPI010032-PA uncharacterized protein	ACYPI010032-PAuncharacterizedprotein	ACYPI010032-PAuncharacterizedprotein	2536
23070000	26864000	0	0	0	0	0	0	0	0				6	6	6	22.9	22.9	22.9	38.237	0	21.454	191170000	19	ACYPI010038-PA amine sulfotransferase-like	ACYPI010038-PAaminesulfotransferase-like	ACYPI010038-PAaminesulfotransferase-like	2537
924390000	1017000000	989700000	936690000	1029800000	994230000	1014400000	1036900000	1023800000	970340000				20	20	11	67	67	39.7	22.577	0	323.31	14886000000	293	ACYPI010042-PA 40S ribosomal protein S7-1	ACYPI010042-PA40SribosomalproteinS7-1;ACYPI008748-PA40SribosomalproteinS7-1	ACYPI010042-PA40SribosomalproteinS7-1	2538
0	31387000	0	0	0	0	32907000	0	0	37227000				2	2	2	6.6	6.6	6.6	68.157	0	18.904	318290000	15	ACYPI010049-PA transmembrane 9 superfamily member 3-like	ACYPI010049-PAtransmembrane9superfamilymember3-like	ACYPI010049-PAtransmembrane9superfamilymember3-like	2540
0	0	0	15693000	0	0	12477000	0	17605000	15957000				6	6	6	23.9	23.9	23.9	48.796	0	20.021	91522000	16	ACYPI010053-PA RH49436p	ACYPI010053-PARH49436p	ACYPI010053-PARH49436p	2541
2401500000	2828500000	2623900000	2431800000	2831000000	1399900000	2663400000	2973800000	2626300000	2197300000				43	43	43	64.9	64.9	64.9	85.542	0	323.31	37074000000	573	ACYPI010059-PA Aconitate hydratase	ACYPI010059-PAAconitatehydratase	ACYPI010059-PAAconitatehydratase	2542
52397000	0	0	31706000	39221000	0	39306000	0	52856000	35719000				5	5	5	18.7	18.7	18.7	29.888	0	16.861	539380000	20	ACYPI010062-PA pyrroline 5-carboyxlate reductase	ACYPI010062-PApyrroline5-carboyxlatereductase	ACYPI010062-PApyrroline5-carboyxlatereductase	2544
19112000000	20120000000	20874000000	22481000000	21925000000	16830000000	18768000000	19189000000	17328000000	19926000000				40	40	12	78.4	78.4	34	49.897	0	323.31	310640000000	971	ACYPI010073-PA Tubulin alpha-3C/D chain	ACYPI010073-PATubulinalpha-3C/Dchain	ACYPI010073-PATubulinalpha-3C/Dchain	2546
57402000	52289000	53904000	53630000	73777000	29931000	50204000	78025000	61454000	63590000				11	11	11	54.7	54.7	54.7	38.212	0	67.021	803410000	70	ACYPI010075-PA Stomatin-like protein 2	ACYPI010075-PAStomatin-likeprotein2	ACYPI010075-PAStomatin-likeprotein2	2547
98647000	116250000	153830000	106880000	58466000	106100000	128850000	0	94343000	118420000				5	5	5	16.9	16.9	16.9	34.206	0	40.6	1545900000	34	ACYPI010076-PA UPF0635 protein CG3967	ACYPI010076-PAUPF0635proteinCG3967	ACYPI010076-PAUPF0635proteinCG3967	2548
3500400000	3318900000	3380300000	3677000000	3398200000	3716000000	3403700000	3348200000	3150900000	3293000000				38	38	38	82.7	82.7	82.7	55.315	0	323.31	53472000000	723	ACYPI010077-PA uncharacterized protein;ACYPI088527-PA v-type proton ATPase subunit B-like	ACYPI010077-PAuncharacterizedprotein;ACYPI088527-PAv-typeprotonATPasesubunitB-like	ACYPI010077-PAuncharacterizedprotein;ACYPI088527-PAv-typeprotonATPasesubunitB-like	2549
35925000	35854000	0	0	28536000	0	27935000	0	0	33727000				5	5	5	27.9	27.9	27.9	34.14	0	18.219	436830000	35	ACYPI010084-PA epidermal retinol dehydrogenase 2-like transcript variant 1	ACYPI010084-PAepidermalretinoldehydrogenase2-liketranscriptvariant1;ACYPI39288-PAEpidermalretinaldehydrogenase2	ACYPI010084-PAepidermalretinoldehydrogenase2-liketranscriptvariant1	2551
59742000	94541000	142710000	83429000	90024000	58165000	67705000	64043000	54461000	68202000				14	14	14	30.3	30.3	30.3	67.217	0	59.418	1402900000	76	ACYPI010091-PA CTP synthase 1	ACYPI010091-PACTPsynthase1;ACYPI085458-PACytidine5'-triphosphatesynthase	ACYPI010091-PACTPsynthase1	2552
0	28010000	38617000	0	0	45336000	0	44386000	0	28866000				9	9	9	18.5	18.5	18.5	80.015	0	38.578	423820000	25	ACYPI010103-PA atp-dependent transporter	ACYPI010103-PAatp-dependenttransporter	ACYPI010103-PAatp-dependenttransporter	2556
202470000	142550000	94024000	194030000	194530000	42727000	45646000	56332000	0	88347000				7	7	7	63.6	63.6	63.6	13.486	0	41.416	1659300000	65	ACYPI010104-PA Ref_XM_001947280 PREDICTED_ similar to predicted protein	ACYPI010104-PARef_XM_001947280PREDICTED_similartopredictedprotein	ACYPI010104-PARef_XM_001947280PREDICTED_similartopredictedprotein	2557
27987000	0	37935000	26048000	0	34160000	0	0	0	0				5	5	4	28.3	28.3	28.3	29.147	0	38.648	333320000	23	ACYPI081647-PA Mitogen-activated protein kinase 14;ACYPI010107-PA mitogen-activated protein kinase 14B-like transcript variant 3	ACYPI081647-PAMitogen-activatedproteinkinase14;ACYPI010107-PAmitogen-activatedproteinkinase14B-liketranscriptvariant3	ACYPI081647-PAMitogen-activatedproteinkinase14;ACYPI010107-PAmitogen-activatedproteinkinase14B-liketranscriptvariant3	2558
94181000	101820000	97451000	104310000	88319000	110700000	87830000	100470000	103100000	91665000				12	12	12	24.3	24.3	24.3	63.471	0	126.27	1613600000	86	ACYPI010109-PA Hepatoma-derived growth factor	ACYPI010109-PAHepatoma-derivedgrowthfactor	ACYPI010109-PAHepatoma-derivedgrowthfactor	2559
574160000	511160000	573160000	578860000	531960000	590040000	556410000	498240000	544000000	525640000				34	34	34	46.6	46.6	46.6	99.591	0	323.31	8956200000	272	ACYPI010112-PA 26s proteasome non-atpase regulatory subunit	ACYPI010112-PA26sproteasomenon-atpaseregulatorysubunit	ACYPI010112-PA26sproteasomenon-atpaseregulatorysubunit	2560
814700000	548070000	720770000	703070000	676630000	1004500000	561960000	661610000	668110000	438140000				26	26	26	48.1	48.1	48.1	47.259	0	279.08	11004000000	221	ACYPI010114-PA multifunctional protein ADE2-like transcript variant 1	ACYPI010114-PAmultifunctionalproteinADE2-liketranscriptvariant1	ACYPI010114-PAmultifunctionalproteinADE2-liketranscriptvariant1	2561
0	34052000	30388000	0	28925000	38222000	44531000	0	39900000	45757000				7	7	7	28.5	28.5	28.5	29.468	0	25.032	563730000	42	ACYPI010115-PA membrane steroid binding protein;ACYPI073693-PA steroid membrane receptor hpr6.6/25-dx	ACYPI010115-PAmembranesteroidbindingprotein;ACYPI073693-PAsteroidmembranereceptorhpr6.6/25-dx	ACYPI010115-PAmembranesteroidbindingprotein;ACYPI073693-PAsteroidmembranereceptorhpr6.6/25-dx	2562
81349000	71903000	84469000	63865000	78127000	70720000	59117000	0	0	63527000				12	12	12	32.8	32.8	32.8	73.29	0	45.243	966590000	49	ACYPI010116-PA splicing factor 3B subunit 2-like	ACYPI010116-PAsplicingfactor3Bsubunit2-like	ACYPI010116-PAsplicingfactor3Bsubunit2-like	2563
3009500000	3291800000	2955300000	2809500000	2980500000	3361600000	3409700000	3303600000	3343800000	2904200000				32	32	32	76.3	76.3	76.3	30.323	0	323.31	47167000000	458	ACYPI010127-PA 40S ribosomal protein S3a	ACYPI010127-PA40SribosomalproteinS3a	ACYPI010127-PA40SribosomalproteinS3a	2564
0	21104000	20218000	20027000	15808000	20047000	17582000	20566000	18394000	26101000				6	6	6	9.9	9.9	9.9	100.56	0	30.262	309170000	48	ACYPI010129-PA transportin-1-like	ACYPI010129-PAtransportin-1-like	ACYPI010129-PAtransportin-1-like	2565
0	0	0	30514000	25330000	33678000	27775000	22846000	28646000	26445000				6	6	6	16.6	16.6	16.6	42.022	0	36.668	410980000	36	ACYPI010132-PA E3 ubiquitin-protein ligase KCMF1	ACYPI010132-PAE3ubiquitin-proteinligaseKCMF1	ACYPI010132-PAE3ubiquitin-proteinligaseKCMF1	2566
0	144550000	170870000	147190000	103470000	159520000	174600000	191470000	158270000	115540000				4	4	4	37.4	37.4	37.4	9.8224	0	10.233	2243500000	41	ACYPI010133-PA Ubiquitin-fold modifier 1	ACYPI010133-PAUbiquitin-foldmodifier1	ACYPI010133-PAUbiquitin-foldmodifier1	2567
107200000	117120000	99927000	109160000	111090000	71498000	101140000	0	0	102620000				4	4	4	35.2	35.2	35.2	30.709	0	106.31	1697500000	36	ACYPI010134-PA Ubiquitin thioesterase OTUB1	ACYPI010134-PAUbiquitinthioesteraseOTUB1	ACYPI010134-PAUbiquitinthioesteraseOTUB1	2568
826570000	900330000	866900000	914130000	1117400000	789090000	683440000	843640000	588620000	806440000				29	29	29	62.7	62.7	62.7	53.853	0	323.31	12733000000	287	ACYPI010135-PA hexokinase type 2-like transcript variant 1	ACYPI010135-PAhexokinasetype2-liketranscriptvariant1;ACYPI000140-PAHexokinasetype2	ACYPI010135-PAhexokinasetype2-liketranscriptvariant1	2569
28345000	28466000	71439000	30443000	30289000	0	30728000	26466000	0	27127000				3	3	3	7.6	7.6	7.6	74.947	0	33.751	496790000	38	ACYPI010139-PA FAS-associated factor 1-like	ACYPI010139-PAFAS-associatedfactor1-like	ACYPI010139-PAFAS-associatedfactor1-like	2571
63302000	60449000	44875000	40747000	52867000	68861000	57113000	0	65925000	70668000				6	1	1	10.6	2	2	69.356	0	4.5767	899190000	31	ACYPI010150-PA Aminopeptidase N	ACYPI010150-PAAminopeptidaseN	ACYPI010150-PAAminopeptidaseN	2572
48683000	62386000	67860000	64085000	55362000	56707000	60165000	45193000	0	64826000				9	9	9	34.2	34.2	34.2	60.922	0	69.814	856970000	48	ACYPI067654-PA SNW domain-containing protein 1-like transcript variant 2;ACYPI010171-PA SNW domain-containing protein 1;ACYPI40536-PA SNW domain-containing protein 1-like	ACYPI067654-PASNWdomain-containingprotein1-liketranscriptvariant2;ACYPI010171-PASNWdomain-containingprotein1;ACYPI40536-PASNWdomain-containingprotein1-like;ACYPI066743-PASNWdomain-containingprotein1;ACYPI081069-PASNWdomain-containingprotein1	ACYPI067654-PASNWdomain-containingprotein1-liketranscriptvariant2;ACYPI010171-PASNWdomain-containingprotein1;ACYPI40536-PASNWdomain-containingprotein1-like	2577
226400000	247980000	254170000	233360000	280930000	169140000	266700000	311340000	280920000	228010000				14	14	14	58.9	58.9	58.9	33.953	0	159.98	3717500000	129	ACYPI010176-PA 3-hydroxyacyl-coa dehyrogenase	ACYPI010176-PA3-hydroxyacyl-coadehyrogenase	ACYPI010176-PA3-hydroxyacyl-coadehyrogenase	2579
0	34379000	0	0	0	45179000	27359000	35645000	35329000	0				5	5	5	33.2	33.2	33.2	33.379	0	26.038	379600000	27	ACYPI010179-PA Peptidyl-prolyl cis-trans isomerase E	ACYPI010179-PAPeptidyl-prolylcis-transisomeraseE	ACYPI010179-PAPeptidyl-prolylcis-transisomeraseE	2582
875390000	861280000	662580000	860440000	1027100000	432900000	771410000	890770000	523140000	766540000				9	9	6	61.7	61.7	44.5	14.376	0	97.845	11049000000	92	ACYPI010196-PA mitochondrial cytochrome c oxidase polypeptide Vb	ACYPI010196-PAmitochondrialcytochromecoxidasepolypeptideVb	ACYPI010196-PAmitochondrialcytochromecoxidasepolypeptideVb	2584
1172600000	1293200000	792180000	787890000	1111700000	1526900000	1805700000	1028700000	1726600000	1907500000				25	25	25	60.7	60.7	60.7	29.198	0	323.31	20552000000	362	ACYPI010200-PA 60S ribosomal protein L7	ACYPI010200-PA60SribosomalproteinL7	ACYPI010200-PA60SribosomalproteinL7	2585
1347300000	1333500000	1131000000	1083300000	1331800000	707380000	1191600000	1384300000	1187500000	993290000				38	38	38	68.3	68.3	68.3	59.453	0	323.31	17283000000	464	ACYPI010216-PA glutamate dehydrogenase mitochondrial-like	ACYPI010216-PAglutamatedehydrogenasemitochondrial-like	ACYPI010216-PAglutamatedehydrogenasemitochondrial-like	2588
43948000	0	29275000	45228000	41246000	43184000	0	43885000	50376000	33057000				8	8	8	30.4	30.4	30.4	39.88	0	37.785	556870000	50	ACYPI010225-PA mRNA export factor-like	ACYPI010225-PAmRNAexportfactor-like	ACYPI010225-PAmRNAexportfactor-like	2591
82965000	65377000	68053000	53246000	62376000	77403000	70651000	81398000	78173000	61380000				16	16	16	45.1	45.1	45.1	60.349	0	129.35	1266300000	81	ACYPI010226-PA kinesin light chain-like	ACYPI010226-PAkinesinlightchain-like;ACYPI086822-PAKinesinlightchain3	ACYPI010226-PAkinesinlightchain-like	2592
1049100000	1104200000	1197700000	1117600000	1049100000	1231200000	1130600000	1283300000	1235400000	1137200000				28	28	28	73.4	73.4	73.4	44.548	0	323.31	17759000000	428	ACYPI010231-PA 26s protease regulatory subunit s10b	ACYPI010231-PA26sproteaseregulatorysubunits10b	ACYPI010231-PA26sproteaseregulatorysubunits10b	2594
517730000	696400000	709640000	632100000	587770000	813540000	621360000	719550000	790300000	676860000				32	32	32	71.4	71.4	71.4	49.036	0	323.31	10760000000	299	ACYPI010236-PA 26S protease regulatory subunit 7-like	ACYPI010236-PA26Sproteaseregulatorysubunit7-like	ACYPI010236-PA26Sproteaseregulatorysubunit7-like	2595
53556000	0	0	0	0	52446000	0	0	0	0				3	3	3	20.2	20.2	20.2	28.083	0	12.198	239330000	11	ACYPI088765-PA takeout-like;ACYPI060748-PA circadian clock-controlled protein-like	ACYPI088765-PAtakeout-like;ACYPI060748-PAcircadianclock-controlledprotein-like	ACYPI088765-PAtakeout-like;ACYPI060748-PAcircadianclock-controlledprotein-like	2598
2308000000	1546100000	1496000000	1616500000	1792300000	1510400000	1512900000	1581400000	1556000000	1631900000				12	12	12	92.6	92.6	92.6	9.7159	0	248.71	24761000000	210	ACYPI060771-PA cytochrome c oxidase subunit 6B2-like	ACYPI060771-PAcytochromecoxidasesubunit6B2-like	ACYPI060771-PAcytochromecoxidasesubunit6B2-like	2599
755630000	733230000	707540000	649860000	680140000	629340000	665660000	664530000	698830000	544160000				17	17	17	32.3	32.3	32.3	54.716	0	223.01	10264000000	183	ACYPI061477-PA Serine hydroxymethyltransferase	ACYPI061477-PASerinehydroxymethyltransferase;ACYPI082156-PASerinehydroxymethyltransferase	ACYPI061477-PASerinehydroxymethyltransferase	2600
83045000	99699000	112370000	112580000	91376000	139500000	104820000	126730000	135880000	127340000				15	15	15	38.5	38.5	38.5	61.003	0	105.07	1822300000	132	ACYPI061527-PA ADP-ribosylation factor GTPase activating protein 2	ACYPI061527-PAADP-ribosylationfactorGTPaseactivatingprotein2;ACYPI080269-PAuncharacterizedprotein	ACYPI061527-PAADP-ribosylationfactorGTPaseactivatingprotein2	2601
0	37752000	47811000	45256000	42669000	48573000	32561000	52772000	58007000	54118000				7	7	7	39.1	39.1	39.1	28.709	0	58.722	629620000	30	ACYPI082802-PA COP9 signalosome complex subunit 7A;ACYPI061545-PA COP9 signalosome complex subunit 7A	ACYPI082802-PACOP9signalosomecomplexsubunit7A;ACYPI061545-PACOP9signalosomecomplexsubunit7A	ACYPI082802-PACOP9signalosomecomplexsubunit7A;ACYPI061545-PACOP9signalosomecomplexsubunit7A	2602
0	0	0	0	0	27749000	0	0	0	21843000				2	2	2	18.4	18.4	18.4	19.654	0	14.539	278260000	19	ACYPI061568-PA AGAP006222-PA	ACYPI061568-PAAGAP006222-PA	ACYPI061568-PAAGAP006222-PA	2604
457390000	360190000	422340000	579750000	414750000	814940000	606740000	622160000	0	0				1	1	1	12.1	12.1	12.1	11.08	0	32.655	8724200000	32	ACYPI061646-PA Leucine-rich repeat serine/threonine-protein kinase 1	ACYPI061646-PALeucine-richrepeatserine/threonine-proteinkinase1	ACYPI061646-PALeucine-richrepeatserine/threonine-proteinkinase1	2606
360490000	410280000	419370000	427330000	485490000	230500000	439890000	544180000	431970000	402260000				15	15	15	27.1	27.1	27.1	74.335	0	253.05	6265700000	199	ACYPI061797-PA isocitrate dehydrogenase nad subunit beta;ACYPI003125-PA isocitrate dehydrogenase nad subunit beta	ACYPI061797-PAisocitratedehydrogenasenadsubunitbeta;ACYPI003125-PAisocitratedehydrogenasenadsubunitbeta;ACYPI081625-PACEL_HUMAN	ACYPI061797-PAisocitratedehydrogenasenadsubunitbeta;ACYPI003125-PAisocitratedehydrogenasenadsubunitbeta	2610
41496000	0	0	0	28618000	36358000	24595000	0	0	0				7	7	7	6.2	6.2	6.2	193.65	0	39.927	320540000	30	ACYPI062481-PA Low-density lipoprotein receptor	ACYPI062481-PALow-densitylipoproteinreceptor	ACYPI062481-PALow-densitylipoproteinreceptor	2612
78280000	527560000	499420000	486280000	516320000	323850000	488560000	452810000	473620000	670520000				4	2	2	36.8	29.6	29.6	13.395	0	68.453	7518700000	50	ACYPI088942-PA Histone H2A type 2-A;ACYPI088467-PA Histone H2A type 2-A;ACYPI087623-PA Histone H2A type 2-A;ACYPI085240-PA Histone H2A type 2-A;ACYPI083484-PA Histone H2A type 2-A;ACYPI062591-PA histone H2A-like;ACYPI081190-PA Histone H2A type 2-A;ACYPI008	ACYPI088942-PAHistoneH2Atype2-A;ACYPI088467-PAHistoneH2Atype2-A;ACYPI087623-PAHistoneH2Atype2-A;ACYPI085240-PAHistoneH2Atype2-A;ACYPI083484-PAHistoneH2Atype2-A;ACYPI062591-PAhistoneH2A-like;ACYPI081190-PAHistoneH2Atype2-A;ACYPI008799-PAhistoneH2A-like;ACYPI072013-PAHistoneH2Atype2-A;ACYPI081042-PAHistoneH2Atype2-A	ACYPI088942-PAHistoneH2Atype2-A;ACYPI088467-PAHistoneH2Atype2-A;ACYPI087623-PAHistoneH2Atype2-A;ACYPI085240-PAHistoneH2Atype2-A;ACYPI083484-PAHistoneH2Atype2-A;ACYPI062591-PAhistoneH2A-like;ACYPI081190-PAHistoneH2Atype2-A;ACYPI008799-PAhistoneH2A-like;ACYPI072013-PAHistoneH2Atype2-A;ACYPI081042-PAHistoneH2Atype2-A	2614
79595000	75027000	0	80998000	70045000	82687000	0	0	0	54996000				1	1	1	8.4	8.4	8.4	16.602	0	7.5927	930760000	20	ACYPI063228-PA uncharacterized protein;ACYPI066774-PA maltase 2-like;ACYPI27593-PA maltase H	ACYPI063228-PAuncharacterizedprotein;ACYPI066774-PAmaltase2-like;ACYPI27593-PAmaltaseH	ACYPI063228-PAuncharacterizedprotein;ACYPI066774-PAmaltase2-like;ACYPI27593-PAmaltaseH	2617
489830000	386650000	420150000	338660000	361730000	410110000	359860000	461870000	509300000	361310000				7	7	7	32.9	32.9	32.9	17.991	0	145.69	6469200000	121	ACYPI063236-PA translocon-associated protein delta	ACYPI063236-PAtranslocon-associatedproteindelta	ACYPI063236-PAtranslocon-associatedproteindelta	2618
65291000	46498000	57906000	63206000	61715000	74890000	75712000	75486000	71284000	66185000				17	17	17	6.8	6.8	6.8	573.06	0	80.797	1022700000	101	ACYPI063276-PA hypothetical protein	ACYPI063276-PAhypotheticalprotein	ACYPI063276-PAhypotheticalprotein	2619
177800000	183010000	144110000	140990000	179620000	179370000	168930000	198510000	184380000	150390000				4	4	4	44	44	44	13.826	0	85.036	2497700000	48	ACYPI063443-PA endosulfine	ACYPI063443-PAendosulfine;ACYPI070302-PAhypotheticalproteinLOC100571584	ACYPI063443-PAendosulfine	2622
332680000	0	0	139600000	177010000	0	227820000	240110000	0	255670000				4	3	3	11.3	8	8	41.058	0	27.193	3005600000	34	ACYPI063487-PA Cathepsin B-S	ACYPI063487-PACathepsinB-S;ACYPI083038-PACathepsinB-S	ACYPI063487-PACathepsinB-S	2623
36694000	43375000	27484000	26418000	29846000	25490000	33065000	33632000	37941000	32238000				7	7	7	11.6	11.6	11.6	110.4	0	32.116	441260000	46	ACYPI064056-PA 5-3 exoribonuclease 2 homolog	ACYPI064056-PA5'-3'exoribonuclease2homolog	ACYPI064056-PA5'-3'exoribonuclease2homolog	2624
72772000	52795000	0	62152000	46910000	0	0	0	0	0				7	7	7	13.9	13.9	13.9	95.125	0	27.52	858160000	26	ACYPI064085-PA Nuclear cap-binding protein subunit 1	ACYPI064085-PANuclearcap-bindingproteinsubunit1;ACYPI081754-PANuclearcap-bindingproteinsubunit1;ACYPI085358-PANuclearcap-bindingproteinsubunit1	ACYPI064085-PANuclearcap-bindingproteinsubunit1	2625
29680000	0	33623000	0	0	0	30161000	34395000	0	40195000				2	2	2	30.8	30.8	30.8	11.326	0	6.6682	351930000	26	ACYPI089107-PA CG6444;ACYPI064270-PA protein dpy-30 homolog	ACYPI089107-PACG6444;ACYPI064270-PAproteindpy-30homolog	ACYPI089107-PACG6444;ACYPI064270-PAproteindpy-30homolog	2630
0	16135000	0	19942000	0	18259000	19234000	0	0	19619000				5	2	2	49.6	23.3	23.3	13.801	0	8.1493	208490000	22	ACYPI064507-PA carbonyl reductase	ACYPI064507-PAcarbonylreductase	ACYPI064507-PAcarbonylreductase	2631
63270000	0	0	53270000	99334000	0	0	0	0	0				5	5	5	51.7	51.7	51.7	10.374	0	37.36	555480000	24	ACYPI087266-PA GK25335;ACYPI065028-PA dynein light chain 1 cytoplasmic-like	ACYPI087266-PAGK25335;ACYPI065028-PAdyneinlightchain1cytoplasmic-like	ACYPI087266-PAGK25335;ACYPI065028-PAdyneinlightchain1cytoplasmic-like	2632
0	0	0	60539000	0	0	62148000	0	0	0				1	1	1	15.3	15.3	15.3	9.5648	0.00075103	3.8581	414540000	13	ACYPI065117-PA legumain-like	ACYPI065117-PAlegumain-like	ACYPI065117-PAlegumain-like	2634
50585000	0	0	0	59421000	52521000	0	0	0	0				2	2	2	2.5	2.5	2.5	116.8	0.0031524	2.9761	582270000	20	ACYPI065686-PA tribolium_TC003732;ACYPI44220-PA uncharacterized protein	ACYPI065686-PAtribolium_TC003732;ACYPI44220-PAuncharacterizedprotein	ACYPI065686-PAtribolium_TC003732;ACYPI44220-PAuncharacterizedprotein	2637
2134000000	2038200000	1938000000	1894700000	1836100000	2127000000	1913300000	2260300000	1760700000	1592200000				61	61	61	34	34	34	223.33	0	323.31	29331000000	660	ACYPI065871-PA fatty acid synthase-like	ACYPI065871-PAfattyacidsynthase-like	ACYPI065871-PAfattyacidsynthase-like	2641
56818000	57375000	50704000	36846000	48291000	113630000	59674000	50776000	46827000	40969000				12	12	2	24.1	24.1	4.3	62.884	0	96.234	875360000	56	ACYPI066012-PA bifunctional 3-phosphoadenosine 5-phosphosulfate synthase-like;ACYPI060811-PA bifunctional 3-phosphoadenosine 5-phosphosulfate synthase-like;ACYPI080769-PA Bifunctional 3-phosphoadenosine 5-phosphosulfate synthase 2	ACYPI066012-PAbifunctional3'-phosphoadenosine5'-phosphosulfatesynthase-like;ACYPI060811-PAbifunctional3'-phosphoadenosine5'-phosphosulfatesynthase-like;ACYPI080769-PABifunctional3'-phosphoadenosine5'-phosphosulfatesynthase2	ACYPI066012-PAbifunctional3'-phosphoadenosine5'-phosphosulfatesynthase-like;ACYPI060811-PAbifunctional3'-phosphoadenosine5'-phosphosulfatesynthase-like;ACYPI080769-PABifunctional3'-phosphoadenosine5'-phosphosulfatesynthase2	2642
38969000	42749000	45609000	51115000	59915000	33781000	49400000	47687000	53013000	60434000				3	3	3	64.2	64.2	64.2	9.3068	0	19.639	721490000	34	ACYPI066045-PA mitochondrial import inner membrane translocase subunit Tim10-like transcript variant 1	ACYPI066045-PAmitochondrialimportinnermembranetranslocasesubunitTim10-liketranscriptvariant1	ACYPI066045-PAmitochondrialimportinnermembranetranslocasesubunitTim10-liketranscriptvariant1	2643
1587300000	1113300000	1580100000	760460000	1327500000	3369200000	2127800000	3861600000	3253700000	1241600000				7	7	7	28.6	28.6	28.6	16.253	0	323.31	27063000000	140	ACYPI066082-PA Endocuticle structural glycoprotein ABD-4	ACYPI066082-PAEndocuticlestructuralglycoproteinABD-4	ACYPI066082-PAEndocuticlestructuralglycoproteinABD-4	2644
0	160060000	0	59747000	0	0	98901000	286340000	169310000	0				8	1	1	41.6	10.9	10.9	23.44	0.001107	3.6579	1133800000	21	ACYPI066794-PA uncharacterized protein	ACYPI066794-PAuncharacterizedprotein	ACYPI066794-PAuncharacterizedprotein	2645
151270000	116780000	131130000	131160000	113410000	133800000	108020000	0	140200000	94633000				7	7	7	26.6	26.6	26.6	28.416	0	30.741	1898100000	56	ACYPI088320-PA Proteasome subunit beta type;ACYPI066940-PA Proteasome subunit beta type	ACYPI088320-PAProteasomesubunitbetatype;ACYPI066940-PAProteasomesubunitbetatype	ACYPI088320-PAProteasomesubunitbetatype;ACYPI066940-PAProteasomesubunitbetatype	2646
83063000	64530000	63191000	69953000	93019000	58152000	66784000	80577000	91151000	105340000				8	8	8	29.4	29.4	29.4	47.542	0	97.503	1186400000	65	ACYPI066981-PA Actin-like protein 6A	ACYPI066981-PAActin-likeprotein6A;ACYPI003677-PAactin-likeprotein6A-like	ACYPI066981-PAActin-likeprotein6A	2647
27701000	31241000	26871000	25644000	28080000	0	42055000	34991000	0	0				2	2	2	3.1	3.1	3.1	363.19	0	7.5406	415710000	26	ACYPI067630-PA uncharacterized protein	ACYPI067630-PAuncharacterizedprotein	ACYPI067630-PAuncharacterizedprotein	2649
0	22783000	27549000	0	30678000	25095000	25312000	0	28469000	27541000				8	8	5	6.5	6.5	5	276.24	0	32.849	358850000	35	ACYPI067726-PA CCR4-NOT transcription complex subunit 1	ACYPI067726-PACCR4-NOTtranscriptioncomplexsubunit1	ACYPI067726-PACCR4-NOTtranscriptioncomplexsubunit1	2650
0	0	8885100	7231400	7196100	0	0	7898500	0	0				2	2	2	7.6	7.6	7.6	51.553	0	8.1914	100100000	26	ACYPI067736-PA UDP-glucose 6-dehydrogenase	ACYPI067736-PAUDP-glucose6-dehydrogenase	ACYPI067736-PAUDP-glucose6-dehydrogenase	2651
2017000000	1995200000	2164800000	2188300000	2240200000	2198300000	1990000000	2179400000	1960300000	1897100000				41	41	41	78.2	78.2	78.2	59.425	0	323.31	33085000000	527	ACYPI067762-PA T-complex protein 1 subunit epsilon	ACYPI067762-PAT-complexprotein1subunitepsilon	ACYPI067762-PAT-complexprotein1subunitepsilon	2652
16048000000	16347000000	17838000000	16844000000	15433000000	22901000000	16523000000	16227000000	18857000000	13672000000				97	97	97	79.1	79.1	79.1	120.15	0	323.31	276620000000	1836	ACYPI067814-PA atp-citrate synthase	ACYPI067814-PAatp-citratesynthase	ACYPI067814-PAatp-citratesynthase	2654
5863700000	3218300000	2614000000	2519800000	3582600000	3387100000	5181400000	3356000000	4657000000	4667300000				13	13	13	59.2	59.2	59.2	11.381	0	323.31	56682000000	270	ACYPI088094-PA histone H4-like;ACYPI086233-PA Histone H4;ACYPI085026-PA Histone H4;ACYPI084599-PA Histone H4;ACYPI084268-PA Histone H4;ACYPI067855-PA histone H4 replacement-like	ACYPI088094-PAhistoneH4-like;ACYPI086233-PAHistoneH4;ACYPI085026-PAHistoneH4;ACYPI084599-PAHistoneH4;ACYPI084268-PAHistoneH4;ACYPI067855-PAhistoneH4replacement-like;ACYPI21069-PAuncharacterizedprotein	ACYPI088094-PAhistoneH4-like;ACYPI086233-PAHistoneH4;ACYPI085026-PAHistoneH4;ACYPI084599-PAHistoneH4;ACYPI084268-PAHistoneH4;ACYPI067855-PAhistoneH4replacement-like	2656
39296000	27709000	41712000	0	25016000	49105000	60913000	0	48202000	67607000				16	16	10	14.5	14.5	10.8	170.19	0	110.62	624970000	64	ACYPI068671-PA ABC transporter	ACYPI068671-PAABCtransporter;ACYPI006066-PAmultidrugresistance-associatedprotein1-like;ACYPI003754-PAABCtransporter	ACYPI068671-PAABCtransporter	2658
88251000	115230000	117000000	120640000	111520000	121670000	126510000	126720000	142060000	174630000				6	6	6	26.7	26.7	26.7	28.816	0	67.742	1829500000	101	ACYPI082480-PA rieske iron-sulfur protein;ACYPI068701-PA cytochrome b-c1 complex subunit Rieske mitochondrial-like	ACYPI082480-PArieskeiron-sulfurprotein;ACYPI068701-PAcytochromeb-c1complexsubunitRieskemitochondrial-like	ACYPI082480-PArieskeiron-sulfurprotein;ACYPI068701-PAcytochromeb-c1complexsubunitRieskemitochondrial-like	2659
25597000	0	0	0	22595000	0	0	0	0	0				17	2	2	13.3	1.5	1.5	157.64	0	13.449	143420000	8	ACYPI069323-PA fatty acid synthase-like	ACYPI069323-PAfattyacidsynthase-like	ACYPI069323-PAfattyacidsynthase-like	2660
131150000	111140000	147240000	167790000	158470000	113550000	109860000	112950000	112440000	144250000				14	14	14	34.3	34.3	34.3	56.273	0	106.5	2127700000	90	ACYPI069326-PA Serine/threonine-protein phosphatase T	ACYPI069326-PASerine/threonine-proteinphosphataseT	ACYPI069326-PASerine/threonine-proteinphosphataseT	2661
55579000	56087000	109250000	58832000	67988000	0	0	41233000	42754000	45840000				11	11	11	20.4	20.4	20.4	76.496	0	52.836	800010000	44	ACYPI069332-PA acetyl coenzyme A synthase	ACYPI069332-PAacetylcoenzymeAsynthase	ACYPI069332-PAacetylcoenzymeAsynthase	2662
136180000	72517000	104050000	96502000	61788000	99215000	76013000	101380000	76360000	124350000				12	12	12	64.7	64.7	64.7	17.18	0	147.02	1497700000	75	ACYPI069450-PA RNA-binding protein Musashi homolog Rbp6-like	ACYPI069450-PARNA-bindingproteinMusashihomologRbp6-like	ACYPI069450-PARNA-bindingproteinMusashihomologRbp6-like	2667
186240000	245380000	245550000	242740000	285080000	197460000	205690000	216330000	187040000	208250000				7	7	7	34.3	34.3	34.3	32.806	0	97.017	3716700000	93	ACYPI069460-PA hypothetical protein LOC100574147;ACYPI087719-PA uncharacterized protein	ACYPI069460-PAhypotheticalproteinLOC100574147;ACYPI087719-PAuncharacterizedprotein;ACYPI009143-PAhypotheticalLOC100168443;ACYPI068567-PAhypotheticalproteinLOC100568762	ACYPI069460-PAhypotheticalproteinLOC100574147;ACYPI087719-PAuncharacterizedprotein	2668
2998000000	2469200000	2539300000	3129000000	2860500000	2833600000	1883800000	2095800000	1722300000	1668300000				45	45	45	80	80	80	58.081	0	323.31	40249000000	701	ACYPI069547-PA UDP-glucose pyrophosphorylase 2-like transcript variant 1;ACYPI007405-PA UTP--glucose-1-phosphate uridylyltransferase-like transcript variant 3	ACYPI069547-PAUDP-glucosepyrophosphorylase2-liketranscriptvariant1;ACYPI007405-PAUTP--glucose-1-phosphateuridylyltransferase-liketranscriptvariant3	ACYPI069547-PAUDP-glucosepyrophosphorylase2-liketranscriptvariant1;ACYPI007405-PAUTP--glucose-1-phosphateuridylyltransferase-liketranscriptvariant3	2669
0	0	0	0	0	0	0	9923200	8156900	0				2	2	2	19	19	19	11.449	0	20.127	99026000	15	ACYPI069611-PA DET1- and DDB1-associated protein 1-like	ACYPI069611-PADET1-andDDB1-associatedprotein1-like	ACYPI069611-PADET1-andDDB1-associatedprotein1-like	2670
912290000	1121400000	1067200000	1242600000	927620000	0	1197900000	839520000	1263100000	1550300000				2	2	2	13.6	13.6	13.6	22.263	0	12.723	14570000000	44	ACYPI081387-PA uncharacterized protein;ACYPI070485-PA uncharacterized protein	ACYPI081387-PAuncharacterizedprotein;ACYPI070485-PAuncharacterizedprotein	ACYPI081387-PAuncharacterizedprotein;ACYPI070485-PAuncharacterizedprotein	2677
76042000	64530000	0	59163000	84589000	76201000	68386000	0	0	0				4	4	4	8.7	8.7	8.7	59.136	0	30.811	817810000	25	ACYPI071016-PA uncharacterized protein	ACYPI071016-PAuncharacterizedprotein	ACYPI071016-PAuncharacterizedprotein	2678
0	0	0	0	14722000	0	0	0	0	14203000				2	2	2	9.5	9.5	9.5	28.906	0	11.41	93360000	12	ACYPI071169-PA GJ16015	ACYPI071169-PAGJ16015	ACYPI071169-PAGJ16015	2680
126420000	114630000	198270000	215700000	101990000	149800000	100380000	100490000	104480000	132580000				5	5	5	69.9	69.9	69.9	10.793	0	44.069	1989200000	51	ACYPI071231-PA small nuclear ribonucleoprotein E	ACYPI071231-PAsmallnuclearribonucleoproteinE	ACYPI071231-PAsmallnuclearribonucleoproteinE	2681
0	0	0	0	0	0	10908000	0	13017000	0				4	4	4	7.2	7.2	7.2	92.767	0	12.151	75979000	15	ACYPI071357-PA G-protein coupled receptor 158	ACYPI071357-PAG-proteincoupledreceptor158	ACYPI071357-PAG-proteincoupledreceptor158	2684
195710000	184620000	148150000	142240000	86053000	193220000	166900000	234610000	150840000	168250000				19	19	16	25.9	25.9	23.4	105.54	0	190.77	2552400000	127	ACYPI071951-PA aminopeptidase N-like	ACYPI071951-PAaminopeptidaseN-like;ACYPI089346-PAAminopeptidaseN;ACYPI061522-PAProteasem1zincmetalloprotease;ACYPI47606-PAAminopeptidaseN-likeprotein;ACYPI006366-PAAGAP000885-PA;ACYPI34486-PAaminopeptidase1-like;ACYPI067691-PAAminopeptidaseN-likeprotein;ACYPI33244-PAAminopeptidaseN-likeprotein;ACYPI003165-PAAminopeptidaseN-likeprotein;ACYPI002583-PAaminopeptidaseN-like;ACYPI005810-PAaminopeptidaseN-liketranscriptvariant2;ACYPI010198-PAaminopeptidaseN-like;ACYPI43770-PAAminopeptidaseN-likeprotein;ACYPI22605-PAaminopeptidase1-like	ACYPI071951-PAaminopeptidaseN-like	2685
433810000	418840000	440370000	348180000	424570000	574840000	408410000	346930000	497580000	321250000				13	13	13	49.8	49.8	49.8	29.686	0	100.88	7013300000	186	ACYPI072081-PA 14-alpha-glucan-branching enzyme-like	ACYPI072081-PA14-alpha-glucan-branchingenzyme-like	ACYPI072081-PA14-alpha-glucan-branchingenzyme-like	2688
63549000	68679000	53192000	100390000	88827000	0	79422000	91387000	56275000	65108000				20	20	20	35.8	35.8	35.8	65.622	0	106.29	999580000	86	ACYPI072101-PA ATPase family AAA domain-containing protein 3-like	ACYPI072101-PAATPasefamilyAAAdomain-containingprotein3-like	ACYPI072101-PAATPasefamilyAAAdomain-containingprotein3-like	2689
535380000	887450000	674180000	699690000	682110000	822150000	847130000	911220000	780620000	739920000				11	11	2	53.7	53.7	13.2	14.006	0	299.91	11847000000	135	ACYPI072184-PA V-type proton ATPase subunit G 3	ACYPI072184-PAV-typeprotonATPasesubunitG3	ACYPI072184-PAV-typeprotonATPasesubunitG3	2692
6095800000	6174500000	5969600000	5800000000	5773000000	7022700000	6732900000	7005500000	6926300000	6502600000				243	243	242	46.8	46.8	44.7	754.51	0	323.31	97625000000	2949	ACYPI072205-PA titin-like	ACYPI072205-PAtitin-like;ACYPI083443-PAuncharacterizedprotein	ACYPI072205-PAtitin-like	2693
32795000	46020000	61428000	48331000	36303000	0	0	0	0	0				7	7	7	14	14	14	96.043	0	27.176	327730000	23	ACYPI072228-PA Ubiquitin carboxyl-terminal hydrolase	ACYPI072228-PAUbiquitincarboxyl-terminalhydrolase;ACYPI003264-PAUbiquitincarboxyl-terminalhydrolase	ACYPI072228-PAUbiquitincarboxyl-terminalhydrolase	2694
493060000	626090000	615910000	532790000	492730000	587690000	569980000	549980000	699710000	562550000				20	12	12	29.6	19.3	19.3	85.457	0	257.97	8642700000	155	ACYPI072244-PA Phenoloxidase subunit 2	ACYPI072244-PAPhenoloxidasesubunit2	ACYPI072244-PAPhenoloxidasesubunit2	2695
214040000	205040000	254830000	259930000	274650000	272660000	194110000	196240000	240830000	225180000				21	21	21	41.2	41.2	41.2	60.52	0	323.31	3702900000	196	ACYPI072994-PA Aspartyl-tRNA synthetase	ACYPI072994-PAAspartyl-tRNAsynthetase;ACYPI007430-PAaspartyl-tRNAsynthetasecytoplasmic-liketranscriptvariant2	ACYPI072994-PAAspartyl-tRNAsynthetase	2700
73562000000	77074000000	79464000000	70280000000	73094000000	81052000000	76820000000	89101000000	79684000000	81025000000				50	50	4	85.1	85.1	13	41.785	0	323.31	1228500000000	2463	ACYPI073036-PA actin	ACYPI073036-PAactin	ACYPI073036-PAactin	2701
0	32072000	26590000	25117000	28987000	0	29040000	0	0	26403000				6	6	6	33.4	33.4	33.4	33.482	0	40.83	390020000	33	ACYPI073638-PA uncharacterized protein	ACYPI073638-PAuncharacterizedprotein	ACYPI073638-PAuncharacterizedprotein	2702
49403000	152090000	132930000	158640000	125070000	206540000	186670000	168210000	275890000	143470000				10	7	7	7.6	6.5	6.5	466.68	0	15.583	2566300000	69	ACYPI073648-PA neuroblast differentiation-associated protein AHNAK-like	ACYPI073648-PAneuroblastdifferentiation-associatedproteinAHNAK-like	ACYPI073648-PAneuroblastdifferentiation-associatedproteinAHNAK-like	2703
125380000	111650000	104520000	102680000	127020000	117250000	104200000	113600000	113050000	108620000				24	24	24	33.1	33.1	33.1	135.57	0	150.76	1807700000	153	ACYPI073731-PA Splicing factor 3B subunit 3	ACYPI073731-PASplicingfactor3Bsubunit3	ACYPI073731-PASplicingfactor3Bsubunit3	2704
37678000	0	47297000	44171000	48489000	48481000	49703000	52452000	62610000	56499000				11	11	11	47.4	47.4	47.4	38.274	0	37.01	793230000	47	ACYPI073803-PA guanosine monophosphate reductase 2	ACYPI073803-PAguanosinemonophosphatereductase2;ACYPI088511-PAGMPreductase2;gi|15616823|ref|NP_240035.1|guanosine5'-monophosphateoxidoreductase[Buchneraaphidicolastr.APS	ACYPI073803-PAguanosinemonophosphatereductase2	2706
0	0	0	0	0	0	16922000	0	0	17960000				5	5	5	6.7	6.7	6.7	139.38	0	18.587	130170000	18	ACYPI073873-PA Nck-associated protein 1	ACYPI073873-PANck-associatedprotein1	ACYPI073873-PANck-associatedprotein1	2708
3654100000	3645300000	3567000000	3651100000	3427100000	3438800000	3965000000	4092200000	3969000000	4055800000				166	166	166	69.2	69.2	69.2	276.21	0	323.31	57660000000	1830	ACYPI080240-PA Ref_XM_001946297 PREDICTED_ similar to spectrin	ACYPI080240-PARef_XM_001946297PREDICTED_similartospectrin	ACYPI080240-PARef_XM_001946297PREDICTED_similartospectrin	2712
0	0	0	0	0	24308000	0	0	22433000	25622000				5	5	3	26.9	26.9	17.8	26.868	0	18.776	170500000	21	ACYPI080807-PA Multidrug resistance-associated protein 1	ACYPI080807-PAMultidrugresistance-associatedprotein1;ACYPI084024-PACG14709;ACYPI072923-PAmultidrugresistanceprotein2atp-bindingcassetteproteinc;ACYPI006442-PAMultidrugresistanceprotein4;ACYPI005339-PAmultidrugresistance-associatedprotein4-like;ACYPI008595-PAMultidrugresistanceprotein4;ACYPI004533-PAmultidrugresistanceprotein2atp-bindingcassetteproteinc;ACYPI007210-PAmultidrugresistanceprotein2atp-bindingcassetteproteinc;ACYPI001390-PAprobablemultidrugresistance-associatedproteinlethal;ACYPI008842-PAmultidrugresistanceprotein2atp-bindingcassetteproteinc;ACYPI000359-PARef_XM_001942967PREDICTED_similartoAGAP006427-PB	ACYPI080807-PAMultidrugresistance-associatedprotein1	2715
1766000000	1537400000	1065800000	1050200000	1278000000	1633200000	3348100000	1838400000	3242800000	3407500000				21	21	21	56.9	56.9	56.9	21.126	0	226.52	28843000000	335	ACYPI089093-PA Histone H1;ACYPI085959-PA Histone H1;ACYPI080884-PA Histone H1;ACYPI088365-PA Histone H1;ACYPI065120-PA Histone H1	ACYPI089093-PAHistoneH1;ACYPI085959-PAHistoneH1;ACYPI080884-PAHistoneH1;ACYPI088365-PAHistoneH1;ACYPI065120-PAHistoneH1;ACYPI003621-PAHistoneH1;ACYPI006931-PAHistoneH1;ACYPI49515-PAGLEAN_29515;ACYPI084937-PAuncharacterizedprotein;ACYPI080756-PAuncharacterizedprotein;ACYPI31778-PAuncharacterizedprotein;ACYPI001223-PAHistoneH1	ACYPI089093-PAHistoneH1;ACYPI085959-PAHistoneH1;ACYPI080884-PAHistoneH1;ACYPI088365-PAHistoneH1;ACYPI065120-PAHistoneH1	2716
0	0	0	15859000	18912000	0	29264000	0	26766000	0				14	14	14	5.1	5.1	5.1	443.59	0	39.585	246390000	32	ACYPI081140-PA hypothetical protein LOC100165351	ACYPI081140-PAhypotheticalproteinLOC100165351	ACYPI081140-PAhypotheticalproteinLOC100165351	2719
40754000	38865000	59230000	36349000	0	0	0	0	0	36455000				4	4	4	26.1	26.1	26.1	28.658	0	19.306	560290000	30	ACYPI081906-PA Trifunctional purine biosynthetic protein adenosine-3	ACYPI081906-PATrifunctionalpurinebiosyntheticproteinadenosine-3	ACYPI081906-PATrifunctionalpurinebiosyntheticproteinadenosine-3	2723
1020700000	915750000	880350000	967420000	946780000	822750000	887940000	886550000	890780000	926370000				46	46	37	72.3	72.3	65	80.338	0	323.31	14296000000	452	ACYPI081909-PA DEAD-box ATP-dependent RNA helicase 20	ACYPI081909-PADEAD-boxATP-dependentRNAhelicase20	ACYPI081909-PADEAD-boxATP-dependentRNAhelicase20	2724
279280000	249710000	254100000	196660000	213250000	304760000	234090000	298040000	285720000	211590000				8	8	8	39.1	39.1	39.1	27.339	0	323.31	3746000000	115	ACYPI082610-PA Pdz domain containing protein	ACYPI082610-PAPdzdomaincontainingprotein	ACYPI082610-PAPdzdomaincontainingprotein	2728
96970000	23475000	18436000	31397000	53372000	0	0	0	0	0				6	6	6	16.8	16.8	16.8	42.787	0	28.331	352300000	23	ACYPI082655-PA Lysosomal aspartic protease	ACYPI082655-PALysosomalasparticprotease	ACYPI082655-PALysosomalasparticprotease	2729
596370000	252640000	203090000	253150000	340370000	201370000	255550000	196250000	227400000	257340000				8	5	5	23.9	14.4	14.4	29.022	0	144	4054100000	64	ACYPI082862-PA uncharacterized protein	ACYPI082862-PAuncharacterizedprotein	ACYPI082862-PAuncharacterizedprotein	2730
62195000	261770000	290620000	357110000	277970000	118520000	272940000	311490000	491200000	366880000				4	4	4	22.8	22.8	22.8	16.405	0	10.331	3891500000	49	ACYPI082934-PA hypothetical protein LOC100169376	ACYPI082934-PAhypotheticalproteinLOC100169376	ACYPI082934-PAhypotheticalproteinLOC100169376	2731
23855000	0	0	0	0	26684000	27116000	0	27074000	38394000				10	10	10	11.9	11.9	11.9	136.7	0	64.948	357800000	36	ACYPI083041-PA Ref_XM_001944308 PREDICTED_ similar to contactin	ACYPI083041-PARef_XM_001944308PREDICTED_similartocontactin;ACYPI007334-PAContactin	ACYPI083041-PARef_XM_001944308PREDICTED_similartocontactin	2732
77915000	0	67722000	0	68463000	123790000	203330000	115860000	101610000	114480000				1	1	1	19.6	19.6	19.6	6.3817	0	21.4	1432100000	28	ACYPI083213-PA ribosomal protein L39	ACYPI083213-PAribosomalproteinL39	ACYPI083213-PAribosomalproteinL39	2733
4116100000	3303600000	3585600000	4041700000	3669600000	5062700000	3465000000	5450100000	4416600000	2721100000				5	5	3	20.5	20.5	16.2	38.601	0	88.527	61254000000	88	ACYPI083475-PA uncharacterized protein	ACYPI083475-PAuncharacterizedprotein	ACYPI083475-PAuncharacterizedprotein	2734
10114000000	11358000000	9591100000	9499100000	8012500000	12270000000	10423000000	13208000000	10644000000	7655500000				3	3	3	19.7	19.7	19.7	32.1	0	164.31	160590000000	159	ACYPI085226-PA uncharacterized protein	ACYPI085226-PAuncharacterizedprotein	ACYPI085226-PAuncharacterizedprotein	2739
1309700000	1577200000	1585000000	1575700000	1127600000	1677500000	1836000000	1797000000	2083700000	1676700000				4	4	4	23.2	23.2	23.2	11	0	185.45	25585000000	93	ACYPI085471-PA hypothetical protein LOC100166325	ACYPI085471-PAhypotheticalproteinLOC100166325	ACYPI085471-PAhypotheticalproteinLOC100166325	2740
321720000	359890000	271280000	289600000	255790000	321230000	324880000	360830000	325830000	372080000				14	14	14	62.4	62.4	62.4	22.658	0	124.93	4800000000	166	ACYPI086445-PA Arginine kinase	ACYPI086445-PAArgininekinase	ACYPI086445-PAArgininekinase	2746
211520000	157190000	126720000	126540000	128530000	0	83821000	0	0	0				4	3	3	7.1	5.9	5.9	86.453	0	23.636	1574600000	26	ACYPI086446-PA uncharacterized family 31 glucosidase KIAA1161-like	ACYPI086446-PAuncharacterizedfamily31glucosidaseKIAA1161-like	ACYPI086446-PAuncharacterizedfamily31glucosidaseKIAA1161-like	2747
103140000	84921000	59970000	67413000	72907000	71068000	69079000	80032000	46824000	81978000				5	5	5	39.5	39.5	39.5	18.65	0	40.488	1092600000	56	ACYPI086514-PA arginine kinase-like protein	ACYPI086514-PAargininekinase-likeprotein	ACYPI086514-PAargininekinase-likeprotein	2748
1322600000	2134100000	957900000	772990000	333790000	1386600000	1372600000	2618000000	857620000	1515100000				10	10	9	55.4	55.4	55.4	20.329	0	257.82	19917000000	108	ACYPI56620-PA Cuticle protein;ACYPI086655-PA Cuticle protein	ACYPI56620-PACuticleprotein;ACYPI086655-PACuticleprotein	ACYPI56620-PACuticleprotein;ACYPI086655-PACuticleprotein	2749
101870000	143920000	181080000	170990000	162380000	141500000	126450000	162720000	148580000	119210000				4	4	4	18.5	18.5	18.5	46.471	0	40.381	2182000000	65	ACYPI086903-PA faa	ACYPI086903-PAfaa	ACYPI086903-PAfaa	2750
181090000	0	0	90889000	173580000	53845000	0	73696000	23525000	143290000				6	6	6	61.9	61.9	61.9	9.7316	0	129.11	2502000000	36	ACYPI087385-PA uncharacterized protein	ACYPI087385-PAuncharacterizedprotein	ACYPI087385-PAuncharacterizedprotein	2752
16465000	0	0	0	15637000	33569000	0	0	34429000	0				2	2	2	19.1	19.1	19.1	21.804	0	22.016	202070000	24	ACYPI087730-PA uncharacterized protein	ACYPI087730-PAuncharacterizedprotein	ACYPI087730-PAuncharacterizedprotein	2753
75184000	73233000	68641000	65643000	74927000	62491000	72314000	67051000	83262000	80575000				18	18	18	24.8	24.8	24.8	105.71	0	67.034	1150700000	108	ACYPI087735-PA AP-2 complex subunit alpha-like transcript variant 1	ACYPI087735-PAAP-2complexsubunitalpha-liketranscriptvariant1	ACYPI087735-PAAP-2complexsubunitalpha-liketranscriptvariant1	2754
114420000	127180000	146480000	117590000	128020000	138640000	126620000	138430000	155090000	153280000				27	27	27	28.7	28.7	28.7	155.12	0	177.24	2169500000	150	ACYPI088486-PA laminin beta-1 chain precursor	ACYPI088486-PAlamininbeta-1chainprecursor	ACYPI088486-PAlamininbeta-1chainprecursor	2757
37954000	35657000	26778000	28053000	33570000	0	26229000	0	0	41319000				7	7	7	23.8	23.8	23.8	38.702	0	37.372	364420000	33	ACYPI089370-PA laminin beta-1 chain precursor	ACYPI089370-PAlamininbeta-1chainprecursor	ACYPI089370-PAlamininbeta-1chainprecursor	2759
342780000	392530000	411720000	369400000	475800000	509720000	615060000	663750000	550200000	512060000				4	4	4	24.6	24.6	24.6	13.657	0	51.155	7005200000	82	ACYPI23643-PA uncharacterized protein	ACYPI23643-PAuncharacterizedprotein	ACYPI23643-PAuncharacterizedprotein	2767
16101000	0	12642000	0	12150000	0	0	0	0	0				4	4	4	6	6	6	108.78	0	12.011	115000000	23	ACYPI23892-PA Vitellogenin-5	ACYPI23892-PAVitellogenin-5	ACYPI23892-PAVitellogenin-5	2768
34519000	37859000	33860000	34010000	26996000	0	31686000	41406000	0	51184000				2	2	2	32.7	32.7	32.7	12.329	0	17.12	425390000	27	ACYPI25621-PA NADH dehydrogenase [ubiquinone] 1 alpha subcomplex subunit 7-like	ACYPI25621-PANADHdehydrogenase[ubiquinone]1alphasubcomplexsubunit7-like	ACYPI25621-PANADHdehydrogenase[ubiquinone]1alphasubcomplexsubunit7-like	2770
4537300000	7107700000	3550500000	2466400000	973620000	4775500000	4954000000	6896900000	1869900000	3591500000				8	2	0	51.9	26.3	0	16.681	0	46.01	60569000000	50	ACYPI26371-PA Cuticle protein	ACYPI26371-PACuticleprotein	ACYPI26371-PACuticleprotein	2772
49512000	58054000	54552000	63277000	51694000	54003000	0	53570000	70024000	55004000				14	14	14	8.5	8.5	8.5	245.31	0	45.756	830470000	60	ACYPI26472-PA fatty acid synthase	ACYPI26472-PAfattyacidsynthase;ACYPI061548-PAfattyacidsynthase;ACYPI071883-PAuncharacterizedprotein	ACYPI26472-PAfattyacidsynthase	2773
0	25579000	23296000	0	25893000	0	0	24211000	0	24734000				4	4	4	7.8	7.8	7.8	121.07	0	17.85	273380000	24	ACYPI29050-PA dna-binding protein elf-1	ACYPI29050-PAdna-bindingproteinelf-1	ACYPI29050-PAdna-bindingproteinelf-1	2776
46742000	29426000	35426000	41100000	39488000	0	33133000	45705000	45256000	37275000				4	4	4	19.7	19.7	19.7	25.104	0	32.161	514070000	41	ACYPI29249-PA dead end	ACYPI29249-PAdeadend	ACYPI29249-PAdeadend	2777
0	0	0	0	0	15698000	17115000	13989000	0	0				3	3	3	10.6	10.6	10.6	59.833	0	13.612	131290000	18	ACYPI29476-PA hypothetical protein LOC100573263	ACYPI29476-PAhypotheticalproteinLOC100573263	ACYPI29476-PAhypotheticalproteinLOC100573263	2779
39076000	44479000	48150000	34321000	40263000	60648000	49334000	61431000	69821000	86008000				2	2	2	25	25	25	7.4915	0	81.785	777050000	65	ACYPI32327-PA H/ACA ribonucleoprotein complex subunit 3-like protein-like	ACYPI32327-PAH/ACAribonucleoproteincomplexsubunit3-likeprotein-like	ACYPI32327-PAH/ACAribonucleoproteincomplexsubunit3-likeprotein-like	2786
864200000	428830000	303450000	431320000	700190000	207270000	209310000	162520000	142700000	342290000				8	8	3	68.3	68.3	20.2	12.53	0	179.32	6093700000	114	ACYPI33175-PA uncharacterized protein;ACYPI089222-PA uncharacterized protein	ACYPI33175-PAuncharacterizedprotein;ACYPI089222-PAuncharacterizedprotein;ACYPI089523-PAuncharacterizedprotein;ACYPI080214-PAuncharacterizedprotein;ACYPI089592-PAuncharacterizedprotein;ACYPI082644-PAhypotheticalproteinLOC100569226	ACYPI33175-PAuncharacterizedprotein;ACYPI089222-PAuncharacterizedprotein	2788
26764000	0	43780000	0	40644000	49145000	0	50161000	61044000	46858000				13	13	13	18.8	18.8	18.8	119.72	0	70.369	527190000	59	ACYPI34666-PA uncharacterized protein	ACYPI34666-PAuncharacterizedprotein	ACYPI34666-PAuncharacterizedprotein	2791
396130000	407540000	400960000	427460000	511110000	406760000	436070000	414820000	458220000	419550000				15	15	15	54.3	54.3	54.3	22.232	0	144.41	6596300000	152	ACYPI38240-PA Glutathione peroxidase	ACYPI38240-PAGlutathioneperoxidase	ACYPI38240-PAGlutathioneperoxidase	2797
111840000	190150000	250920000	210190000	220450000	209080000	276580000	237100000	311890000	266270000				21	19	19	9.2	8.6	8.6	424.17	0	81.619	3562500000	128	ACYPI38268-PA hypothetical protein LOC100167995	ACYPI38268-PAhypotheticalproteinLOC100167995	ACYPI38268-PAhypotheticalproteinLOC100167995	2798
40880000	49572000	37644000	48027000	57079000	0	41551000	37416000	29409000	32919000				6	6	6	33.3	33.3	33.3	16.81	0	29.469	585530000	45	ACYPI38901-PA single-stranded DNA-binding protein mitochondrial-like	ACYPI38901-PAsingle-strandedDNA-bindingproteinmitochondrial-like	ACYPI38901-PAsingle-strandedDNA-bindingproteinmitochondrial-like	2803
104690000	127160000	164310000	138740000	208210000	0	170700000	133760000	97252000	159930000				3	3	3	26.8	26.8	26.8	19.276	0	40.843	2205700000	48	ACYPI39258-PA hypothetical protein LOC100574244	ACYPI39258-PAhypotheticalproteinLOC100574244	ACYPI39258-PAhypotheticalproteinLOC100574244	2804
229860000	230080000	274060000	257830000	246980000	278420000	311550000	319940000	378770000	256490000				12	12	12	8.8	8.8	8.8	185.84	0	194.99	4240900000	131	ACYPI39637-PA hypothetical protein LOC100161108	ACYPI39637-PAhypotheticalproteinLOC100161108	ACYPI39637-PAhypotheticalproteinLOC100161108	2805
0	0	0	0	0	0	205360000	0	0	166390000				2	2	2	1.5	1.5	1.5	226.23	0.0087102	2.4206	916670000	13	ACYPI44238-PA uncharacterized protein	ACYPI44238-PAuncharacterizedprotein	ACYPI44238-PAuncharacterizedprotein	2810
175030000	173580000	130120000	0	0	226950000	0	234440000	244950000	0				2	2	2	1.3	1.3	1.3	278.74	0.0021209	3.0746	2085700000	26	ACYPI44253-PA uncharacterized protein	ACYPI44253-PAuncharacterizedprotein	ACYPI44253-PAuncharacterizedprotein	2811
41409000	38167000	67177000	51038000	47913000	0	60521000	42039000	39606000	49246000				5	5	5	57.6	57.6	57.6	9.7324	0	25.634	839720000	56	ACYPI44472-PA mitochondrial import inner membrane translocase subunit Tim13-like	ACYPI44472-PAmitochondrialimportinnermembranetranslocasesubunitTim13-like	ACYPI44472-PAmitochondrialimportinnermembranetranslocasesubunitTim13-like	2814
1885300000	5770100000	7980200000	8077900000	5338300000	2227000000	9575000000	9764800000	13678000000	10247000000				2	2	2	36.9	36.9	36.9	12.602	0	109.85	98005000000	79	ACYPI45293-PA GLEAN_25293	ACYPI45293-PAGLEAN_25293	ACYPI45293-PAGLEAN_25293	2815
0	13832000	12784000	0	0	0	13891000	0	12745000	0				1	1	1	8.3	8.3	8.3	13.85	0.0071453	2.5895	126300000	20	ACYPI46564-PA hypothetical protein LOC100574948	ACYPI46564-PAhypotheticalproteinLOC100574948	ACYPI46564-PAhypotheticalproteinLOC100574948	2817
577140000	579820000	594660000	600190000	631780000	603920000	570880000	613960000	649750000	583290000				19	19	19	22.8	22.8	22.8	116.98	0	323.31	9249200000	258	ACYPI47121-PA lingerer	ACYPI47121-PAlingerer	ACYPI47121-PAlingerer	2818
60044000	83019000	97271000	87047000	91063000	116580000	116640000	114210000	137890000	115280000				5	5	5	53.3	53.3	53.3	10.61	0	31.489	1429400000	74	ACYPI51775-PA hypothetical protein LOC100572234	ACYPI51775-PAhypotheticalproteinLOC100572234	ACYPI51775-PAhypotheticalproteinLOC100572234	2829
506150000	562700000	591380000	587930000	648310000	543460000	439340000	602010000	567020000	497030000				25	25	25	66.3	66.3	66.3	45.299	0	113.44	8818300000	252	ACYPI52009-PA Obg-like ATPase 1	ACYPI52009-PAObg-likeATPase1	ACYPI52009-PAObg-likeATPase1	2830
0	35621000	34503000	0	0	44777000	39116000	37044000	66917000	45522000				5	5	5	9.5	9.5	9.5	70.428	0	27.119	421420000	38	ACYPI52316-PA titin-like transcript variant 2	ACYPI52316-PAtitin-liketranscriptvariant2	ACYPI52316-PAtitin-liketranscriptvariant2	2832
171770000	82285000	80436000	87636000	112220000	94257000	74490000	81002000	0	48872000				3	3	3	19.2	19.2	19.2	21.148	0	152.35	1437900000	47	ACYPI53105-PA hypothetical protein LOC100573174	ACYPI53105-PAhypotheticalproteinLOC100573174	ACYPI53105-PAhypotheticalproteinLOC100573174	2837
31410000	35090000	27524000	27820000	0	0	42942000	48604000	48673000	43856000				2	2	2	42.6	42.6	42.6	6.5625	0	7.5506	486580000	32	ACYPI53781-PA GLEAN_33781	ACYPI53781-PAGLEAN_33781	ACYPI53781-PAGLEAN_33781	2838
204120000	180140000	167500000	176680000	219220000	195320000	209850000	155350000	184130000	206780000				5	5	5	42.3	42.3	42.3	12.369	0	122.98	2822000000	54	ACYPI54405-PA uncharacterized protein	ACYPI54405-PAuncharacterizedprotein	ACYPI54405-PAuncharacterizedprotein	2840
407220000	425430000	605030000	521940000	442940000	444470000	529960000	462330000	594480000	529170000				7	7	7	34.1	34.1	34.1	19.116	0	320.5	7377200000	118	ACYPI54406-PA uncharacterized protein	ACYPI54406-PAuncharacterizedprotein	ACYPI54406-PAuncharacterizedprotein	2841
60129000	67324000	76889000	57006000	65757000	70438000	59645000	80723000	0	76517000				4	1	1	15	5.6	5.6	32.7	0	59.71	1028100000	32	ACYPI54815-PA Protein BCP1	ACYPI54815-PAProteinBCP1	ACYPI54815-PAProteinBCP1	2842
114800000	137700000	187000000	169840000	148060000	148950000	144190000	182570000	0	0				3	2	2	36.9	28.5	28.5	13.699	0	47.59	2172000000	33	ACYPI55078-PA microtubule-associated protein Jupiter-like	ACYPI55078-PAmicrotubule-associatedproteinJupiter-like	ACYPI55078-PAmicrotubule-associatedproteinJupiter-like	2845
59322000	50525000	67056000	66056000	72554000	0	58951000	52793000	60583000	64873000				3	3	3	45	45	45	9.0823	0	11.925	865180000	38	ACYPI55202-PA U6 snRNA-associated Sm-like protein LSm6	ACYPI55202-PAU6snRNA-associatedSm-likeproteinLSm6	ACYPI55202-PAU6snRNA-associatedSm-likeproteinLSm6	2847
31940000	36484000	0	0	29590000	0	0	0	0	0				5	5	5	15.6	15.6	15.6	56.814	0	20.928	146700000	16	ACYPI55567-PA Serine/threonine-protein phosphatase 4 regulatory subunit 2	ACYPI55567-PASerine/threonine-proteinphosphatase4regulatorysubunit2	ACYPI55567-PASerine/threonine-proteinphosphatase4regulatorysubunit2	2848
148730000	146370000	166060000	169580000	155960000	163880000	145080000	157060000	130680000	142230000				18	18	18	57.6	57.6	57.6	53.638	0	179.35	2380700000	144	ACYPI56077-PA Adenylosuccinate lyase;ACYPI001812-PA Adenylosuccinate lyase	ACYPI56077-PAAdenylosuccinatelyase;ACYPI001812-PAAdenylosuccinatelyase	ACYPI56077-PAAdenylosuccinatelyase;ACYPI001812-PAAdenylosuccinatelyase	2853
212510000	182240000	196200000	175360000	191010000	170540000	169870000	144960000	198430000	189830000				35	35	35	27.2	27.2	27.2	228.38	0	198.44	2912900000	165	ACYPI56610-PA chromodomain-helicase-DNA-binding protein Mi-2 homolog	ACYPI56610-PAchromodomain-helicase-DNA-bindingproteinMi-2homolog	ACYPI56610-PAchromodomain-helicase-DNA-bindingproteinMi-2homolog	2855
504250000	870150000	343430000	322600000	103520000	480370000	511430000	883450000	0	621080000				10	7	7	28.7	23.2	23.2	31.927	0	98.695	7549900000	58	ACYPI56622-PA Cuticle protein	ACYPI56622-PACuticleprotein	ACYPI56622-PACuticleprotein	2857
0	28405000	0	0	0	0	38088000	0	27936000	0				2	2	2	12.4	12.4	12.4	21.088	0	6.2428	206020000	10	ACYPI56626-PA mitochondrial ribosomal protein L48	ACYPI56626-PAmitochondrialribosomalproteinL48	ACYPI56626-PAmitochondrialribosomalproteinL48	2858
27882000	39529000	34396000	23659000	26040000	43311000	43267000	35951000	48323000	40589000				10	10	10	13.5	13.5	13.5	142.79	0	46.598	512920000	76	ACYPI56635-PA MAP/microtubule affinity-regulating kinase 3-like transcript variant 1	ACYPI56635-PAMAP/microtubuleaffinity-regulatingkinase3-liketranscriptvariant1	ACYPI56635-PAMAP/microtubuleaffinity-regulatingkinase3-liketranscriptvariant1	2859
53134000	48331000	51749000	54140000	46350000	59369000	43021000	52100000	47645000	33270000				19	19	19	20.8	20.8	20.8	146.51	0	80.962	844850000	83	ACYPI56642-PA Phosphoribosylformylglycinamidine synthase	ACYPI56642-PAPhosphoribosylformylglycinamidinesynthase	ACYPI56642-PAPhosphoribosylformylglycinamidinesynthase	2860
0	0	59298000	0	62028000	0	0	0	0	0				3	3	3	16.3	16.3	16.3	38.554	0	64.063	542090000	25	ACYPI56652-PA kynurenine/alpha-aminoadipate aminotransferase mitochondrial-like	ACYPI56652-PAkynurenine/alpha-aminoadipateaminotransferasemitochondrial-like	ACYPI56652-PAkynurenine/alpha-aminoadipateaminotransferasemitochondrial-like	2862
0	0	0	0	0	0	0	46027000	34583000	0				3	3	3	14.1	14.1	14.1	28.925	0	12.358	260480000	16	ACYPI56654-PA 3-hydroxyacyl-CoA dehydrogenase type-2-like transcript variant 1	ACYPI56654-PA3-hydroxyacyl-CoAdehydrogenasetype-2-liketranscriptvariant1	ACYPI56654-PA3-hydroxyacyl-CoAdehydrogenasetype-2-liketranscriptvariant1	2863
424780000	381060000	348440000	405660000	489400000	129200000	345220000	329970000	246010000	233620000				14	14	14	47.3	47.3	47.3	43.93	0	257.41	5120000000	148	ACYPI56655-PA acetyl-CoA acetyltransferase B mitochondrial-like	ACYPI56655-PAacetyl-CoAacetyltransferaseBmitochondrial-like	ACYPI56655-PAacetyl-CoAacetyltransferaseBmitochondrial-like	2864
97803000	91416000	121270000	82038000	77860000	112450000	89554000	111150000	102160000	94656000				26	26	26	34.8	34.8	34.8	98.114	0	188.6	1550700000	136	ACYPI56734-PA dynamin 1 transcript variant 1	ACYPI56734-PAdynamin1transcriptvariant1	ACYPI56734-PAdynamin1transcriptvariant1	2865
0	18526000	20905000	31891000	0	14089000	0	0	0	27227000				4	4	4	4.1	4.1	4.1	154.32	0	19.24	273330000	32	ACYPI56865-PA Ref_XM_001948179 PREDICTED_ similar to gag-pol polyprotein	ACYPI56865-PARef_XM_001948179PREDICTED_similartogag-polpolyprotein	ACYPI56865-PARef_XM_001948179PREDICTED_similartogag-polpolyprotein	2866
11468000000	10182000000	7861700000	9657700000	9485600000	7463300000	9948700000	9351900000	8814500000	11238000000				44	44	42	91.9	91.9	89.8	32.704	0	323.31	146450000000	859	ACYPI56897-PA tropomyosin-like	ACYPI56897-PAtropomyosin-like	ACYPI56897-PAtropomyosin-like	2867
7883500000	11202000000	8516300000	10780000000	9992700000	12245000000	13576000000	11686000000	11542000000	10337000000			+	10	10	10	47.2	47.2	47.2	24.409	0	323.31	159850000000	198		CON__P00761	CON__P00761	2869
35956000	0	0	0	24927000	0	42858000	0	0	0			+	19	8	8	36.4	21	21	51.621	0	57.427	1027500000	23		CON__P02533;CON__Q04695;CON__Q9QWL7;CON__A2A4G1;CON__Q6IFX2;CON__P19012;CON__P08727;CON__Q61782;CON__P35900;CON__Q9D312	CON__P02533	2870
29921000	116220000	0	0	227410000	38151000	92135000	0	0	0			+	27	17	9	48.2	36.7	22	60.044	0	151.4	1002400000	38	;;	CON__P02538;CON__P48668;CON__P04259;CON__Q8VED5;CON__P19013	CON__P02538;CON__P48668;CON__P04259	2871
2862700000	1669100000	476840000	1648100000	1669500000	1613400000	2306500000	1470200000	723810000	1076400000			+	39	37	28	54	54	43.6	66.017	0	323.31	31067000000	483		CON__P04264;CON__H-INV:HIT000016045	CON__P04264	2876
0	78122000	0	0	166330000	21186000	0	0	0	0			+	23	17	12	50.1	44.8	34.7	51.267	0	323.31	896210000	36		CON__P08779;CON__Q9Z2K1;CON__Q3ZAW8	CON__P08779	2877
958670000	627360000	27748000	764350000	420540000	554240000	1303400000	658520000	130240000	330790000			+	38	38	30	61.7	61.7	55.5	59.51	0	323.31	12637000000	263		CON__P13645;CON__P02535-1;CON__Q7Z3Y7;CON__Q7Z3Z0;CON__Q7Z3Y8;CON__Q99456;CON__Q14525;CON__Q9UE12;CON__Q15323;CON__A2A5Y0;CON__Q92764;CON__Q14532;CON__A2AB72;CON__Q497I4;CON__O76015;CON__O76013;CON__Q7Z3Y9;CON__O76014;CON__REFSEQ:XP_986630;CON__Q2M2I5	CON__P13645	2878
49418000	43150000	0	0	17130000	32053000	0	0	0	0			+	21	11	3	31.7	17.8	5.9	62.378	0	114.74	429180000	39		CON__P13647	CON__P13647	2879
2117000000	1041000000	287350000	1178900000	994120000	1121600000	1789400000	704600000	528660000	921350000			+	32	31	31	57.5	57.5	57.5	62.129	0	323.31	20619000000	334		CON__P35527	CON__P35527	2880
795230000	481930000	0	814550000	327280000	383580000	1079200000	444450000	70808000	201570000			+	40	40	24	70.9	70.9	53.8	65.865	0	323.31	12005000000	190		CON__P35908;CON__Q5XKE5;CON__Q01546;CON__Q6NXH9	CON__P35908	2881
30927000	0	0	12152000	14531000	0	0	0	0	0			+	5	5	5	5	5	5	282.39	0	60.796	147580000	23		CON__Q86YZ3	CON__Q86YZ3	2883
20234000	21719000	0	19331000	24923000	0	0	0	13998000	0				7	4	4	12.1	7.6	7.6	56.635	0	8.4051	200570000	21	gi|15616636|ref|NP_239848.1| F0F1 ATP synthase subunit alpha [Buchnera aphidicola str. APS	gi|15616636|ref|NP_239848.1|F0F1ATPsynthasesubunitalpha[Buchneraaphidicolastr.APS	gi|15616636|ref|NP_239848.1|F0F1ATPsynthasesubunitalpha[Buchneraaphidicolastr.APS	2884
364880000	301010000	371470000	314090000	320740000	245270000	229820000	265820000	164140000	210350000				19	19	19	47.7	47.7	47.7	51.31	0	290.13	4341700000	179	gi|15616638|ref|NP_239850.1| F0F1 ATP synthase subunit beta [Buchnera aphidicola str. APS	gi|15616638|ref|NP_239850.1|F0F1ATPsynthasesubunitbeta[Buchneraaphidicolastr.APS	gi|15616638|ref|NP_239850.1|F0F1ATPsynthasesubunitbeta[Buchneraaphidicolastr.APS	2885
7719600000	6758700000	6153400000	5953100000	6139900000	7355500000	6421000000	8130800000	6303200000	4649300000				5	5	5	61.5	61.5	61.5	10.244	0	74.539	97411000000	104	gi|15616647|ref|NP_239859.1| co-chaperonin GroES [Buchnera aphidicola str. APS	gi|15616647|ref|NP_239859.1|co-chaperoninGroES[Buchneraaphidicolastr.APS	gi|15616647|ref|NP_239859.1|co-chaperoninGroES[Buchneraaphidicolastr.APS	2886
50496000000	43567000000	38410000000	39135000000	36698000000	41050000000	35762000000	41042000000	27938000000	36689000000				62	62	62	81.6	81.6	81.6	57.911	0	323.31	609630000000	1817	gi|15616648|ref|NP_239860.1| chaperonin GroEL [Buchnera aphidicola str. APS	gi|15616648|ref|NP_239860.1|chaperoninGroEL[Buchneraaphidicolastr.APS	gi|15616648|ref|NP_239860.1|chaperoninGroEL[Buchneraaphidicolastr.APS	2887
0	0	0	0	0	0	0	24823000	0	20557000				3	3	3	7.7	7.7	7.7	87.915	0	5.6957	242460000	28	gi|15616659|ref|NP_239871.1| 5-methyltetrahydropteroyltriglutamate--homocysteine methyltransferase [Buchnera aphidicola str. APS	gi|15616659|ref|NP_239871.1|5-methyltetrahydropteroyltriglutamate--homocysteinemethyltransferase[Buchneraaphidicolastr.APS	gi|15616659|ref|NP_239871.1|5-methyltetrahydropteroyltriglutamate--homocysteinemethyltransferase[Buchneraaphidicolastr.APS	2888
24381000	0	0	31687000	41946000	0	25905000	19791000	0	27366000				7	7	7	7	7	7	156.94	0	25.193	312010000	25	gi|15616662|ref|NP_239874.1| DNA-directed RNA polymerase subunit beta [Buchnera aphidicola str. APS	gi|15616662|ref|NP_239874.1|DNA-directedRNApolymerasesubunitbeta'[Buchneraaphidicolastr.APS	gi|15616662|ref|NP_239874.1|DNA-directedRNApolymerasesubunitbeta'[Buchneraaphidicolastr.APS	2890
50717000	0	0	33527000	42837000	0	0	0	0	34684000				10	10	10	11.1	11.1	11.1	151.47	0	23.506	409550000	38	gi|15616663|ref|NP_239875.1| DNA-directed RNA polymerase subunit beta [Buchnera aphidicola str. APS	gi|15616663|ref|NP_239875.1|DNA-directedRNApolymerasesubunitbeta[Buchneraaphidicolastr.APS	gi|15616663|ref|NP_239875.1|DNA-directedRNApolymerasesubunitbeta[Buchneraaphidicolastr.APS	2891
565830000	178230000	251330000	154180000	145060000	414230000	188940000	372060000	277520000	127680000				7	7	7	54.1	54.1	54.1	13.439	0	124.01	3661500000	73	gi|15616664|ref|NP_239876.1| 50S ribosomal protein L7/L12 [Buchnera aphidicola str. APS	gi|15616664|ref|NP_239876.1|50SribosomalproteinL7/L12[Buchneraaphidicolastr.APS	gi|15616664|ref|NP_239876.1|50SribosomalproteinL7/L12[Buchneraaphidicolastr.APS	2892
42578000	38188000	30329000	31580000	31429000	0	38804000	0	0	32615000				4	4	4	27.5	27.5	27.5	15.393	0	8.7886	408500000	33	gi|15616667|ref|NP_239879.1| 50S ribosomal protein L11 [Buchnera aphidicola str. APS	gi|15616667|ref|NP_239879.1|50SribosomalproteinL11[Buchneraaphidicolastr.APS;ACYPI063366-PA50SribosomalproteinL11	gi|15616667|ref|NP_239879.1|50SribosomalproteinL11[Buchneraaphidicolastr.APS	2895
199560000	33444000	50397000	56798000	81050000	0	0	0	0	51649000				4	4	4	13.4	13.4	13.4	45.072	0	27.447	656780000	21	gi|15616675|ref|NP_239887.1| argininosuccinate synthase [Buchnera aphidicola str. APS	gi|15616675|ref|NP_239887.1|argininosuccinatesynthase[Buchneraaphidicolastr.APS	gi|15616675|ref|NP_239887.1|argininosuccinatesynthase[Buchneraaphidicolastr.APS	2897
0	25913000	0	26839000	0	0	0	0	0	0				2	2	2	4.6	4.6	4.6	52.377	0	7.0757	239270000	18	gi|15616676|ref|NP_239888.1| argininosuccinate lyase [Buchnera aphidicola str. APS	gi|15616676|ref|NP_239888.1|argininosuccinatelyase[Buchneraaphidicolastr.APS	gi|15616676|ref|NP_239888.1|argininosuccinatelyase[Buchneraaphidicolastr.APS	2898
41261000	54532000	0	39725000	42831000	58135000	55777000	54782000	46625000	55873000				5	5	5	43.7	43.7	43.7	8.5781	0	16.819	666490000	46	gi|15616682|ref|NP_239894.1| 30S ribosomal protein S21 [Buchnera aphidicola str. APS	gi|15616682|ref|NP_239894.1|30SribosomalproteinS21[Buchneraaphidicolastr.APS	gi|15616682|ref|NP_239894.1|30SribosomalproteinS21[Buchneraaphidicolastr.APS	2899
16711000	0	27228000	25128000	20029000	48732000	0	0	36442000	40454000				1	1	1	27.3	27.3	27.3	6.4516	0	8.2656	348410000	26	gi|15616707|ref|NP_239919.1| 50S ribosomal protein L33 [Buchnera aphidicola str. APS	gi|15616707|ref|NP_239919.1|50SribosomalproteinL33[Buchneraaphidicolastr.APS	gi|15616707|ref|NP_239919.1|50SribosomalproteinL33[Buchneraaphidicolastr.APS	2903
52721000	0	37138000	0	31119000	0	30549000	0	0	0				3	3	3	17	17	17	20.763	0	14.712	365750000	21	gi|15616710|ref|NP_239922.1| inorganic pyrophosphatase [Buchnera aphidicola str. APS	gi|15616710|ref|NP_239922.1|inorganicpyrophosphatase[Buchneraaphidicolastr.APS	gi|15616710|ref|NP_239922.1|inorganicpyrophosphatase[Buchneraaphidicolastr.APS	2904
49033000	56385000	44630000	0	52531000	25573000	32821000	26519000	0	0				4	4	4	13.6	13.6	13.6	35.564	0	28.027	491180000	30	gi|15616714|ref|NP_239926.1| transaldolase B [Buchnera aphidicola str. APS	gi|15616714|ref|NP_239926.1|transaldolaseB[Buchneraaphidicolastr.APS	gi|15616714|ref|NP_239926.1|transaldolaseB[Buchneraaphidicolastr.APS	2906
0	0	40432000	0	41397000	0	21261000	26874000	0	0				2	2	2	7.1	7.1	7.1	32.244	0	5.8668	355600000	19	gi|15616717|ref|NP_239929.1| dihydrodipicolinate synthase [Buchnera aphidicola str. APS	gi|15616717|ref|NP_239929.1|dihydrodipicolinatesynthase[Buchneraaphidicolastr.APS	gi|15616717|ref|NP_239929.1|dihydrodipicolinatesynthase[Buchneraaphidicolastr.APS	2908
0	14468000	19633000	9939600	0	0	0	11926000	0	14009000				2	2	2	8.5	8.5	8.5	38.821	0	8.0383	140060000	26	gi|15616718|ref|NP_239930.1| chorismate synthase [Buchnera aphidicola str. APS	gi|15616718|ref|NP_239930.1|chorismatesynthase[Buchneraaphidicolastr.APS	gi|15616718|ref|NP_239930.1|chorismatesynthase[Buchneraaphidicolastr.APS	2909
13814000	0	0	0	6128800	0	0	0	0	0				6	6	6	27.1	27.1	27.1	33.415	0	25.49	64918000	15	gi|15616720|ref|NP_239932.1| ATP phosphoribosyltransferase [Buchnera aphidicola str. APS	gi|15616720|ref|NP_239932.1|ATPphosphoribosyltransferase[Buchneraaphidicolastr.APS;ACYPI069163-PAATPphosphoribosyltransferase	gi|15616720|ref|NP_239932.1|ATPphosphoribosyltransferase[Buchneraaphidicolastr.APS	2910
29823000	47115000	32258000	0	36123000	50206000	0	30598000	22676000	37832000				6	6	6	12.2	12.2	12.2	53.573	0	26.221	620030000	34	gi|15616728|ref|NP_239940.1| 6-phosphogluconate dehydrogenase [Buchnera aphidicola str. APS	gi|15616728|ref|NP_239940.1|6-phosphogluconatedehydrogenase[Buchneraaphidicolastr.APS	gi|15616728|ref|NP_239940.1|6-phosphogluconatedehydrogenase[Buchneraaphidicolastr.APS	2914
0	23728000	23600000	0	19514000	24987000	0	22737000	21383000	26666000				1	1	1	6.6	6.6	6.6	18.333	0.008982	2.3719	325270000	29	gi|15616734|ref|NP_239946.1| ferredoxin II [Buchnera aphidicola str. APS	gi|15616734|ref|NP_239946.1|ferredoxinII[Buchneraaphidicolastr.APS	gi|15616734|ref|NP_239946.1|ferredoxinII[Buchneraaphidicolastr.APS	2915
73943000	40699000	51506000	59123000	64918000	34987000	55095000	53026000	28134000	50999000				5	5	5	23	23	23	38.888	0	42.245	889120000	64	gi|15616744|ref|NP_239956.1| phospho-2-dehydro-3-deoxyheptonate aldolase [Buchnera aphidicola str. APS	gi|15616744|ref|NP_239956.1|phospho-2-dehydro-3-deoxyheptonatealdolase[Buchneraaphidicolastr.APS;ACYPI009328-PAhypotheticalproteinLOC100168647	gi|15616744|ref|NP_239956.1|phospho-2-dehydro-3-deoxyheptonatealdolase[Buchneraaphidicolastr.APS	2916
23810000	0	0	30660000	0	0	0	0	0	0				2	2	2	2.4	2.4	2.4	91.92	0.0031546	2.9881	152710000	16	gi|15616750|ref|NP_239962.1| phenylalanyl-tRNA synthetase beta chain [Buchnera aphidicola str. APS	gi|15616750|ref|NP_239962.1|phenylalanyl-tRNAsynthetasebetachain[Buchneraaphidicolastr.APS	gi|15616750|ref|NP_239962.1|phenylalanyl-tRNAsynthetasebetachain[Buchneraaphidicolastr.APS	2918
73438000	66072000	52990000	61365000	60874000	63927000	57214000	69541000	62733000	54273000				10	10	10	12.2	12.2	12.2	120.51	0	68.485	935480000	80	gi|15616764|ref|NP_239976.1| carbamoyl phosphate synthase large subunit [Buchnera aphidicola str. APS	gi|15616764|ref|NP_239976.1|carbamoylphosphatesynthaselargesubunit[Buchneraaphidicolastr.APS	gi|15616764|ref|NP_239976.1|carbamoylphosphatesynthaselargesubunit[Buchneraaphidicolastr.APS	2919
86741000	85462000	68973000	58492000	63785000	77772000	69982000	83805000	64290000	50670000				4	4	4	11.7	11.7	11.7	42.344	0	32.771	1093100000	55	gi|15616772|ref|NP_239984.1| DnaJ protein [Buchnera aphidicola str. APS	gi|15616772|ref|NP_239984.1|DnaJprotein[Buchneraaphidicolastr.APS	gi|15616772|ref|NP_239984.1|DnaJprotein[Buchneraaphidicolastr.APS	2921
4928600000	4296300000	3946400000	3960000000	3946300000	3916700000	3515400000	4162300000	2640000000	3247600000				33	33	32	47.6	47.6	47.6	70.042	0	323.31	60990000000	622	gi|15616773|ref|NP_239985.1| DnaK protein [Buchnera aphidicola str. APS	gi|15616773|ref|NP_239985.1|DnaKprotein[Buchneraaphidicolastr.APS;ACYPI088221-PAChaperoneproteinDnaK	gi|15616773|ref|NP_239985.1|DnaKprotein[Buchneraaphidicolastr.APS	2922
545910000	516110000	547510000	513150000	503630000	522900000	372520000	489970000	377510000	369540000				7	7	7	32	32	32	22.362	0	110.49	7451300000	114	gi|15616801|ref|NP_240013.1| alkyl hydroperoxide reductase [Buchnera aphidicola str. APS	gi|15616801|ref|NP_240013.1|alkylhydroperoxidereductase[Buchneraaphidicolastr.APS	gi|15616801|ref|NP_240013.1|alkylhydroperoxidereductase[Buchneraaphidicolastr.APS	2927
0	0	13826000	0	0	11891000	11157000	14780000	0	0				3	3	3	9.6	9.6	9.6	21.726	0	4.3757	89023000	16	gi|15616803|ref|NP_240015.1| heat shock protein GrpE2 [Buchnera aphidicola str. APS	gi|15616803|ref|NP_240015.1|heatshockproteinGrpE2[Buchneraaphidicolastr.APS	gi|15616803|ref|NP_240015.1|heatshockproteinGrpE2[Buchneraaphidicolastr.APS	2928
219360000	243960000	191370000	225080000	228220000	181870000	193570000	195560000	205280000	188560000				3	3	3	15.3	15.3	15.3	23.632	0	102.42	3092500000	58	gi|15616808|ref|NP_240020.1| superoxide dismutase [Buchnera aphidicola str. APS	gi|15616808|ref|NP_240020.1|superoxidedismutase[Buchneraaphidicolastr.APS	gi|15616808|ref|NP_240020.1|superoxidedismutase[Buchneraaphidicolastr.APS	2930
18715000	0	0	22217000	19344000	0	0	0	0	18936000				4	4	4	12.6	12.6	12.6	48.659	0	56.437	272520000	26	gi|15616811|ref|NP_240023.1| threonine synthase [Buchnera aphidicola str. APS	gi|15616811|ref|NP_240023.1|threoninesynthase[Buchneraaphidicolastr.APS	gi|15616811|ref|NP_240023.1|threoninesynthase[Buchneraaphidicolastr.APS	2931
34009000	0	0	0	0	0	28436000	0	0	37331000				4	4	4	8.3	8.3	8.3	91.808	0	40.034	377630000	27	gi|15616813|ref|NP_240025.1| bifunctional aspartokinase I/homeserine dehydrogenase I [Buchnera aphidicola str. APS	gi|15616813|ref|NP_240025.1|bifunctionalaspartokinaseI/homeserinedehydrogenaseI[Buchneraaphidicolastr.APS	gi|15616813|ref|NP_240025.1|bifunctionalaspartokinaseI/homeserinedehydrogenaseI[Buchneraaphidicolastr.APS	2933
135840000	103630000	83368000	92214000	86681000	53902000	47124000	62728000	46840000	87285000				11	11	11	40.9	40.9	40.9	41.308	0	56.552	1381000000	70	gi|15616831|ref|NP_240043.1| cell division protein FtsZ [Buchnera aphidicola str. APS	gi|15616831|ref|NP_240043.1|celldivisionproteinFtsZ[Buchneraaphidicolastr.APS	gi|15616831|ref|NP_240043.1|celldivisionproteinFtsZ[Buchneraaphidicolastr.APS	2935
0	0	15273000	16152000	0	0	17162000	14178000	0	0				3	3	3	9.1	9.1	9.1	63.176	0	15.126	162630000	24	gi|15616843|ref|NP_240056.1| acetolactate synthase large subunit [Buchnera aphidicola str. APS	gi|15616843|ref|NP_240056.1|acetolactatesynthaselargesubunit[Buchneraaphidicolastr.APS	gi|15616843|ref|NP_240056.1|acetolactatesynthaselargesubunit[Buchneraaphidicolastr.APS	2937
50918000	0	41822000	44442000	30913000	0	0	33263000	0	30914000				4	4	4	13.4	13.4	13.4	52.229	0	26.915	568690000	40	gi|15616844|ref|NP_240057.1| serine endoprotease [Buchnera aphidicola str. APS	gi|15616844|ref|NP_240057.1|serineendoprotease[Buchneraaphidicolastr.APS	gi|15616844|ref|NP_240057.1|serineendoprotease[Buchneraaphidicolastr.APS	2938
67261000	61638000	0	61208000	59444000	69607000	0	0	0	57772000				3	3	3	9.9	9.9	9.9	31.184	0	7.0268	875210000	23	gi|15616845|ref|NP_240058.1| 2345-tetrahydropyridine-2-carboxylate N-succinyltransferase [Buchnera aphidicola str. APS	gi|15616845|ref|NP_240058.1|2345-tetrahydropyridine-2-carboxylateN-succinyltransferase[Buchneraaphidicolastr.APS	gi|15616845|ref|NP_240058.1|2345-tetrahydropyridine-2-carboxylateN-succinyltransferase[Buchneraaphidicolastr.APS	2939
65236000	57156000	52023000	46254000	38660000	75626000	64241000	68214000	61197000	56113000				6	6	6	27.5	27.5	27.5	27.663	0	19.06	878080000	55	gi|15616847|ref|NP_240060.1| 30S ribosomal protein S2 [Buchnera aphidicola str. APS	gi|15616847|ref|NP_240060.1|30SribosomalproteinS2[Buchneraaphidicolastr.APS	gi|15616847|ref|NP_240060.1|30SribosomalproteinS2[Buchneraaphidicolastr.APS	2941
57914000	50164000	57711000	87995000	63260000	77105000	39998000	0	34209000	52797000				3	3	3	16.8	16.8	16.8	21.609	0	41.187	796410000	35	gi|15616850|ref|NP_240063.1| ribosome recycling factor [Buchnera aphidicola str. APS	gi|15616850|ref|NP_240063.1|ribosomerecyclingfactor[Buchneraaphidicolastr.APS	gi|15616850|ref|NP_240063.1|ribosomerecyclingfactor[Buchneraaphidicolastr.APS	2943
191540000	104990000	111870000	122610000	96766000	91974000	114550000	109660000	104510000	97649000				5	5	5	14.3	14.3	14.3	36.947	0	22.662	1731500000	56	gi|15616908|ref|NP_240121.1| glyceraldehyde 3-phosphate dehydrogenase A [Buchnera aphidicola str. APS	gi|15616908|ref|NP_240121.1|glyceraldehyde3-phosphatedehydrogenaseA[Buchneraaphidicolastr.APS	gi|15616908|ref|NP_240121.1|glyceraldehyde3-phosphatedehydrogenaseA[Buchneraaphidicolastr.APS	2945
54977000	0	61331000	0	54798000	42584000	39700000	0	0	33599000				2	2	2	8.4	8.4	8.4	35.278	0	51.233	592400000	23	gi|15616915|ref|NP_240128.1| 6-phosphofructokinase [Buchnera aphidicola str. APS	gi|15616915|ref|NP_240128.1|6-phosphofructokinase[Buchneraaphidicolastr.APS	gi|15616915|ref|NP_240128.1|6-phosphofructokinase[Buchneraaphidicolastr.APS	2948
105560000	199030000	188020000	185120000	162570000	250840000	187790000	189130000	112200000	168240000				14	14	14	23.8	23.8	23.8	62.773	0	128.38	2693800000	110	gi|15616919|ref|NP_240132.1| 30S ribosomal protein S1 [Buchnera aphidicola str. APS	gi|15616919|ref|NP_240132.1|30SribosomalproteinS1[Buchneraaphidicolastr.APS	gi|15616919|ref|NP_240132.1|30SribosomalproteinS1[Buchneraaphidicolastr.APS	2949
79696000	0	131270000	125560000	97261000	127850000	124000000	119380000	0	0				3	3	3	55.6	55.6	55.6	8.3767	0	46.913	1319100000	24	gi|15616924|ref|NP_240137.1| translation initiation factor IF-1 [Buchnera aphidicola str. APS	gi|15616924|ref|NP_240137.1|translationinitiationfactorIF-1[Buchneraaphidicolastr.APS	gi|15616924|ref|NP_240137.1|translationinitiationfactorIF-1[Buchneraaphidicolastr.APS	2950
1197700000	876130000	905570000	1042600000	1134900000	941630000	790050000	848190000	595590000	756620000				5	5	5	72.5	72.5	72.5	7.5264	0	219.22	13409000000	74	gi|15616931|ref|NP_240144.1| cold shock-like protein CspC [Buchnera aphidicola str. APS	gi|15616931|ref|NP_240144.1|coldshock-likeproteinCspC[Buchneraaphidicolastr.APS	gi|15616931|ref|NP_240144.1|coldshock-likeproteinCspC[Buchneraaphidicolastr.APS	2952
99977000	101210000	100800000	98279000	130830000	90304000	70091000	109760000	96492000	77404000				3	3	3	20	20	20	28.054	0	62.376	1398300000	44	gi|15616948|ref|NP_240161.1| flagellar basal body rod protein FlgG [Buchnera aphidicola str. APS	gi|15616948|ref|NP_240161.1|flagellarbasalbodyrodproteinFlgG[Buchneraaphidicolastr.APS	gi|15616948|ref|NP_240161.1|flagellarbasalbodyrodproteinFlgG[Buchneraaphidicolastr.APS	2954
0	295930000	304750000	233140000	0	322200000	251450000	438300000	0	241490000				2	2	2	6	6	6	42.698	0	52.904	4193300000	32	gi|15616964|ref|NP_240177.1| OmpF-like porin [Buchnera aphidicola str. APS	gi|15616964|ref|NP_240177.1|OmpF-likeporin[Buchneraaphidicolastr.APS	gi|15616964|ref|NP_240177.1|OmpF-likeporin[Buchneraaphidicolastr.APS	2955
0	0	0	39478000	0	0	0	0	0	20381000				4	4	4	9.2	9.2	9.2	38.865	0	5.8551	376670000	20	gi|15616973|ref|NP_240186.1| ornithine carbamoyltransferase subunit I [Buchnera aphidicola str. APS	gi|15616973|ref|NP_240186.1|ornithinecarbamoyltransferasesubunitI[Buchneraaphidicolastr.APS	gi|15616973|ref|NP_240186.1|ornithinecarbamoyltransferasesubunitI[Buchneraaphidicolastr.APS	2958
156100000	101740000	81248000	61936000	105870000	96245000	86605000	73632000	68202000	77151000				16	16	16	31.1	31.1	31.1	68.805	0	83.586	1313400000	72	gi|15616977|ref|NP_240190.1| ATP-dependent RNA helicase DeaD [Buchnera aphidicola str. APS	gi|15616977|ref|NP_240190.1|ATP-dependentRNAhelicaseDeaD[Buchneraaphidicolastr.APS	gi|15616977|ref|NP_240190.1|ATP-dependentRNAhelicaseDeaD[Buchneraaphidicolastr.APS	2960
20007000	19802000	0	17610000	21614000	0	0	0	0	0				5	5	5	7.6	7.6	7.6	78.233	0	11.504	160560000	22	gi|15616978|ref|NP_240191.1| polynucleotide phosphorylase/polyadenylase [Buchnera aphidicola str. APS	gi|15616978|ref|NP_240191.1|polynucleotidephosphorylase/polyadenylase[Buchneraaphidicolastr.APS	gi|15616978|ref|NP_240191.1|polynucleotidephosphorylase/polyadenylase[Buchneraaphidicolastr.APS	2961
88139000	59025000	52905000	70338000	56909000	87224000	0	0	0	0				6	6	4	9.8	9.8	7.3	97.517	0	44.585	687170000	39	gi|15616982|ref|NP_240195.1| translation initiation factor IF-2 [Buchnera aphidicola str. APS	gi|15616982|ref|NP_240195.1|translationinitiationfactorIF-2[Buchneraaphidicolastr.APS	gi|15616982|ref|NP_240195.1|translationinitiationfactorIF-2[Buchneraaphidicolastr.APS	2962
34018000	28556000	35112000	43789000	41509000	35411000	34239000	36590000	35513000	0				4	4	4	21.4	21.4	21.4	17.983	0	49.087	534450000	63	gi|15616988|ref|NP_240201.1| transcription elongation factor GreA [Buchnera aphidicola str. APS	gi|15616988|ref|NP_240201.1|transcriptionelongationfactorGreA[Buchneraaphidicolastr.APS	gi|15616988|ref|NP_240201.1|transcriptionelongationfactorGreA[Buchneraaphidicolastr.APS	2964
28992000	22608000	24766000	0	0	26519000	0	28211000	0	27317000				4	4	4	9.3	9.3	9.3	52.977	0	10.149	300450000	23	gi|15617002|ref|NP_240215.1| TldD protein [Buchnera aphidicola str. APS	gi|15617002|ref|NP_240215.1|TldDprotein[Buchneraaphidicolastr.APS	gi|15617002|ref|NP_240215.1|TldDprotein[Buchneraaphidicolastr.APS	2966
16146000	21066000	23264000	19196000	18314000	19857000	0	0	0	0				4	4	4	12.2	12.2	12.2	41.705	0	20.408	248940000	34	gi|15617010|ref|NP_240223.1| S-adenosylmethionine synthetase [Buchnera aphidicola str. APS	gi|15617010|ref|NP_240223.1|S-adenosylmethioninesynthetase[Buchneraaphidicolastr.APS	gi|15617010|ref|NP_240223.1|S-adenosylmethioninesynthetase[Buchneraaphidicolastr.APS	2968
44568000	35907000	39182000	40276000	39686000	32223000	24347000	27336000	0	25565000				7	7	7	17	17	17	68.506	0	34.103	526400000	36	gi|15617032|ref|NP_240245.1| GTP-binding protein BipA [Buchnera aphidicola str. APS	gi|15617032|ref|NP_240245.1|GTP-bindingproteinBipA[Buchneraaphidicolastr.APS	gi|15617032|ref|NP_240245.1|GTP-bindingproteinBipA[Buchneraaphidicolastr.APS	2970
14168000	19136000	0	17304000	17152000	0	24445000	0	0	0				2	2	2	7.8	7.8	7.8	41.473	0	19.317	179700000	21	gi|15617047|ref|NP_240260.1| aspartate-semialdehyde dehydrogenase [Buchnera aphidicola str. APS	gi|15617047|ref|NP_240260.1|aspartate-semialdehydedehydrogenase[Buchneraaphidicolastr.APS	gi|15617047|ref|NP_240260.1|aspartate-semialdehydedehydrogenase[Buchneraaphidicolastr.APS	2971
32599000	32438000	0	0	35053000	0	0	0	0	0				3	3	3	8.4	8.4	8.4	48.008	0	10.168	213930000	14	gi|15617074|ref|NP_240287.1| ATP-dependent protease ATP-binding subunit [Buchnera aphidicola str. APS	gi|15617074|ref|NP_240287.1|ATP-dependentproteaseATP-bindingsubunit[Buchneraaphidicolastr.APS	gi|15617074|ref|NP_240287.1|ATP-dependentproteaseATP-bindingsubunit[Buchneraaphidicolastr.APS	2975
525180000	468690000	591620000	480420000	609950000	351480000	280520000	404770000	244870000	296610000				12	12	12	21.8	21.8	21.8	72.815	0	232.83	6469600000	120	gi|15617081|ref|NP_240294.1| heat shock protein 90 [Buchnera aphidicola str. APS	gi|15617081|ref|NP_240294.1|heatshockprotein90[Buchneraaphidicolastr.APS	gi|15617081|ref|NP_240294.1|heatshockprotein90[Buchneraaphidicolastr.APS	2977
2088900000	1177600000	821370000	1206700000	1659000000	799430000	1047500000	746740000	530470000	1048900000				6	6	6	78.3	78.3	78.3	7.4112	0	169.12	16243000000	136	gi|15617086|ref|NP_240299.1| cold shock protein CspE [Buchnera aphidicola str. APS	gi|15617086|ref|NP_240299.1|coldshockproteinCspE[Buchneraaphidicolastr.APS	gi|15617086|ref|NP_240299.1|coldshockproteinCspE[Buchneraaphidicolastr.APS	2978
69327000	59533000	0	0	44820000	0	0	54846000	59674000	53271000				4	4	4	12.6	12.6	12.6	23.846	0	51.072	648570000	30	gi|15617094|ref|NP_240307.1| 30S ribosomal protein S4 [Buchnera aphidicola str. APS	gi|15617094|ref|NP_240307.1|30SribosomalproteinS4[Buchneraaphidicolastr.APS	gi|15617094|ref|NP_240307.1|30SribosomalproteinS4[Buchneraaphidicolastr.APS	2981
50195000	0	45180000	45907000	0	0	0	0	46405000	0				4	4	4	28.2	28.2	28.2	14.208	0	66.152	621000000	17	gi|15617095|ref|NP_240308.1| 30S ribosomal protein S11 [Buchnera aphidicola str. APS	gi|15617095|ref|NP_240308.1|30SribosomalproteinS11[Buchneraaphidicolastr.APS	gi|15617095|ref|NP_240308.1|30SribosomalproteinS11[Buchneraaphidicolastr.APS	2982
76343000	68329000	65641000	47964000	71253000	39669000	81353000	64131000	55837000	59046000				5	5	5	33.9	33.9	33.9	13.546	0	73.518	1029900000	35	gi|15617096|ref|NP_240309.1| 30S ribosomal protein S13 [Buchnera aphidicola str. APS	gi|15617096|ref|NP_240309.1|30SribosomalproteinS13[Buchneraaphidicolastr.APS	gi|15617096|ref|NP_240309.1|30SribosomalproteinS13[Buchneraaphidicolastr.APS	2983
150260000	152980000	152140000	169010000	172130000	177210000	146900000	187800000	181750000	132620000				6	6	6	43.1	43.1	43.1	17.881	0	80.239	2420400000	70	gi|15617101|ref|NP_240314.1| 30S ribosomal protein S5 [Buchnera aphidicola str. APS	gi|15617101|ref|NP_240314.1|30SribosomalproteinS5[Buchneraaphidicolastr.APS	gi|15617101|ref|NP_240314.1|30SribosomalproteinS5[Buchneraaphidicolastr.APS	2985
81612000	66606000	0	0	59952000	0	65368000	0	52729000	64859000				2	2	2	12.8	12.8	12.8	20.294	0	9.9217	633140000	24	gi|15617106|ref|NP_240319.1| 50S ribosomal protein L5 [Buchnera aphidicola str. APS	gi|15617106|ref|NP_240319.1|50SribosomalproteinL5[Buchneraaphidicolastr.APS	gi|15617106|ref|NP_240319.1|50SribosomalproteinL5[Buchneraaphidicolastr.APS	2988
92116000	90923000	67631000	54196000	68681000	77808000	78534000	84722000	0	81589000				2	2	2	21.3	21.3	21.3	13.443	0	18.954	1084400000	31	gi|15617108|ref|NP_240321.1| 50S ribosomal protein L14 [Buchnera aphidicola str. APS	gi|15617108|ref|NP_240321.1|50SribosomalproteinL14[Buchneraaphidicolastr.APS	gi|15617108|ref|NP_240321.1|50SribosomalproteinL14[Buchneraaphidicolastr.APS	2989
63976000	80118000	0	0	52294000	71448000	68489000	71353000	69250000	87327000				4	4	4	14.6	14.6	14.6	26.586	0	22.205	882510000	39	gi|15617112|ref|NP_240325.1| 30S ribosomal protein S3 [Buchnera aphidicola str. APS	gi|15617112|ref|NP_240325.1|30SribosomalproteinS3[Buchneraaphidicolastr.APS	gi|15617112|ref|NP_240325.1|30SribosomalproteinS3[Buchneraaphidicolastr.APS	2991
100860000	109470000	61941000	54454000	69098000	132280000	120640000	104370000	110360000	130200000				8	8	8	27.8	27.8	27.8	30.361	0	32.559	1476400000	93	gi|15617115|ref|NP_240328.1| 50S ribosomal protein L2 [Buchnera aphidicola str. APS	gi|15617115|ref|NP_240328.1|50SribosomalproteinL2[Buchneraaphidicolastr.APS	gi|15617115|ref|NP_240328.1|50SribosomalproteinL2[Buchneraaphidicolastr.APS	2994
54421000	35207000	0	34555000	42095000	22832000	0	0	0	0				2	2	2	13.4	13.4	13.4	22.629	0	17.731	413630000	22	gi|15617117|ref|NP_240330.1| 50S ribosomal protein L4 [Buchnera aphidicola str. APS	gi|15617117|ref|NP_240330.1|50SribosomalproteinL4[Buchneraaphidicolastr.APS	gi|15617117|ref|NP_240330.1|50SribosomalproteinL4[Buchneraaphidicolastr.APS	2995
66144000	59517000	63948000	0	56038000	59193000	67588000	75077000	0	62492000				4	4	4	23.4	23.4	23.4	22.841	0	21.68	904670000	37	gi|15617118|ref|NP_240331.1| 50S ribosomal protein L3 [Buchnera aphidicola str. APS	gi|15617118|ref|NP_240331.1|50SribosomalproteinL3[Buchneraaphidicolastr.APS	gi|15617118|ref|NP_240331.1|50SribosomalproteinL3[Buchneraaphidicolastr.APS	2996
169930000	108460000	95971000	84620000	82959000	94532000	65107000	106740000	76580000	65383000				7	7	7	38.8	38.8	38.8	11.811	0	36.536	1470600000	82	gi|15617119|ref|NP_240332.1| 30S ribosomal protein S10 [Buchnera aphidicola str. APS	gi|15617119|ref|NP_240332.1|30SribosomalproteinS10[Buchneraaphidicolastr.APS	gi|15617119|ref|NP_240332.1|30SribosomalproteinS10[Buchneraaphidicolastr.APS	2997
118950000	177310000	172580000	125030000	136310000	115090000	121640000	80027000	82008000	100910000				11	11	11	24.6	24.6	24.6	78.182	0	92.393	1857500000	73	gi|15617121|ref|NP_240334.1| elongation factor G [Buchnera aphidicola str. APS	gi|15617121|ref|NP_240334.1|elongationfactorG[Buchneraaphidicolastr.APS;ACYPI062035-PAElongationfactorG	gi|15617121|ref|NP_240334.1|elongationfactorG[Buchneraaphidicolastr.APS	2998
0	37969000	0	0	58848000	0	0	0	0	0				4	4	4	31.4	31.4	31.4	18.065	0	17.978	300800000	22	gi|15617122|ref|NP_240335.1| 30S ribosomal protein S7 [Buchnera aphidicola str. APS	gi|15617122|ref|NP_240335.1|30SribosomalproteinS7[Buchneraaphidicolastr.APS	gi|15617122|ref|NP_240335.1|30SribosomalproteinS7[Buchneraaphidicolastr.APS	2999
0	0	0	0	0	19737000	0	18770000	25874000	0				3	3	3	25.8	25.8	25.8	13.801	0	6.4382	192020000	18	gi|15617123|ref|NP_240336.1| 30S ribosomal protein S12 [Buchnera aphidicola str. APS	gi|15617123|ref|NP_240336.1|30SribosomalproteinS12[Buchneraaphidicolastr.APS	gi|15617123|ref|NP_240336.1|30SribosomalproteinS12[Buchneraaphidicolastr.APS	3000
31409000	0	0	0	17510000	0	0	0	0	0				3	3	3	8.5	8.5	8.5	40.297	0	9.2872	178630000	17	gi|15617132|ref|NP_240345.1| 3-dehydroquinate synthase [Buchnera aphidicola str. APS	gi|15617132|ref|NP_240345.1|3-dehydroquinatesynthase[Buchneraaphidicolastr.APS	gi|15617132|ref|NP_240345.1|3-dehydroquinatesynthase[Buchneraaphidicolastr.APS	3002
51868000	47621000	0	0	0	39701000	36484000	47881000	0	29746000				3	3	3	23.1	23.1	23.1	19.764	0	6.9502	388070000	24	gi|15617133|ref|NP_240346.1| shikimate kinase I [Buchnera aphidicola str. APS	gi|15617133|ref|NP_240346.1|shikimatekinaseI[Buchneraaphidicolastr.APS	gi|15617133|ref|NP_240346.1|shikimatekinaseI[Buchneraaphidicolastr.APS	3003
195840000	136150000	115680000	121920000	155470000	132720000	178160000	191200000	132370000	94598000				6	6	6	30.4	30.4	30.4	19.356	0	33.036	2105100000	53	gi|15617138|ref|NP_240351.1| single-strand binding protein [Buchnera aphidicola str. APS	gi|15617138|ref|NP_240351.1|single-strandbindingprotein[Buchneraaphidicolastr.APS	gi|15617138|ref|NP_240351.1|single-strandbindingprotein[Buchneraaphidicolastr.APS	3005
117360000	115330000	99114000	104560000	90430000	123500000	75225000	94537000	81644000	91956000				13	13	13	36.8	36.8	36.8	49.906	0	74.963	1560600000	81	gi|15617169|ref|NP_240382.1| ATP-dependent protease ATP-binding subunit [Buchnera aphidicola str. APS	gi|15617169|ref|NP_240382.1|ATP-dependentproteaseATP-bindingsubunit[Buchneraaphidicolastr.APS	gi|15617169|ref|NP_240382.1|ATP-dependentproteaseATP-bindingsubunit[Buchneraaphidicolastr.APS	3008
215600000	215850000	175710000	200340000	192850000	197220000	159710000	189770000	144380000	145190000				23	23	23	53.5	53.5	53.5	46.888	0	130.59	2755900000	182	gi|15617182|ref|NP_240395.1| transcription termination factor Rho [Buchnera aphidicola str. APS	gi|15617182|ref|NP_240395.1|transcriptionterminationfactorRho[Buchneraaphidicolastr.APS	gi|15617182|ref|NP_240395.1|transcriptionterminationfactorRho[Buchneraaphidicolastr.APS	3009
141980000	117240000	99682000	116770000	121130000	93401000	94019000	89937000	0	83510000				5	5	5	8	8	8	55.827	0	52.491	1536300000	45	gi|15617185|ref|NP_240398.1| ketol-acid reductoisomerase [Buchnera aphidicola str. APS	gi|15617185|ref|NP_240398.1|ketol-acidreductoisomerase[Buchneraaphidicolastr.APS	gi|15617185|ref|NP_240398.1|ketol-acidreductoisomerase[Buchneraaphidicolastr.APS	3010
78880000	67666000	60227000	61637000	72380000	73853000	0	66639000	50601000	70256000				3	3	3	9.1	9.1	9.1	67.356	0	49.743	957630000	49	gi|15617186|ref|NP_240399.1| dihydroxy-acid dehydratase [Buchnera aphidicola str. APS	gi|15617186|ref|NP_240399.1|dihydroxy-aciddehydratase[Buchneraaphidicolastr.APS	gi|15617186|ref|NP_240399.1|dihydroxy-aciddehydratase[Buchneraaphidicolastr.APS	3011
30561000	31277000	27508000	25395000	32674000	23427000	0	32446000	18004000	0				5	5	5	9.9	9.9	9.9	45.161	0	15.314	325360000	36	gi|15617187|ref|NP_240400.1| hypothetical protein BU602 [Buchnera aphidicola str. APS	gi|15617187|ref|NP_240400.1|hypotheticalproteinBU602[Buchneraaphidicolastr.APS	gi|15617187|ref|NP_240400.1|hypotheticalproteinBU602[Buchneraaphidicolastr.APS	3012
60544000	61769000	55316000	57035000	60019000	44002000	51184000	45247000	41214000	48894000				5	5	5	39.4	39.4	39.4	13.711	0	16.547	741140000	68	gi|15617188|ref|NP_240401.1| scaffold protein [Buchnera aphidicola str. APS	gi|15617188|ref|NP_240401.1|scaffoldprotein[Buchneraaphidicolastr.APS	gi|15617188|ref|NP_240401.1|scaffoldprotein[Buchneraaphidicolastr.APS	3013
30650000	0	0	0	19258000	0	0	0	0	0				2	2	2	15.3	15.3	15.3	19.317	0	18.219	181820000	9	gi|228965512|ref|NP_240381.2| ATP-dependent protease peptidase subunit [Buchnera aphidicola str. APS	gi|228965512|ref|NP_240381.2|ATP-dependentproteasepeptidasesubunit[Buchneraaphidicolastr.APS	gi|228965512|ref|NP_240381.2|ATP-dependentproteasepeptidasesubunit[Buchneraaphidicolastr.APS	3015
4480200000	4208800000	3407400000	3580800000	4256100000	3129400000	3202500000	3583300000	2736000000	3500600000				32	32	32	78.9	78.9	78.9	43.464	0	323.31	56202000000	669	gi|28952057|ref|NP_240333.2| elongation factor Tu [Buchnera aphidicola str. APS	gi|28952057|ref|NP_240333.2|elongationfactorTu[Buchneraaphidicolastr.APS	gi|28952057|ref|NP_240333.2|elongationfactorTu[Buchneraaphidicolastr.APS	3018
0	30550000	0	0	0	0	0	0	60420000	0		+		1	1	1	0	0	0	63.021	0.00075614	3.9587	296630000	17	ACYPI005547-PA uncharacterized protein;ACYPI007782-PA hypothetical protein LOC100166950	REV__ACYPI005547-PAuncharacterizedprotein;REV__ACYPI007782-PAhypotheticalproteinLOC100166950	REV__ACYPI005547-PAuncharacterizedprotein;REV__ACYPI007782-PAhypotheticalproteinLOC100166950	3025
0	0	0	53800000	70406000	0	0	0	0	60857000		+		2	2	2	0	0	0	224.55	0.00038745	4.373	729580000	21	ACYPI008178-PA Myosin heavy chain	REV__ACYPI008178-PAMyosinheavychain	REV__ACYPI008178-PAMyosinheavychain	3029
0	11722000	0	5721700	0	14737000	0	13438000	16168000	9894000		+		1	1	1	0	0	0	43.681	0.0028199	3.0329	126700000	25	ACYPI089290-PA GLEAN_16705	REV__ACYPI089290-PAGLEAN_16705	REV__ACYPI089290-PAGLEAN_16705	3037
